{"level":"\u001b[32minfo\u001b[39m","message":"\u001b[32m⚠️  Database connection is currently disabled - using dummy data\u001b[39m","timestamp":"2025-11-18 20:55:42:5542"}
{"level":"\u001b[32minfo\u001b[39m","message":"\u001b[32m✅ Application is ready to use with in-memory data\u001b[39m","timestamp":"2025-11-18 20:55:42:5542"}
{"level":"\u001b[32minfo\u001b[39m","message":"\u001b[32m🚀 Server is running on port 3000\u001b[39m","timestamp":"2025-11-18 20:55:42:5542"}
{"level":"\u001b[32minfo\u001b[39m","message":"\u001b[32m📚 API Documentation: http://localhost:3000/api-docs\u001b[39m","timestamp":"2025-11-18 20:55:42:5542"}
{"level":"\u001b[32minfo\u001b[39m","message":"\u001b[32m🔍 API v1: http://localhost:3000/api/v1\u001b[39m","timestamp":"2025-11-18 20:55:42:5542"}
{"level":"\u001b[32minfo\u001b[39m","message":"\u001b[32m❤️  Health check: http://localhost:3000/health\u001b[39m","timestamp":"2025-11-18 20:55:42:5542"}
{"level":"\u001b[32minfo\u001b[39m","message":"\u001b[32m\u001b[0mGET /api-doc \u001b[33m404\u001b[0m 4.791 ms - 146\u001b[0m\u001b[39m","timestamp":"2025-11-18 20:56:24:5624"}
{"level":"\u001b[32minfo\u001b[39m","message":"\u001b[32m\u001b[0mGET /api-docs/ \u001b[33m404\u001b[0m 0.529 ms - 148\u001b[0m\u001b[39m","timestamp":"2025-11-18 20:56:26:5626"}
{"level":"\u001b[32minfo\u001b[39m","message":"\u001b[32m\u001b[0mGET /api/v1 \u001b[32m200\u001b[0m 5.329 ms - 96\u001b[0m\u001b[39m","timestamp":"2025-11-18 20:56:45:5645"}
{"level":"\u001b[32minfo\u001b[39m","message":"\u001b[32m\u001b[0mGET /favicon.ico \u001b[33m404\u001b[0m 0.710 ms - 150\u001b[0m\u001b[39m","timestamp":"2025-11-18 20:56:46:5646"}
{"level":"\u001b[32minfo\u001b[39m","message":"\u001b[32m⚠️  Database connection is currently disabled - using dummy data\u001b[39m","timestamp":"2025-11-18 20:57:51:5751"}
{"level":"\u001b[32minfo\u001b[39m","message":"\u001b[32m✅ Application is ready to use with in-memory data\u001b[39m","timestamp":"2025-11-18 20:57:51:5751"}
{"level":"\u001b[32minfo\u001b[39m","message":"\u001b[32m🚀 Server is running on port 3000\u001b[39m","timestamp":"2025-11-18 20:57:51:5751"}
{"level":"\u001b[32minfo\u001b[39m","message":"\u001b[32m📚 API Documentation: http://localhost:3000/api-docs\u001b[39m","timestamp":"2025-11-18 20:57:51:5751"}
{"level":"\u001b[32minfo\u001b[39m","message":"\u001b[32m🔍 API v1: http://localhost:3000/api/v1\u001b[39m","timestamp":"2025-11-18 20:57:51:5751"}
{"level":"\u001b[32minfo\u001b[39m","message":"\u001b[32m❤️  Health check: http://localhost:3000/health\u001b[39m","timestamp":"2025-11-18 20:57:51:5751"}
{"level":"\u001b[32minfo\u001b[39m","message":"\u001b[32m\u001b[0mGET / \u001b[33m404\u001b[0m 3.976 ms - 139\u001b[0m\u001b[39m","timestamp":"2025-11-18 20:57:57:5757"}
{"level":"\u001b[32minfo\u001b[39m","message":"\u001b[32m\u001b[0mGET /api/v1 \u001b[36m304\u001b[0m 3.500 ms - -\u001b[0m\u001b[39m","timestamp":"2025-11-18 20:58:00:580"}
{"level":"\u001b[32minfo\u001b[39m","message":"\u001b[32m\u001b[0mGET /api-docs \u001b[33m404\u001b[0m 0.790 ms - 147\u001b[0m\u001b[39m","timestamp":"2025-11-18 20:58:08:588"}
{"level":"\u001b[32minfo\u001b[39m","message":"\u001b[32m\u001b[0mPOST /api/v1/api/v1/auth/login \u001b[33m404\u001b[0m 1.289 ms - 164\u001b[0m\u001b[39m","timestamp":"2025-11-18 21:08:27:827"}
{"level":"\u001b[32minfo\u001b[39m","message":"\u001b[32m\u001b[0mPOST /api/v1/api/v1/auth/login \u001b[33m404\u001b[0m 0.329 ms - 164\u001b[0m\u001b[39m","timestamp":"2025-11-18 21:08:43:843"}
{"level":"\u001b[32minfo\u001b[39m","message":"\u001b[32m\u001b[0mPOST /api/v1/auth/login \u001b[33m401\u001b[0m 185.556 ms - 49\u001b[0m\u001b[39m","timestamp":"2025-11-18 21:08:54:854"}
{"level":"\u001b[32minfo\u001b[39m","message":"\u001b[32m\u001b[0mPOST /api/v1/auth/login \u001b[33m401\u001b[0m 61.542 ms - 49\u001b[0m\u001b[39m","timestamp":"2025-11-18 21:09:11:911"}
{"level":"\u001b[32minfo\u001b[39m","message":"\u001b[32m\u001b[0mPOST /api/v1/auth/login \u001b[33m401\u001b[0m 66.241 ms - 49\u001b[0m\u001b[39m","timestamp":"2025-11-18 21:09:42:942"}
{"level":"\u001b[32minfo\u001b[39m","message":"\u001b[32m\u001b[0mPOST /api/v1/auth/login \u001b[33m401\u001b[0m 59.331 ms - 49\u001b[0m\u001b[39m","timestamp":"2025-11-18 21:15:07:157"}
{"level":"\u001b[32minfo\u001b[39m","message":"\u001b[32m\u001b[0mPOST /api/v1/auth/login \u001b[33m401\u001b[0m 59.456 ms - 49\u001b[0m\u001b[39m","timestamp":"2025-11-18 21:15:34:1534"}
{"level":"\u001b[32minfo\u001b[39m","message":"\u001b[32m\u001b[0mPOST /api/v1/auth/login \u001b[33m401\u001b[0m 59.239 ms - 49\u001b[0m\u001b[39m","timestamp":"2025-11-18 21:16:39:1639"}
{"level":"\u001b[32minfo\u001b[39m","message":"\u001b[32m\u001b[0mPOST /api/v1/auth/login \u001b[33m401\u001b[0m 65.017 ms - 49\u001b[0m\u001b[39m","timestamp":"2025-11-18 21:17:00:170"}
{"level":"\u001b[32minfo\u001b[39m","message":"\u001b[32m⚠️  Database connection is currently disabled - using dummy data\u001b[39m","timestamp":"2025-11-18 21:17:41:1741"}
{"level":"\u001b[32minfo\u001b[39m","message":"\u001b[32m✅ Application is ready to use with in-memory data\u001b[39m","timestamp":"2025-11-18 21:17:41:1741"}
{"level":"\u001b[32minfo\u001b[39m","message":"\u001b[32m🚀 Server is running on port 3000\u001b[39m","timestamp":"2025-11-18 21:17:41:1741"}
{"level":"\u001b[32minfo\u001b[39m","message":"\u001b[32m📚 API Documentation: http://localhost:3000/api-docs\u001b[39m","timestamp":"2025-11-18 21:17:41:1741"}
{"level":"\u001b[32minfo\u001b[39m","message":"\u001b[32m🔍 API v1: http://localhost:3000/api/v1\u001b[39m","timestamp":"2025-11-18 21:17:41:1741"}
{"level":"\u001b[32minfo\u001b[39m","message":"\u001b[32m❤️  Health check: http://localhost:3000/health\u001b[39m","timestamp":"2025-11-18 21:17:41:1741"}
{"level":"\u001b[32minfo\u001b[39m","message":"\u001b[32m\u001b[0mPOST /api/v1/auth/login \u001b[33m401\u001b[0m 94.248 ms - 49\u001b[0m\u001b[39m","timestamp":"2025-11-18 21:17:45:1745"}
{"level":"\u001b[32minfo\u001b[39m","message":"\u001b[32m⚠️  Database connection is currently disabled - using dummy data\u001b[39m","timestamp":"2025-11-18 21:18:46:1846"}
{"level":"\u001b[32minfo\u001b[39m","message":"\u001b[32m✅ Application is ready to use with in-memory data\u001b[39m","timestamp":"2025-11-18 21:18:46:1846"}
{"level":"\u001b[32minfo\u001b[39m","message":"\u001b[32m🚀 Server is running on port 3000\u001b[39m","timestamp":"2025-11-18 21:18:47:1847"}
{"level":"\u001b[32minfo\u001b[39m","message":"\u001b[32m📚 API Documentation: http://localhost:3000/api-docs\u001b[39m","timestamp":"2025-11-18 21:18:47:1847"}
{"level":"\u001b[32minfo\u001b[39m","message":"\u001b[32m🔍 API v1: http://localhost:3000/api/v1\u001b[39m","timestamp":"2025-11-18 21:18:47:1847"}
{"level":"\u001b[32minfo\u001b[39m","message":"\u001b[32m❤️  Health check: http://localhost:3000/health\u001b[39m","timestamp":"2025-11-18 21:18:47:1847"}
{"level":"\u001b[32minfo\u001b[39m","message":"\u001b[32m\u001b[0mPOST /api/v1/auth/login \u001b[33m401\u001b[0m 75.061 ms - 49\u001b[0m\u001b[39m","timestamp":"2025-11-18 21:18:52:1852"}
{"level":"\u001b[32minfo\u001b[39m","message":"\u001b[32m⚠️  Database connection is currently disabled - using dummy data\u001b[39m","timestamp":"2025-11-18 21:19:11:1911"}
{"level":"\u001b[32minfo\u001b[39m","message":"\u001b[32m✅ Application is ready to use with in-memory data\u001b[39m","timestamp":"2025-11-18 21:19:11:1911"}
{"level":"\u001b[32minfo\u001b[39m","message":"\u001b[32m🚀 Server is running on port 3000\u001b[39m","timestamp":"2025-11-18 21:19:11:1911"}
{"level":"\u001b[32minfo\u001b[39m","message":"\u001b[32m📚 API Documentation: http://localhost:3000/api-docs\u001b[39m","timestamp":"2025-11-18 21:19:11:1911"}
{"level":"\u001b[32minfo\u001b[39m","message":"\u001b[32m🔍 API v1: http://localhost:3000/api/v1\u001b[39m","timestamp":"2025-11-18 21:19:11:1911"}
{"level":"\u001b[32minfo\u001b[39m","message":"\u001b[32m❤️  Health check: http://localhost:3000/health\u001b[39m","timestamp":"2025-11-18 21:19:11:1911"}
{"level":"\u001b[32minfo\u001b[39m","message":"\u001b[32m⚠️  Database connection is currently disabled - using dummy data\u001b[39m","timestamp":"2025-11-18 21:20:40:2040"}
{"level":"\u001b[32minfo\u001b[39m","message":"\u001b[32m✅ Application is ready to use with in-memory data\u001b[39m","timestamp":"2025-11-18 21:20:40:2040"}
{"level":"\u001b[32minfo\u001b[39m","message":"\u001b[32m🚀 Server is running on port 3000\u001b[39m","timestamp":"2025-11-18 21:20:40:2040"}
{"level":"\u001b[32minfo\u001b[39m","message":"\u001b[32m📚 API Documentation: http://localhost:3000/api-docs\u001b[39m","timestamp":"2025-11-18 21:20:40:2040"}
{"level":"\u001b[32minfo\u001b[39m","message":"\u001b[32m🔍 API v1: http://localhost:3000/api/v1\u001b[39m","timestamp":"2025-11-18 21:20:40:2040"}
{"level":"\u001b[32minfo\u001b[39m","message":"\u001b[32m❤️  Health check: http://localhost:3000/health\u001b[39m","timestamp":"2025-11-18 21:20:40:2040"}
{"level":"\u001b[32minfo\u001b[39m","message":"\u001b[32m\u001b[0mPOST /api/v1/auth/login \u001b[32m200\u001b[0m 86.657 ms - 614\u001b[0m\u001b[39m","timestamp":"2025-11-18 21:21:04:214"}
{"level":"\u001b[32minfo\u001b[39m","message":"\u001b[32m\u001b[0mPOST /api/v1/auth/refresh \u001b[32m200\u001b[0m 31.835 ms - 266\u001b[0m\u001b[39m","timestamp":"2025-11-18 21:34:30:3430"}
{"level":"\u001b[32minfo\u001b[39m","message":"\u001b[32m\u001b[0mGET /api/v1/auth/me \u001b[33m401\u001b[0m 2.894 ms - 54\u001b[0m\u001b[39m","timestamp":"2025-11-18 21:36:37:3637"}
{"level":"\u001b[32minfo\u001b[39m","message":"\u001b[32m\u001b[0mPOST /api/v1/auth/login \u001b[32m200\u001b[0m 70.313 ms - 614\u001b[0m\u001b[39m","timestamp":"2025-11-18 21:36:44:3644"}
{"level":"\u001b[32minfo\u001b[39m","message":"\u001b[32m\u001b[0mGET /api/v1/auth/me \u001b[32m200\u001b[0m 1.910 ms - 215\u001b[0m\u001b[39m","timestamp":"2025-11-18 21:36:55:3655"}
{"level":"\u001b[32minfo\u001b[39m","message":"\u001b[32m⚠️  Database connection is currently disabled - using dummy data\u001b[39m","timestamp":"2025-11-18 21:42:46:4246"}
{"level":"\u001b[32minfo\u001b[39m","message":"\u001b[32m✅ Application is ready to use with in-memory data\u001b[39m","timestamp":"2025-11-18 21:42:46:4246"}
{"level":"\u001b[32minfo\u001b[39m","message":"\u001b[32m🚀 Server is running on port 3000\u001b[39m","timestamp":"2025-11-18 21:42:46:4246"}
{"level":"\u001b[32minfo\u001b[39m","message":"\u001b[32m📚 API Documentation: http://localhost:3000/api-docs\u001b[39m","timestamp":"2025-11-18 21:42:46:4246"}
{"level":"\u001b[32minfo\u001b[39m","message":"\u001b[32m🔍 API v1: http://localhost:3000/api/v1\u001b[39m","timestamp":"2025-11-18 21:42:46:4246"}
{"level":"\u001b[32minfo\u001b[39m","message":"\u001b[32m❤️  Health check: http://localhost:3000/health\u001b[39m","timestamp":"2025-11-18 21:42:46:4246"}
{"level":"\u001b[32minfo\u001b[39m","message":"\u001b[32m⚠️  Database connection is currently disabled - using dummy data\u001b[39m","timestamp":"2025-11-18 21:42:59:4259"}
{"level":"\u001b[32minfo\u001b[39m","message":"\u001b[32m✅ Application is ready to use with in-memory data\u001b[39m","timestamp":"2025-11-18 21:42:59:4259"}
{"level":"\u001b[32minfo\u001b[39m","message":"\u001b[32m🚀 Server is running on port 3000\u001b[39m","timestamp":"2025-11-18 21:42:59:4259"}
{"level":"\u001b[32minfo\u001b[39m","message":"\u001b[32m📚 API Documentation: http://localhost:3000/api-docs\u001b[39m","timestamp":"2025-11-18 21:42:59:4259"}
{"level":"\u001b[32minfo\u001b[39m","message":"\u001b[32m🔍 API v1: http://localhost:3000/api/v1\u001b[39m","timestamp":"2025-11-18 21:42:59:4259"}
{"level":"\u001b[32minfo\u001b[39m","message":"\u001b[32m❤️  Health check: http://localhost:3000/health\u001b[39m","timestamp":"2025-11-18 21:42:59:4259"}
{"level":"\u001b[32minfo\u001b[39m","message":"\u001b[32m🚀 Server is running on port 3000\u001b[39m","timestamp":"2025-11-18 22:35:18:3518"}
{"level":"\u001b[32minfo\u001b[39m","message":"\u001b[32m📚 API Documentation: http://localhost:3000/api-docs\u001b[39m","timestamp":"2025-11-18 22:35:18:3518"}
{"level":"\u001b[32minfo\u001b[39m","message":"\u001b[32m🔍 API v1: http://localhost:3000/api/v1\u001b[39m","timestamp":"2025-11-18 22:35:18:3518"}
{"level":"\u001b[32minfo\u001b[39m","message":"\u001b[32m❤️  Health check: http://localhost:3000/health\u001b[39m","timestamp":"2025-11-18 22:35:18:3518"}
{"level":"\u001b[31merror\u001b[39m","message":"\u001b[31m❌ Unable to connect to database: database \"dev_cmdv\" does not exist\u001b[39m","name":"SequelizeConnectionError","original":{"code":"3D000","file":"postinit.c","length":94,"line":"1021","name":"error","routine":"InitPostgres","severity":"FATAL"},"parent":{"code":"3D000","file":"postinit.c","length":94,"line":"1021","name":"error","routine":"InitPostgres","severity":"FATAL"},"stack":"SequelizeConnectionError: database \"dev_cmdv\" does not exist\n    at Client._connectionCallback (E:\\Proyectos personales\\CMDV2\\backend\\node_modules\\sequelize\\lib\\dialects\\postgres\\connection-manager.js:145:24)\n    at Client._handleErrorWhileConnecting (E:\\Proyectos personales\\CMDV2\\backend\\node_modules\\pg\\lib\\client.js:336:19)\n    at Client._handleErrorMessage (E:\\Proyectos personales\\CMDV2\\backend\\node_modules\\pg\\lib\\client.js:356:19)\n    at Connection.emit (node:events:519:28)\n    at E:\\Proyectos personales\\CMDV2\\backend\\node_modules\\pg\\lib\\connection.js:116:12\n    at Parser.parse (E:\\Proyectos personales\\CMDV2\\backend\\node_modules\\pg-protocol\\dist\\parser.js:36:17)\n    at Socket.<anonymous> (E:\\Proyectos personales\\CMDV2\\backend\\node_modules\\pg-protocol\\dist\\index.js:11:42)\n    at Socket.emit (node:events:519:28)\n    at addChunk (node:internal/streams/readable:561:12)\n    at readableAddChunkPushByteMode (node:internal/streams/readable:512:3)","timestamp":"2025-11-18 22:35:18:3518"}
{"level":"\u001b[32minfo\u001b[39m","message":"\u001b[32m🚀 Server is running on port 3000\u001b[39m","timestamp":"2025-11-18 22:36:21:3621"}
{"level":"\u001b[32minfo\u001b[39m","message":"\u001b[32m📚 API Documentation: http://localhost:3000/api-docs\u001b[39m","timestamp":"2025-11-18 22:36:21:3621"}
{"level":"\u001b[32minfo\u001b[39m","message":"\u001b[32m🔍 API v1: http://localhost:3000/api/v1\u001b[39m","timestamp":"2025-11-18 22:36:21:3621"}
{"level":"\u001b[32minfo\u001b[39m","message":"\u001b[32m❤️  Health check: http://localhost:3000/health\u001b[39m","timestamp":"2025-11-18 22:36:21:3621"}
{"level":"\u001b[31merror\u001b[39m","message":"\u001b[31m❌ Unable to connect to database: database \"dev_cmdv\" does not exist\u001b[39m","name":"SequelizeConnectionError","original":{"code":"3D000","file":"postinit.c","length":94,"line":"1021","name":"error","routine":"InitPostgres","severity":"FATAL"},"parent":{"code":"3D000","file":"postinit.c","length":94,"line":"1021","name":"error","routine":"InitPostgres","severity":"FATAL"},"stack":"SequelizeConnectionError: database \"dev_cmdv\" does not exist\n    at Client._connectionCallback (E:\\Proyectos personales\\CMDV2\\backend\\node_modules\\sequelize\\lib\\dialects\\postgres\\connection-manager.js:145:24)\n    at Client._handleErrorWhileConnecting (E:\\Proyectos personales\\CMDV2\\backend\\node_modules\\pg\\lib\\client.js:336:19)\n    at Client._handleErrorMessage (E:\\Proyectos personales\\CMDV2\\backend\\node_modules\\pg\\lib\\client.js:356:19)\n    at Connection.emit (node:events:519:28)\n    at E:\\Proyectos personales\\CMDV2\\backend\\node_modules\\pg\\lib\\connection.js:116:12\n    at Parser.parse (E:\\Proyectos personales\\CMDV2\\backend\\node_modules\\pg-protocol\\dist\\parser.js:36:17)\n    at Socket.<anonymous> (E:\\Proyectos personales\\CMDV2\\backend\\node_modules\\pg-protocol\\dist\\index.js:11:42)\n    at Socket.emit (node:events:519:28)\n    at addChunk (node:internal/streams/readable:561:12)\n    at readableAddChunkPushByteMode (node:internal/streams/readable:512:3)","timestamp":"2025-11-18 22:36:21:3621"}
{"level":"\u001b[32minfo\u001b[39m","message":"\u001b[32m🚀 Server is running on port 3000\u001b[39m","timestamp":"2025-11-18 22:36:56:3656"}
{"level":"\u001b[32minfo\u001b[39m","message":"\u001b[32m📚 API Documentation: http://localhost:3000/api-docs\u001b[39m","timestamp":"2025-11-18 22:36:56:3656"}
{"level":"\u001b[32minfo\u001b[39m","message":"\u001b[32m🔍 API v1: http://localhost:3000/api/v1\u001b[39m","timestamp":"2025-11-18 22:36:56:3656"}
{"level":"\u001b[32minfo\u001b[39m","message":"\u001b[32m❤️  Health check: http://localhost:3000/health\u001b[39m","timestamp":"2025-11-18 22:36:56:3656"}
{"level":"\u001b[37mdebug\u001b[39m","message":"\u001b[37mExecuting (default): SELECT 1+1 AS result\u001b[39m","timestamp":"2025-11-18 22:36:57:3657"}
{"level":"\u001b[32minfo\u001b[39m","message":"\u001b[32m✅ Database connection established successfully\u001b[39m","timestamp":"2025-11-18 22:36:57:3657"}
{"level":"\u001b[32minfo\u001b[39m","message":"\u001b[32m📊 Connected to: dev-cmdv@localhost\u001b[39m","timestamp":"2025-11-18 22:36:57:3657"}
{"level":"\u001b[37mdebug\u001b[39m","message":"\u001b[37mExecuting (default): SELECT \"id\", \"username\", \"email\", \"password_hash\", \"full_name\", \"role\", \"is_active\", \"last_login\", \"password_changed_at\", \"failed_login_attempts\", \"locked_until\", \"created_by\", \"updated_by\", \"createdAt\", \"updatedAt\" FROM \"core\".\"users\" AS \"users\" WHERE \"users\".\"email\" = 'admin@example.com' AND \"users\".\"is_active\" = true;\u001b[39m","timestamp":"2025-11-18 22:37:38:3738"}
{"level":"\u001b[32minfo\u001b[39m","message":"\u001b[32m\u001b[0mPOST /api/v1/auth/login \u001b[33m401\u001b[0m 59.503 ms - 49\u001b[0m\u001b[39m","timestamp":"2025-11-18 22:37:38:3738"}
{"level":"\u001b[37mdebug\u001b[39m","message":"\u001b[37mExecuting (default): SELECT \"id\", \"username\", \"email\", \"password_hash\", \"full_name\", \"role\", \"is_active\", \"last_login\", \"password_changed_at\", \"failed_login_attempts\", \"locked_until\", \"created_by\", \"updated_by\", \"createdAt\", \"updatedAt\" FROM \"core\".\"users\" AS \"users\" WHERE \"users\".\"email\" = 'admin@hospital.com' AND \"users\".\"is_active\" = true;\u001b[39m","timestamp":"2025-11-18 22:38:00:380"}
{"level":"\u001b[32minfo\u001b[39m","message":"\u001b[32m\u001b[0mPOST /api/v1/auth/login \u001b[33m401\u001b[0m 28.217 ms - 49\u001b[0m\u001b[39m","timestamp":"2025-11-18 22:38:00:380"}
{"level":"\u001b[32minfo\u001b[39m","message":"\u001b[32m🚀 Server is running on port 3000\u001b[39m","timestamp":"2025-11-18 23:10:59:1059"}
{"level":"\u001b[32minfo\u001b[39m","message":"\u001b[32m📚 API Documentation: http://localhost:3000/api-docs\u001b[39m","timestamp":"2025-11-18 23:10:59:1059"}
{"level":"\u001b[32minfo\u001b[39m","message":"\u001b[32m🔍 API v1: http://localhost:3000/api/v1\u001b[39m","timestamp":"2025-11-18 23:10:59:1059"}
{"level":"\u001b[32minfo\u001b[39m","message":"\u001b[32m❤️  Health check: http://localhost:3000/health\u001b[39m","timestamp":"2025-11-18 23:10:59:1059"}
{"level":"\u001b[37mdebug\u001b[39m","message":"\u001b[37mExecuting (default): SELECT 1+1 AS result\u001b[39m","timestamp":"2025-11-18 23:10:59:1059"}
{"level":"\u001b[32minfo\u001b[39m","message":"\u001b[32m✅ Database connection established successfully\u001b[39m","timestamp":"2025-11-18 23:10:59:1059"}
{"level":"\u001b[32minfo\u001b[39m","message":"\u001b[32m📊 Connected to: dev-cmdv@localhost\u001b[39m","timestamp":"2025-11-18 23:10:59:1059"}
{"level":"\u001b[32minfo\u001b[39m","message":"\u001b[32m\u001b[0mPOST /api/v1/auth/create-user-by-admin \u001b[33m404\u001b[0m 2.686 ms - 172\u001b[0m\u001b[39m","timestamp":"2025-11-18 23:24:46:2446"}
{"level":"\u001b[32minfo\u001b[39m","message":"\u001b[32m\u001b[0mPOST /api/v1/auth/create-user-by-admin \u001b[33m404\u001b[0m 1.164 ms - 172\u001b[0m\u001b[39m","timestamp":"2025-11-18 23:27:42:2742"}
{"level":"\u001b[32minfo\u001b[39m","message":"\u001b[32m\u001b[0mPOST /api/v1/auth/create-user-by-admin \u001b[33m404\u001b[0m 0.594 ms - 172\u001b[0m\u001b[39m","timestamp":"2025-11-18 23:31:00:310"}
{"level":"\u001b[32minfo\u001b[39m","message":"\u001b[32m🚀 Server is running on port 3000\u001b[39m","timestamp":"2025-11-18 23:31:07:317"}
{"level":"\u001b[32minfo\u001b[39m","message":"\u001b[32m📚 API Documentation: http://localhost:3000/api-docs\u001b[39m","timestamp":"2025-11-18 23:31:07:317"}
{"level":"\u001b[32minfo\u001b[39m","message":"\u001b[32m🔍 API v1: http://localhost:3000/api/v1\u001b[39m","timestamp":"2025-11-18 23:31:07:317"}
{"level":"\u001b[32minfo\u001b[39m","message":"\u001b[32m❤️  Health check: http://localhost:3000/health\u001b[39m","timestamp":"2025-11-18 23:31:07:317"}
{"level":"\u001b[37mdebug\u001b[39m","message":"\u001b[37mExecuting (default): SELECT 1+1 AS result\u001b[39m","timestamp":"2025-11-18 23:31:07:317"}
{"level":"\u001b[32minfo\u001b[39m","message":"\u001b[32m✅ Database connection established successfully\u001b[39m","timestamp":"2025-11-18 23:31:07:317"}
{"level":"\u001b[32minfo\u001b[39m","message":"\u001b[32m📊 Connected to: dev-cmdv@localhost\u001b[39m","timestamp":"2025-11-18 23:31:07:317"}
{"level":"\u001b[32minfo\u001b[39m","message":"\u001b[32m\u001b[0mPOST /api/v1/auth/create-user-by-admin \u001b[33m404\u001b[0m 2.774 ms - 172\u001b[0m\u001b[39m","timestamp":"2025-11-18 23:31:10:3110"}
{"level":"\u001b[32minfo\u001b[39m","message":"\u001b[32m\u001b[0mPOST /api/v1/auth/create-user-by-admin \u001b[33m404\u001b[0m 0.972 ms - 172\u001b[0m\u001b[39m","timestamp":"2025-11-18 23:31:43:3143"}
{"level":"\u001b[32minfo\u001b[39m","message":"\u001b[32m\u001b[0mPOST /api/v1/auth/create-user-by-admin \u001b[33m404\u001b[0m 0.376 ms - 172\u001b[0m\u001b[39m","timestamp":"2025-11-18 23:31:55:3155"}
{"level":"\u001b[32minfo\u001b[39m","message":"\u001b[32m\u001b[0mPOST /api/v1/auth/create-user-by-admin \u001b[33m404\u001b[0m 0.325 ms - 172\u001b[0m\u001b[39m","timestamp":"2025-11-18 23:39:59:3959"}
{"level":"\u001b[32minfo\u001b[39m","message":"\u001b[32m\u001b[0mPOST /api/v1/auth/create-user-by-admin \u001b[33m404\u001b[0m 0.295 ms - 172\u001b[0m\u001b[39m","timestamp":"2025-11-18 23:40:22:4022"}
{"level":"\u001b[32minfo\u001b[39m","message":"\u001b[32m🚀 Server is running on port 3000\u001b[39m","timestamp":"2025-11-18 23:40:30:4030"}
{"level":"\u001b[32minfo\u001b[39m","message":"\u001b[32m📚 API Documentation: http://localhost:3000/api-docs\u001b[39m","timestamp":"2025-11-18 23:40:30:4030"}
{"level":"\u001b[32minfo\u001b[39m","message":"\u001b[32m🔍 API v1: http://localhost:3000/api/v1\u001b[39m","timestamp":"2025-11-18 23:40:30:4030"}
{"level":"\u001b[32minfo\u001b[39m","message":"\u001b[32m❤️  Health check: http://localhost:3000/health\u001b[39m","timestamp":"2025-11-18 23:40:30:4030"}
{"level":"\u001b[37mdebug\u001b[39m","message":"\u001b[37mExecuting (default): SELECT 1+1 AS result\u001b[39m","timestamp":"2025-11-18 23:40:30:4030"}
{"level":"\u001b[32minfo\u001b[39m","message":"\u001b[32m✅ Database connection established successfully\u001b[39m","timestamp":"2025-11-18 23:40:30:4030"}
{"level":"\u001b[32minfo\u001b[39m","message":"\u001b[32m📊 Connected to: dev-cmdv@localhost\u001b[39m","timestamp":"2025-11-18 23:40:30:4030"}
{"level":"\u001b[32minfo\u001b[39m","message":"\u001b[32m\u001b[0mPOST /api/v1/auth/create-user-by-admin \u001b[33m404\u001b[0m 3.436 ms - 172\u001b[0m\u001b[39m","timestamp":"2025-11-18 23:40:36:4036"}
{"level":"\u001b[32minfo\u001b[39m","message":"\u001b[32m🚀 Server is running on port 3000\u001b[39m","timestamp":"2025-11-18 23:41:20:4120"}
{"level":"\u001b[32minfo\u001b[39m","message":"\u001b[32m📚 API Documentation: http://localhost:3000/api-docs\u001b[39m","timestamp":"2025-11-18 23:41:20:4120"}
{"level":"\u001b[32minfo\u001b[39m","message":"\u001b[32m🔍 API v1: http://localhost:3000/api/v1\u001b[39m","timestamp":"2025-11-18 23:41:20:4120"}
{"level":"\u001b[32minfo\u001b[39m","message":"\u001b[32m❤️  Health check: http://localhost:3000/health\u001b[39m","timestamp":"2025-11-18 23:41:20:4120"}
{"level":"\u001b[37mdebug\u001b[39m","message":"\u001b[37mExecuting (default): SELECT 1+1 AS result\u001b[39m","timestamp":"2025-11-18 23:41:21:4121"}
{"level":"\u001b[32minfo\u001b[39m","message":"\u001b[32m✅ Database connection established successfully\u001b[39m","timestamp":"2025-11-18 23:41:21:4121"}
{"level":"\u001b[32minfo\u001b[39m","message":"\u001b[32m📊 Connected to: dev-cmdv@localhost\u001b[39m","timestamp":"2025-11-18 23:41:21:4121"}
{"level":"\u001b[37mdebug\u001b[39m","message":"\u001b[37mExecuting (default): INSERT INTO \"core\".\"users\" (\"id\",\"username\",\"email\",\"password_hash\",\"full_name\",\"role\",\"is_active\",\"failed_login_attempts\",\"createdAt\",\"updatedAt\") VALUES ($1,$2,$3,$4,$5,$6,$7,$8,$9,$10) RETURNING \"id\",\"username\",\"email\",\"password_hash\",\"full_name\",\"role\",\"is_active\",\"last_login\",\"password_changed_at\",\"failed_login_attempts\",\"locked_until\",\"created_by\",\"updated_by\",\"createdAt\",\"updatedAt\";\u001b[39m","timestamp":"2025-11-18 23:41:38:4138"}
{"level":"\u001b[32minfo\u001b[39m","message":"\u001b[32m\u001b[0mPOST /api/v1/auth/create-user-by-admin \u001b[33m400\u001b[0m 133.843 ms - 51\u001b[0m\u001b[39m","timestamp":"2025-11-18 23:41:38:4138"}
{"level":"\u001b[37mdebug\u001b[39m","message":"\u001b[37mExecuting (default): INSERT INTO \"core\".\"users\" (\"id\",\"username\",\"email\",\"password_hash\",\"full_name\",\"role\",\"is_active\",\"failed_login_attempts\",\"createdAt\",\"updatedAt\") VALUES ($1,$2,$3,$4,$5,$6,$7,$8,$9,$10) RETURNING \"id\",\"username\",\"email\",\"password_hash\",\"full_name\",\"role\",\"is_active\",\"last_login\",\"password_changed_at\",\"failed_login_attempts\",\"locked_until\",\"created_by\",\"updated_by\",\"createdAt\",\"updatedAt\";\u001b[39m","timestamp":"2025-11-18 23:42:24:4224"}
{"level":"\u001b[32minfo\u001b[39m","message":"\u001b[32m\u001b[0mPOST /api/v1/auth/create-user-by-admin \u001b[33m400\u001b[0m 93.769 ms - 51\u001b[0m\u001b[39m","timestamp":"2025-11-18 23:42:24:4224"}
{"level":"\u001b[32minfo\u001b[39m","message":"\u001b[32m🚀 Server is running on port 3000\u001b[39m","timestamp":"2025-11-18 23:42:36:4236"}
{"level":"\u001b[32minfo\u001b[39m","message":"\u001b[32m📚 API Documentation: http://localhost:3000/api-docs\u001b[39m","timestamp":"2025-11-18 23:42:36:4236"}
{"level":"\u001b[32minfo\u001b[39m","message":"\u001b[32m🔍 API v1: http://localhost:3000/api/v1\u001b[39m","timestamp":"2025-11-18 23:42:36:4236"}
{"level":"\u001b[32minfo\u001b[39m","message":"\u001b[32m❤️  Health check: http://localhost:3000/health\u001b[39m","timestamp":"2025-11-18 23:42:36:4236"}
{"level":"\u001b[37mdebug\u001b[39m","message":"\u001b[37mExecuting (default): SELECT 1+1 AS result\u001b[39m","timestamp":"2025-11-18 23:42:36:4236"}
{"level":"\u001b[32minfo\u001b[39m","message":"\u001b[32m✅ Database connection established successfully\u001b[39m","timestamp":"2025-11-18 23:42:36:4236"}
{"level":"\u001b[32minfo\u001b[39m","message":"\u001b[32m📊 Connected to: dev-cmdv@localhost\u001b[39m","timestamp":"2025-11-18 23:42:36:4236"}
{"level":"\u001b[37mdebug\u001b[39m","message":"\u001b[37mExecuting (default): INSERT INTO \"core\".\"users\" (\"id\",\"username\",\"email\",\"password_hash\",\"full_name\",\"role\",\"is_active\",\"failed_login_attempts\",\"created_at\",\"updated_at\") VALUES ($1,$2,$3,$4,$5,$6,$7,$8,$9,$10) RETURNING \"id\",\"username\",\"email\",\"password_hash\",\"full_name\",\"role\",\"is_active\",\"last_login\",\"password_changed_at\",\"failed_login_attempts\",\"locked_until\",\"created_by\",\"updated_by\",\"created_at\",\"updated_at\";\u001b[39m","timestamp":"2025-11-18 23:42:39:4239"}
{"level":"\u001b[32minfo\u001b[39m","message":"\u001b[32m\u001b[0mPOST /api/v1/auth/create-user-by-admin \u001b[32m200\u001b[0m 114.819 ms - 249\u001b[0m\u001b[39m","timestamp":"2025-11-18 23:42:39:4239"}
{"level":"\u001b[32minfo\u001b[39m","message":"\u001b[32m🚀 Server is running on port 3000\u001b[39m","timestamp":"2025-11-18 23:43:41:4341"}
{"level":"\u001b[32minfo\u001b[39m","message":"\u001b[32m📚 API Documentation: http://localhost:3000/api-docs\u001b[39m","timestamp":"2025-11-18 23:43:41:4341"}
{"level":"\u001b[32minfo\u001b[39m","message":"\u001b[32m🔍 API v1: http://localhost:3000/api/v1\u001b[39m","timestamp":"2025-11-18 23:43:41:4341"}
{"level":"\u001b[32minfo\u001b[39m","message":"\u001b[32m❤️  Health check: http://localhost:3000/health\u001b[39m","timestamp":"2025-11-18 23:43:41:4341"}
{"level":"\u001b[37mdebug\u001b[39m","message":"\u001b[37mExecuting (default): SELECT 1+1 AS result\u001b[39m","timestamp":"2025-11-18 23:43:41:4341"}
{"level":"\u001b[32minfo\u001b[39m","message":"\u001b[32m✅ Database connection established successfully\u001b[39m","timestamp":"2025-11-18 23:43:41:4341"}
{"level":"\u001b[32minfo\u001b[39m","message":"\u001b[32m📊 Connected to: dev-cmdv@localhost\u001b[39m","timestamp":"2025-11-18 23:43:41:4341"}
{"level":"\u001b[37mdebug\u001b[39m","message":"\u001b[37mExecuting (default): INSERT INTO \"core\".\"users\" (\"id\",\"username\",\"email\",\"password_hash\",\"full_name\",\"role\",\"is_active\",\"failed_login_attempts\",\"created_at\",\"updated_at\") VALUES ($1,$2,$3,$4,$5,$6,$7,$8,$9,$10) RETURNING \"id\",\"username\",\"email\",\"password_hash\",\"full_name\",\"role\",\"is_active\",\"last_login\",\"password_changed_at\",\"failed_login_attempts\",\"locked_until\",\"created_by\",\"updated_by\",\"created_at\",\"updated_at\";\u001b[39m","timestamp":"2025-11-18 23:44:28:4428"}
{"level":"\u001b[32minfo\u001b[39m","message":"\u001b[32m\u001b[0mPOST /api/v1/auth/create-user-by-admin \u001b[33m400\u001b[0m 142.532 ms - 51\u001b[0m\u001b[39m","timestamp":"2025-11-18 23:44:28:4428"}
{"level":"\u001b[37mdebug\u001b[39m","message":"\u001b[37mExecuting (default): INSERT INTO \"core\".\"users\" (\"id\",\"username\",\"email\",\"password_hash\",\"full_name\",\"role\",\"is_active\",\"failed_login_attempts\",\"created_at\",\"updated_at\") VALUES ($1,$2,$3,$4,$5,$6,$7,$8,$9,$10) RETURNING \"id\",\"username\",\"email\",\"password_hash\",\"full_name\",\"role\",\"is_active\",\"last_login\",\"password_changed_at\",\"failed_login_attempts\",\"locked_until\",\"created_by\",\"updated_by\",\"created_at\",\"updated_at\";\u001b[39m","timestamp":"2025-11-18 23:44:54:4454"}
{"level":"\u001b[32minfo\u001b[39m","message":"\u001b[32m\u001b[0mPOST /api/v1/auth/create-user-by-admin \u001b[33m400\u001b[0m 89.413 ms - 51\u001b[0m\u001b[39m","timestamp":"2025-11-18 23:44:54:4454"}
{"level":"\u001b[32minfo\u001b[39m","message":"\u001b[32m🚀 Server is running on port 3000\u001b[39m","timestamp":"2025-11-18 23:50:01:501"}
{"level":"\u001b[32minfo\u001b[39m","message":"\u001b[32m📚 API Documentation: http://localhost:3000/api-docs\u001b[39m","timestamp":"2025-11-18 23:50:01:501"}
{"level":"\u001b[32minfo\u001b[39m","message":"\u001b[32m🔍 API v1: http://localhost:3000/api/v1\u001b[39m","timestamp":"2025-11-18 23:50:01:501"}
{"level":"\u001b[32minfo\u001b[39m","message":"\u001b[32m❤️  Health check: http://localhost:3000/health\u001b[39m","timestamp":"2025-11-18 23:50:01:501"}
{"level":"\u001b[37mdebug\u001b[39m","message":"\u001b[37mExecuting (default): SELECT 1+1 AS result\u001b[39m","timestamp":"2025-11-18 23:50:01:501"}
{"level":"\u001b[32minfo\u001b[39m","message":"\u001b[32m✅ Database connection established successfully\u001b[39m","timestamp":"2025-11-18 23:50:01:501"}
{"level":"\u001b[32minfo\u001b[39m","message":"\u001b[32m📊 Connected to: dev-cmdv@localhost\u001b[39m","timestamp":"2025-11-18 23:50:01:501"}
{"level":"\u001b[37mdebug\u001b[39m","message":"\u001b[37mExecuting (default): INSERT INTO \"core\".\"users\" (\"id\",\"username\",\"email\",\"password_hash\",\"full_name\",\"role\",\"is_active\",\"failed_login_attempts\",\"created_at\",\"updated_at\") VALUES ($1,$2,$3,$4,$5,$6,$7,$8,$9,$10) RETURNING \"id\",\"username\",\"email\",\"password_hash\",\"full_name\",\"role\",\"is_active\",\"last_login\",\"password_changed_at\",\"failed_login_attempts\",\"locked_until\",\"created_by\",\"updated_by\",\"created_at\",\"updated_at\";\u001b[39m","timestamp":"2025-11-18 23:50:09:509"}
{"level":"\u001b[32minfo\u001b[39m","message":"\u001b[32m\u001b[0mPOST /api/v1/auth/create-user-by-admin \u001b[33m400\u001b[0m 151.836 ms - 51\u001b[0m\u001b[39m","timestamp":"2025-11-18 23:50:09:509"}
{"level":"\u001b[37mdebug\u001b[39m","message":"\u001b[37mExecuting (default): INSERT INTO \"core\".\"users\" (\"id\",\"username\",\"email\",\"password_hash\",\"full_name\",\"role\",\"is_active\",\"failed_login_attempts\",\"created_at\",\"updated_at\") VALUES ($1,$2,$3,$4,$5,$6,$7,$8,$9,$10) RETURNING \"id\",\"username\",\"email\",\"password_hash\",\"full_name\",\"role\",\"is_active\",\"last_login\",\"password_changed_at\",\"failed_login_attempts\",\"locked_until\",\"created_by\",\"updated_by\",\"created_at\",\"updated_at\";\u001b[39m","timestamp":"2025-11-18 23:50:44:5044"}
{"level":"\u001b[32minfo\u001b[39m","message":"\u001b[32m\u001b[0mPOST /api/v1/auth/create-user-by-admin \u001b[32m200\u001b[0m 112.326 ms - 253\u001b[0m\u001b[39m","timestamp":"2025-11-18 23:50:44:5044"}
{"level":"\u001b[37mdebug\u001b[39m","message":"\u001b[37mExecuting (default): INSERT INTO \"core\".\"users\" (\"id\",\"username\",\"email\",\"password_hash\",\"full_name\",\"role\",\"is_active\",\"failed_login_attempts\",\"created_at\",\"updated_at\") VALUES ($1,$2,$3,$4,$5,$6,$7,$8,$9,$10) RETURNING \"id\",\"username\",\"email\",\"password_hash\",\"full_name\",\"role\",\"is_active\",\"last_login\",\"password_changed_at\",\"failed_login_attempts\",\"locked_until\",\"created_by\",\"updated_by\",\"created_at\",\"updated_at\";\u001b[39m","timestamp":"2025-11-18 23:51:06:516"}
{"level":"\u001b[32minfo\u001b[39m","message":"\u001b[32m\u001b[0mPOST /api/v1/auth/create-user-by-admin \u001b[32m200\u001b[0m 104.477 ms - 257\u001b[0m\u001b[39m","timestamp":"2025-11-18 23:51:06:516"}
{"level":"\u001b[32minfo\u001b[39m","message":"\u001b[32m\u001b[0mPOST /api/v1/auth/create-user-by-admin \u001b[33m401\u001b[0m 0.365 ms - 47\u001b[0m\u001b[39m","timestamp":"2025-11-18 23:51:34:5134"}
{"level":"\u001b[37mdebug\u001b[39m","message":"\u001b[37mExecuting (default): SELECT \"id\", \"username\", \"email\", \"password_hash\", \"full_name\", \"role\", \"is_active\", \"last_login\", \"password_changed_at\", \"failed_login_attempts\", \"locked_until\", \"created_by\", \"updated_by\", \"created_at\", \"updated_at\" FROM \"core\".\"users\" AS \"users\" WHERE \"users\".\"email\" = 'jldonis@cmdv.com' AND \"users\".\"is_active\" = true;\u001b[39m","timestamp":"2025-11-18 23:52:40:5240"}
{"level":"\u001b[37mdebug\u001b[39m","message":"\u001b[37mExecuting (default): INSERT INTO \"core\".\"jwt_tokens\" (\"id\",\"user_id\",\"token_hash\",\"refresh_token_hash\",\"expires_at\",\"refresh_expires_at\",\"is_revoked\",\"createdAt\",\"updatedAt\") VALUES ($1,$2,$3,$4,$5,$6,$7,$8,$9) RETURNING \"id\",\"user_id\",\"token_hash\",\"refresh_token_hash\",\"expires_at\",\"refresh_expires_at\",\"is_revoked\",\"revoked_at\",\"ip_address\",\"user_agent\",\"createdAt\",\"updatedAt\";\u001b[39m","timestamp":"2025-11-18 23:52:40:5240"}
{"level":"\u001b[37mdebug\u001b[39m","message":"\u001b[37mExecuting (default): UPDATE \"core\".\"users\" SET \"last_login\"=$1,\"updated_at\"=$2 WHERE \"id\" = $3\u001b[39m","timestamp":"2025-11-18 23:52:40:5240"}
{"level":"\u001b[32minfo\u001b[39m","message":"\u001b[32m\u001b[0mPOST /api/v1/auth/login \u001b[32m200\u001b[0m 473.573 ms - 748\u001b[0m\u001b[39m","timestamp":"2025-11-18 23:52:40:5240"}
{"level":"\u001b[32minfo\u001b[39m","message":"\u001b[32m🚀 Server is running on port 3000\u001b[39m","timestamp":"2025-11-19 14:40:14:4014"}
{"level":"\u001b[32minfo\u001b[39m","message":"\u001b[32m📚 API Documentation: http://localhost:3000/api-docs\u001b[39m","timestamp":"2025-11-19 14:40:15:4015"}
{"level":"\u001b[32minfo\u001b[39m","message":"\u001b[32m🔍 API v1: http://localhost:3000/api/v1\u001b[39m","timestamp":"2025-11-19 14:40:15:4015"}
{"level":"\u001b[32minfo\u001b[39m","message":"\u001b[32m❤️  Health check: http://localhost:3000/health\u001b[39m","timestamp":"2025-11-19 14:40:15:4015"}
{"level":"\u001b[37mdebug\u001b[39m","message":"\u001b[37mExecuting (default): SELECT 1+1 AS result\u001b[39m","timestamp":"2025-11-19 14:40:15:4015"}
{"level":"\u001b[32minfo\u001b[39m","message":"\u001b[32m✅ Database connection established successfully\u001b[39m","timestamp":"2025-11-19 14:40:15:4015"}
{"level":"\u001b[32minfo\u001b[39m","message":"\u001b[32m📊 Connected to: dev-cmdv@localhost\u001b[39m","timestamp":"2025-11-19 14:40:15:4015"}
{"level":"\u001b[32minfo\u001b[39m","message":"\u001b[32m🚀 Server is running on port 3000\u001b[39m","timestamp":"2025-11-19 14:41:41:4141"}
{"level":"\u001b[32minfo\u001b[39m","message":"\u001b[32m📚 API Documentation: http://localhost:3000/api-docs\u001b[39m","timestamp":"2025-11-19 14:41:41:4141"}
{"level":"\u001b[32minfo\u001b[39m","message":"\u001b[32m🔍 API v1: http://localhost:3000/api/v1\u001b[39m","timestamp":"2025-11-19 14:41:41:4141"}
{"level":"\u001b[32minfo\u001b[39m","message":"\u001b[32m❤️  Health check: http://localhost:3000/health\u001b[39m","timestamp":"2025-11-19 14:41:41:4141"}
{"level":"\u001b[37mdebug\u001b[39m","message":"\u001b[37mExecuting (default): SELECT 1+1 AS result\u001b[39m","timestamp":"2025-11-19 14:41:41:4141"}
{"level":"\u001b[32minfo\u001b[39m","message":"\u001b[32m✅ Database connection established successfully\u001b[39m","timestamp":"2025-11-19 14:41:41:4141"}
{"level":"\u001b[32minfo\u001b[39m","message":"\u001b[32m📊 Connected to: dev-cmdv@localhost\u001b[39m","timestamp":"2025-11-19 14:41:41:4141"}
{"level":"\u001b[32minfo\u001b[39m","message":"\u001b[32m🚀 Server is running on port 3000\u001b[39m","timestamp":"2025-11-19 14:42:12:4212"}
{"level":"\u001b[32minfo\u001b[39m","message":"\u001b[32m📚 API Documentation: http://localhost:3000/api-docs\u001b[39m","timestamp":"2025-11-19 14:42:12:4212"}
{"level":"\u001b[32minfo\u001b[39m","message":"\u001b[32m🔍 API v1: http://localhost:3000/api/v1\u001b[39m","timestamp":"2025-11-19 14:42:12:4212"}
{"level":"\u001b[32minfo\u001b[39m","message":"\u001b[32m❤️  Health check: http://localhost:3000/health\u001b[39m","timestamp":"2025-11-19 14:42:12:4212"}
{"level":"\u001b[37mdebug\u001b[39m","message":"\u001b[37mExecuting (default): SELECT 1+1 AS result\u001b[39m","timestamp":"2025-11-19 14:42:12:4212"}
{"level":"\u001b[32minfo\u001b[39m","message":"\u001b[32m✅ Database connection established successfully\u001b[39m","timestamp":"2025-11-19 14:42:12:4212"}
{"level":"\u001b[32minfo\u001b[39m","message":"\u001b[32m📊 Connected to: dev-cmdv@localhost\u001b[39m","timestamp":"2025-11-19 14:42:12:4212"}
{"level":"\u001b[32minfo\u001b[39m","message":"\u001b[32m🚀 Server is running on port 3000\u001b[39m","timestamp":"2025-11-19 14:47:54:4754"}
{"level":"\u001b[32minfo\u001b[39m","message":"\u001b[32m📚 API Documentation: http://localhost:3000/api-docs\u001b[39m","timestamp":"2025-11-19 14:47:54:4754"}
{"level":"\u001b[32minfo\u001b[39m","message":"\u001b[32m🔍 API v1: http://localhost:3000/api/v1\u001b[39m","timestamp":"2025-11-19 14:47:54:4754"}
{"level":"\u001b[32minfo\u001b[39m","message":"\u001b[32m❤️  Health check: http://localhost:3000/health\u001b[39m","timestamp":"2025-11-19 14:47:54:4754"}
{"level":"\u001b[37mdebug\u001b[39m","message":"\u001b[37mExecuting (default): SELECT 1+1 AS result\u001b[39m","timestamp":"2025-11-19 14:47:54:4754"}
{"level":"\u001b[32minfo\u001b[39m","message":"\u001b[32m✅ Database connection established successfully\u001b[39m","timestamp":"2025-11-19 14:47:54:4754"}
{"level":"\u001b[32minfo\u001b[39m","message":"\u001b[32m📊 Connected to: dev-cmdv@localhost\u001b[39m","timestamp":"2025-11-19 14:47:54:4754"}
{"level":"\u001b[32minfo\u001b[39m","message":"\u001b[32m🚀 Server is running on port 3000\u001b[39m","timestamp":"2025-11-19 15:08:31:831"}
{"level":"\u001b[32minfo\u001b[39m","message":"\u001b[32m📚 API Documentation: http://localhost:3000/api-docs\u001b[39m","timestamp":"2025-11-19 15:08:31:831"}
{"level":"\u001b[32minfo\u001b[39m","message":"\u001b[32m🔍 API v1: http://localhost:3000/api/v1\u001b[39m","timestamp":"2025-11-19 15:08:31:831"}
{"level":"\u001b[32minfo\u001b[39m","message":"\u001b[32m❤️  Health check: http://localhost:3000/health\u001b[39m","timestamp":"2025-11-19 15:08:31:831"}
{"level":"\u001b[37mdebug\u001b[39m","message":"\u001b[37mExecuting (default): SELECT 1+1 AS result\u001b[39m","timestamp":"2025-11-19 15:08:32:832"}
{"level":"\u001b[32minfo\u001b[39m","message":"\u001b[32m✅ Database connection established successfully\u001b[39m","timestamp":"2025-11-19 15:08:32:832"}
{"level":"\u001b[32minfo\u001b[39m","message":"\u001b[32m📊 Connected to: dev-cmdv@localhost\u001b[39m","timestamp":"2025-11-19 15:08:32:832"}
{"level":"\u001b[32minfo\u001b[39m","message":"\u001b[32m🚀 Server is running on port 3000\u001b[39m","timestamp":"2025-11-19 15:08:44:844"}
{"level":"\u001b[32minfo\u001b[39m","message":"\u001b[32m📚 API Documentation: http://localhost:3000/api-docs\u001b[39m","timestamp":"2025-11-19 15:08:44:844"}
{"level":"\u001b[32minfo\u001b[39m","message":"\u001b[32m🔍 API v1: http://localhost:3000/api/v1\u001b[39m","timestamp":"2025-11-19 15:08:44:844"}
{"level":"\u001b[32minfo\u001b[39m","message":"\u001b[32m❤️  Health check: http://localhost:3000/health\u001b[39m","timestamp":"2025-11-19 15:08:44:844"}
{"level":"\u001b[37mdebug\u001b[39m","message":"\u001b[37mExecuting (default): SELECT 1+1 AS result\u001b[39m","timestamp":"2025-11-19 15:08:45:845"}
{"level":"\u001b[32minfo\u001b[39m","message":"\u001b[32m✅ Database connection established successfully\u001b[39m","timestamp":"2025-11-19 15:08:45:845"}
{"level":"\u001b[32minfo\u001b[39m","message":"\u001b[32m📊 Connected to: dev-cmdv@localhost\u001b[39m","timestamp":"2025-11-19 15:08:45:845"}
{"level":"\u001b[32minfo\u001b[39m","message":"\u001b[32m🚀 Server is running on port 3000\u001b[39m","timestamp":"2025-11-19 15:15:32:1532"}
{"level":"\u001b[32minfo\u001b[39m","message":"\u001b[32m📚 API Documentation: http://localhost:3000/api-docs\u001b[39m","timestamp":"2025-11-19 15:15:32:1532"}
{"level":"\u001b[32minfo\u001b[39m","message":"\u001b[32m🔍 API v1: http://localhost:3000/api/v1\u001b[39m","timestamp":"2025-11-19 15:15:32:1532"}
{"level":"\u001b[32minfo\u001b[39m","message":"\u001b[32m❤️  Health check: http://localhost:3000/health\u001b[39m","timestamp":"2025-11-19 15:15:32:1532"}
{"level":"\u001b[37mdebug\u001b[39m","message":"\u001b[37mExecuting (default): SELECT 1+1 AS result\u001b[39m","timestamp":"2025-11-19 15:15:32:1532"}
{"level":"\u001b[32minfo\u001b[39m","message":"\u001b[32m✅ Database connection established successfully\u001b[39m","timestamp":"2025-11-19 15:15:32:1532"}
{"level":"\u001b[32minfo\u001b[39m","message":"\u001b[32m📊 Connected to: dev-cmdv@localhost\u001b[39m","timestamp":"2025-11-19 15:15:32:1532"}
{"level":"\u001b[32minfo\u001b[39m","message":"\u001b[32m🚀 Server is running on port 3000\u001b[39m","timestamp":"2025-11-19 15:15:52:1552"}
{"level":"\u001b[32minfo\u001b[39m","message":"\u001b[32m📚 API Documentation: http://localhost:3000/api-docs\u001b[39m","timestamp":"2025-11-19 15:15:52:1552"}
{"level":"\u001b[32minfo\u001b[39m","message":"\u001b[32m🔍 API v1: http://localhost:3000/api/v1\u001b[39m","timestamp":"2025-11-19 15:15:52:1552"}
{"level":"\u001b[32minfo\u001b[39m","message":"\u001b[32m❤️  Health check: http://localhost:3000/health\u001b[39m","timestamp":"2025-11-19 15:15:52:1552"}
{"level":"\u001b[37mdebug\u001b[39m","message":"\u001b[37mExecuting (default): SELECT 1+1 AS result\u001b[39m","timestamp":"2025-11-19 15:15:53:1553"}
{"level":"\u001b[32minfo\u001b[39m","message":"\u001b[32m✅ Database connection established successfully\u001b[39m","timestamp":"2025-11-19 15:15:53:1553"}
{"level":"\u001b[32minfo\u001b[39m","message":"\u001b[32m📊 Connected to: dev-cmdv@localhost\u001b[39m","timestamp":"2025-11-19 15:15:53:1553"}
{"level":"\u001b[32minfo\u001b[39m","message":"\u001b[32m🚀 Server is running on port 3000\u001b[39m","timestamp":"2025-11-19 15:18:12:1812"}
{"level":"\u001b[32minfo\u001b[39m","message":"\u001b[32m📚 API Documentation: http://localhost:3000/api-docs\u001b[39m","timestamp":"2025-11-19 15:18:12:1812"}
{"level":"\u001b[32minfo\u001b[39m","message":"\u001b[32m🔍 API v1: http://localhost:3000/api/v1\u001b[39m","timestamp":"2025-11-19 15:18:12:1812"}
{"level":"\u001b[32minfo\u001b[39m","message":"\u001b[32m❤️  Health check: http://localhost:3000/health\u001b[39m","timestamp":"2025-11-19 15:18:12:1812"}
{"level":"\u001b[37mdebug\u001b[39m","message":"\u001b[37mExecuting (default): SELECT 1+1 AS result\u001b[39m","timestamp":"2025-11-19 15:18:12:1812"}
{"level":"\u001b[32minfo\u001b[39m","message":"\u001b[32m✅ Database connection established successfully\u001b[39m","timestamp":"2025-11-19 15:18:12:1812"}
{"level":"\u001b[32minfo\u001b[39m","message":"\u001b[32m📊 Connected to: dev-cmdv@localhost\u001b[39m","timestamp":"2025-11-19 15:18:12:1812"}
{"level":"\u001b[32minfo\u001b[39m","message":"\u001b[32m🚀 Server is running on port 3000\u001b[39m","timestamp":"2025-11-19 15:18:21:1821"}
{"level":"\u001b[32minfo\u001b[39m","message":"\u001b[32m📚 API Documentation: http://localhost:3000/api-docs\u001b[39m","timestamp":"2025-11-19 15:18:21:1821"}
{"level":"\u001b[32minfo\u001b[39m","message":"\u001b[32m🔍 API v1: http://localhost:3000/api/v1\u001b[39m","timestamp":"2025-11-19 15:18:21:1821"}
{"level":"\u001b[32minfo\u001b[39m","message":"\u001b[32m❤️  Health check: http://localhost:3000/health\u001b[39m","timestamp":"2025-11-19 15:18:21:1821"}
{"level":"\u001b[37mdebug\u001b[39m","message":"\u001b[37mExecuting (default): SELECT 1+1 AS result\u001b[39m","timestamp":"2025-11-19 15:18:21:1821"}
{"level":"\u001b[32minfo\u001b[39m","message":"\u001b[32m✅ Database connection established successfully\u001b[39m","timestamp":"2025-11-19 15:18:21:1821"}
{"level":"\u001b[32minfo\u001b[39m","message":"\u001b[32m📊 Connected to: dev-cmdv@localhost\u001b[39m","timestamp":"2025-11-19 15:18:21:1821"}
{"level":"\u001b[32minfo\u001b[39m","message":"\u001b[32m🚀 Server is running on port 3000\u001b[39m","timestamp":"2025-11-19 15:18:45:1845"}
{"level":"\u001b[32minfo\u001b[39m","message":"\u001b[32m📚 API Documentation: http://localhost:3000/api-docs\u001b[39m","timestamp":"2025-11-19 15:18:45:1845"}
{"level":"\u001b[32minfo\u001b[39m","message":"\u001b[32m🔍 API v1: http://localhost:3000/api/v1\u001b[39m","timestamp":"2025-11-19 15:18:45:1845"}
{"level":"\u001b[32minfo\u001b[39m","message":"\u001b[32m❤️  Health check: http://localhost:3000/health\u001b[39m","timestamp":"2025-11-19 15:18:45:1845"}
{"level":"\u001b[37mdebug\u001b[39m","message":"\u001b[37mExecuting (default): SELECT 1+1 AS result\u001b[39m","timestamp":"2025-11-19 15:18:45:1845"}
{"level":"\u001b[32minfo\u001b[39m","message":"\u001b[32m✅ Database connection established successfully\u001b[39m","timestamp":"2025-11-19 15:18:45:1845"}
{"level":"\u001b[32minfo\u001b[39m","message":"\u001b[32m📊 Connected to: dev-cmdv@localhost\u001b[39m","timestamp":"2025-11-19 15:18:45:1845"}
{"level":"\u001b[32minfo\u001b[39m","message":"\u001b[32m🚀 Server is running on port 3000\u001b[39m","timestamp":"2025-11-19 15:19:24:1924"}
{"level":"\u001b[32minfo\u001b[39m","message":"\u001b[32m📚 API Documentation: http://localhost:3000/api-docs\u001b[39m","timestamp":"2025-11-19 15:19:24:1924"}
{"level":"\u001b[32minfo\u001b[39m","message":"\u001b[32m🔍 API v1: http://localhost:3000/api/v1\u001b[39m","timestamp":"2025-11-19 15:19:24:1924"}
{"level":"\u001b[32minfo\u001b[39m","message":"\u001b[32m❤️  Health check: http://localhost:3000/health\u001b[39m","timestamp":"2025-11-19 15:19:24:1924"}
{"level":"\u001b[37mdebug\u001b[39m","message":"\u001b[37mExecuting (default): SELECT 1+1 AS result\u001b[39m","timestamp":"2025-11-19 15:19:24:1924"}
{"level":"\u001b[32minfo\u001b[39m","message":"\u001b[32m✅ Database connection established successfully\u001b[39m","timestamp":"2025-11-19 15:19:24:1924"}
{"level":"\u001b[32minfo\u001b[39m","message":"\u001b[32m📊 Connected to: dev-cmdv@localhost\u001b[39m","timestamp":"2025-11-19 15:19:24:1924"}
{"level":"\u001b[32minfo\u001b[39m","message":"\u001b[32m🚀 Server is running on port 3000\u001b[39m","timestamp":"2025-11-19 15:19:36:1936"}
{"level":"\u001b[32minfo\u001b[39m","message":"\u001b[32m📚 API Documentation: http://localhost:3000/api-docs\u001b[39m","timestamp":"2025-11-19 15:19:36:1936"}
{"level":"\u001b[32minfo\u001b[39m","message":"\u001b[32m🔍 API v1: http://localhost:3000/api/v1\u001b[39m","timestamp":"2025-11-19 15:19:36:1936"}
{"level":"\u001b[32minfo\u001b[39m","message":"\u001b[32m❤️  Health check: http://localhost:3000/health\u001b[39m","timestamp":"2025-11-19 15:19:36:1936"}
{"level":"\u001b[37mdebug\u001b[39m","message":"\u001b[37mExecuting (default): SELECT 1+1 AS result\u001b[39m","timestamp":"2025-11-19 15:19:36:1936"}
{"level":"\u001b[32minfo\u001b[39m","message":"\u001b[32m✅ Database connection established successfully\u001b[39m","timestamp":"2025-11-19 15:19:36:1936"}
{"level":"\u001b[32minfo\u001b[39m","message":"\u001b[32m📊 Connected to: dev-cmdv@localhost\u001b[39m","timestamp":"2025-11-19 15:19:36:1936"}
{"level":"\u001b[32minfo\u001b[39m","message":"\u001b[32m🚀 Server is running on port 3000\u001b[39m","timestamp":"2025-11-19 15:19:42:1942"}
{"level":"\u001b[32minfo\u001b[39m","message":"\u001b[32m📚 API Documentation: http://localhost:3000/api-docs\u001b[39m","timestamp":"2025-11-19 15:19:42:1942"}
{"level":"\u001b[32minfo\u001b[39m","message":"\u001b[32m🔍 API v1: http://localhost:3000/api/v1\u001b[39m","timestamp":"2025-11-19 15:19:42:1942"}
{"level":"\u001b[32minfo\u001b[39m","message":"\u001b[32m❤️  Health check: http://localhost:3000/health\u001b[39m","timestamp":"2025-11-19 15:19:42:1942"}
{"level":"\u001b[37mdebug\u001b[39m","message":"\u001b[37mExecuting (default): SELECT 1+1 AS result\u001b[39m","timestamp":"2025-11-19 15:19:42:1942"}
{"level":"\u001b[32minfo\u001b[39m","message":"\u001b[32m✅ Database connection established successfully\u001b[39m","timestamp":"2025-11-19 15:19:42:1942"}
{"level":"\u001b[32minfo\u001b[39m","message":"\u001b[32m📊 Connected to: dev-cmdv@localhost\u001b[39m","timestamp":"2025-11-19 15:19:42:1942"}
{"level":"\u001b[32minfo\u001b[39m","message":"\u001b[32m🚀 Server is running on port 3000\u001b[39m","timestamp":"2025-11-19 16:53:21:5321"}
{"level":"\u001b[32minfo\u001b[39m","message":"\u001b[32m📚 API Documentation: http://localhost:3000/api-docs\u001b[39m","timestamp":"2025-11-19 16:53:21:5321"}
{"level":"\u001b[32minfo\u001b[39m","message":"\u001b[32m🔍 API v1: http://localhost:3000/api/v1\u001b[39m","timestamp":"2025-11-19 16:53:21:5321"}
{"level":"\u001b[32minfo\u001b[39m","message":"\u001b[32m❤️  Health check: http://localhost:3000/health\u001b[39m","timestamp":"2025-11-19 16:53:21:5321"}
{"level":"\u001b[37mdebug\u001b[39m","message":"\u001b[37mExecuting (default): SELECT 1+1 AS result\u001b[39m","timestamp":"2025-11-19 16:53:21:5321"}
{"level":"\u001b[32minfo\u001b[39m","message":"\u001b[32m✅ Database connection established successfully\u001b[39m","timestamp":"2025-11-19 16:53:21:5321"}
{"level":"\u001b[32minfo\u001b[39m","message":"\u001b[32m📊 Connected to: dev-cmdv@localhost\u001b[39m","timestamp":"2025-11-19 16:53:21:5321"}
{"level":"\u001b[32minfo\u001b[39m","message":"\u001b[32m🚀 Server is running on port 3000\u001b[39m","timestamp":"2025-11-19 16:53:29:5329"}
{"level":"\u001b[32minfo\u001b[39m","message":"\u001b[32m📚 API Documentation: http://localhost:3000/api-docs\u001b[39m","timestamp":"2025-11-19 16:53:29:5329"}
{"level":"\u001b[32minfo\u001b[39m","message":"\u001b[32m🔍 API v1: http://localhost:3000/api/v1\u001b[39m","timestamp":"2025-11-19 16:53:29:5329"}
{"level":"\u001b[32minfo\u001b[39m","message":"\u001b[32m❤️  Health check: http://localhost:3000/health\u001b[39m","timestamp":"2025-11-19 16:53:29:5329"}
{"level":"\u001b[37mdebug\u001b[39m","message":"\u001b[37mExecuting (default): SELECT 1+1 AS result\u001b[39m","timestamp":"2025-11-19 16:53:29:5329"}
{"level":"\u001b[32minfo\u001b[39m","message":"\u001b[32m✅ Database connection established successfully\u001b[39m","timestamp":"2025-11-19 16:53:29:5329"}
{"level":"\u001b[32minfo\u001b[39m","message":"\u001b[32m📊 Connected to: dev-cmdv@localhost\u001b[39m","timestamp":"2025-11-19 16:53:29:5329"}
{"level":"\u001b[32minfo\u001b[39m","message":"\u001b[32m🚀 Server is running on port 3000\u001b[39m","timestamp":"2025-11-19 16:53:47:5347"}
{"level":"\u001b[32minfo\u001b[39m","message":"\u001b[32m📚 API Documentation: http://localhost:3000/api-docs\u001b[39m","timestamp":"2025-11-19 16:53:47:5347"}
{"level":"\u001b[32minfo\u001b[39m","message":"\u001b[32m🔍 API v1: http://localhost:3000/api/v1\u001b[39m","timestamp":"2025-11-19 16:53:47:5347"}
{"level":"\u001b[32minfo\u001b[39m","message":"\u001b[32m❤️  Health check: http://localhost:3000/health\u001b[39m","timestamp":"2025-11-19 16:53:47:5347"}
{"level":"\u001b[37mdebug\u001b[39m","message":"\u001b[37mExecuting (default): SELECT 1+1 AS result\u001b[39m","timestamp":"2025-11-19 16:53:48:5348"}
{"level":"\u001b[32minfo\u001b[39m","message":"\u001b[32m✅ Database connection established successfully\u001b[39m","timestamp":"2025-11-19 16:53:48:5348"}
{"level":"\u001b[32minfo\u001b[39m","message":"\u001b[32m📊 Connected to: dev-cmdv@localhost\u001b[39m","timestamp":"2025-11-19 16:53:48:5348"}
{"level":"\u001b[32minfo\u001b[39m","message":"\u001b[32m🚀 Server is running on port 3000\u001b[39m","timestamp":"2025-11-19 16:54:20:5420"}
{"level":"\u001b[32minfo\u001b[39m","message":"\u001b[32m📚 API Documentation: http://localhost:3000/api-docs\u001b[39m","timestamp":"2025-11-19 16:54:20:5420"}
{"level":"\u001b[32minfo\u001b[39m","message":"\u001b[32m🔍 API v1: http://localhost:3000/api/v1\u001b[39m","timestamp":"2025-11-19 16:54:20:5420"}
{"level":"\u001b[32minfo\u001b[39m","message":"\u001b[32m❤️  Health check: http://localhost:3000/health\u001b[39m","timestamp":"2025-11-19 16:54:20:5420"}
{"level":"\u001b[37mdebug\u001b[39m","message":"\u001b[37mExecuting (default): SELECT 1+1 AS result\u001b[39m","timestamp":"2025-11-19 16:54:20:5420"}
{"level":"\u001b[32minfo\u001b[39m","message":"\u001b[32m✅ Database connection established successfully\u001b[39m","timestamp":"2025-11-19 16:54:20:5420"}
{"level":"\u001b[32minfo\u001b[39m","message":"\u001b[32m📊 Connected to: dev-cmdv@localhost\u001b[39m","timestamp":"2025-11-19 16:54:20:5420"}
{"level":"\u001b[32minfo\u001b[39m","message":"\u001b[32m🚀 Server is running on port 3000\u001b[39m","timestamp":"2025-11-19 16:54:41:5441"}
{"level":"\u001b[32minfo\u001b[39m","message":"\u001b[32m📚 API Documentation: http://localhost:3000/api-docs\u001b[39m","timestamp":"2025-11-19 16:54:41:5441"}
{"level":"\u001b[32minfo\u001b[39m","message":"\u001b[32m🔍 API v1: http://localhost:3000/api/v1\u001b[39m","timestamp":"2025-11-19 16:54:41:5441"}
{"level":"\u001b[32minfo\u001b[39m","message":"\u001b[32m❤️  Health check: http://localhost:3000/health\u001b[39m","timestamp":"2025-11-19 16:54:41:5441"}
{"level":"\u001b[37mdebug\u001b[39m","message":"\u001b[37mExecuting (default): SELECT 1+1 AS result\u001b[39m","timestamp":"2025-11-19 16:54:42:5442"}
{"level":"\u001b[32minfo\u001b[39m","message":"\u001b[32m✅ Database connection established successfully\u001b[39m","timestamp":"2025-11-19 16:54:42:5442"}
{"level":"\u001b[32minfo\u001b[39m","message":"\u001b[32m📊 Connected to: dev-cmdv@localhost\u001b[39m","timestamp":"2025-11-19 16:54:42:5442"}
{"level":"\u001b[32minfo\u001b[39m","message":"\u001b[32m🚀 Server is running on port 3000\u001b[39m","timestamp":"2025-11-19 16:55:01:551"}
{"level":"\u001b[32minfo\u001b[39m","message":"\u001b[32m📚 API Documentation: http://localhost:3000/api-docs\u001b[39m","timestamp":"2025-11-19 16:55:01:551"}
{"level":"\u001b[32minfo\u001b[39m","message":"\u001b[32m🔍 API v1: http://localhost:3000/api/v1\u001b[39m","timestamp":"2025-11-19 16:55:01:551"}
{"level":"\u001b[32minfo\u001b[39m","message":"\u001b[32m❤️  Health check: http://localhost:3000/health\u001b[39m","timestamp":"2025-11-19 16:55:01:551"}
{"level":"\u001b[37mdebug\u001b[39m","message":"\u001b[37mExecuting (default): SELECT 1+1 AS result\u001b[39m","timestamp":"2025-11-19 16:55:01:551"}
{"level":"\u001b[32minfo\u001b[39m","message":"\u001b[32m✅ Database connection established successfully\u001b[39m","timestamp":"2025-11-19 16:55:01:551"}
{"level":"\u001b[32minfo\u001b[39m","message":"\u001b[32m📊 Connected to: dev-cmdv@localhost\u001b[39m","timestamp":"2025-11-19 16:55:01:551"}
{"level":"\u001b[32minfo\u001b[39m","message":"\u001b[32m🚀 Server is running on port 3000\u001b[39m","timestamp":"2025-11-19 16:55:04:554"}
{"level":"\u001b[32minfo\u001b[39m","message":"\u001b[32m📚 API Documentation: http://localhost:3000/api-docs\u001b[39m","timestamp":"2025-11-19 16:55:04:554"}
{"level":"\u001b[32minfo\u001b[39m","message":"\u001b[32m🔍 API v1: http://localhost:3000/api/v1\u001b[39m","timestamp":"2025-11-19 16:55:04:554"}
{"level":"\u001b[32minfo\u001b[39m","message":"\u001b[32m❤️  Health check: http://localhost:3000/health\u001b[39m","timestamp":"2025-11-19 16:55:04:554"}
{"level":"\u001b[37mdebug\u001b[39m","message":"\u001b[37mExecuting (default): SELECT 1+1 AS result\u001b[39m","timestamp":"2025-11-19 16:55:04:554"}
{"level":"\u001b[32minfo\u001b[39m","message":"\u001b[32m✅ Database connection established successfully\u001b[39m","timestamp":"2025-11-19 16:55:04:554"}
{"level":"\u001b[32minfo\u001b[39m","message":"\u001b[32m📊 Connected to: dev-cmdv@localhost\u001b[39m","timestamp":"2025-11-19 16:55:04:554"}
{"level":"\u001b[32minfo\u001b[39m","message":"\u001b[32m🚀 Server is running on port 3000\u001b[39m","timestamp":"2025-11-19 16:55:16:5516"}
{"level":"\u001b[32minfo\u001b[39m","message":"\u001b[32m📚 API Documentation: http://localhost:3000/api-docs\u001b[39m","timestamp":"2025-11-19 16:55:16:5516"}
{"level":"\u001b[32minfo\u001b[39m","message":"\u001b[32m🔍 API v1: http://localhost:3000/api/v1\u001b[39m","timestamp":"2025-11-19 16:55:16:5516"}
{"level":"\u001b[32minfo\u001b[39m","message":"\u001b[32m❤️  Health check: http://localhost:3000/health\u001b[39m","timestamp":"2025-11-19 16:55:16:5516"}
{"level":"\u001b[37mdebug\u001b[39m","message":"\u001b[37mExecuting (default): SELECT 1+1 AS result\u001b[39m","timestamp":"2025-11-19 16:55:16:5516"}
{"level":"\u001b[32minfo\u001b[39m","message":"\u001b[32m✅ Database connection established successfully\u001b[39m","timestamp":"2025-11-19 16:55:16:5516"}
{"level":"\u001b[32minfo\u001b[39m","message":"\u001b[32m📊 Connected to: dev-cmdv@localhost\u001b[39m","timestamp":"2025-11-19 16:55:16:5516"}
{"level":"\u001b[32minfo\u001b[39m","message":"\u001b[32m🚀 Server is running on port 3000\u001b[39m","timestamp":"2025-11-19 16:56:01:561"}
{"level":"\u001b[32minfo\u001b[39m","message":"\u001b[32m📚 API Documentation: http://localhost:3000/api-docs\u001b[39m","timestamp":"2025-11-19 16:56:01:561"}
{"level":"\u001b[32minfo\u001b[39m","message":"\u001b[32m🔍 API v1: http://localhost:3000/api/v1\u001b[39m","timestamp":"2025-11-19 16:56:01:561"}
{"level":"\u001b[32minfo\u001b[39m","message":"\u001b[32m❤️  Health check: http://localhost:3000/health\u001b[39m","timestamp":"2025-11-19 16:56:01:561"}
{"level":"\u001b[37mdebug\u001b[39m","message":"\u001b[37mExecuting (default): SELECT 1+1 AS result\u001b[39m","timestamp":"2025-11-19 16:56:01:561"}
{"level":"\u001b[32minfo\u001b[39m","message":"\u001b[32m✅ Database connection established successfully\u001b[39m","timestamp":"2025-11-19 16:56:01:561"}
{"level":"\u001b[32minfo\u001b[39m","message":"\u001b[32m📊 Connected to: dev-cmdv@localhost\u001b[39m","timestamp":"2025-11-19 16:56:01:561"}
{"level":"\u001b[32minfo\u001b[39m","message":"\u001b[32m🚀 Server is running on port 3000\u001b[39m","timestamp":"2025-11-19 16:56:31:5631"}
{"level":"\u001b[32minfo\u001b[39m","message":"\u001b[32m📚 API Documentation: http://localhost:3000/api-docs\u001b[39m","timestamp":"2025-11-19 16:56:31:5631"}
{"level":"\u001b[32minfo\u001b[39m","message":"\u001b[32m🔍 API v1: http://localhost:3000/api/v1\u001b[39m","timestamp":"2025-11-19 16:56:31:5631"}
{"level":"\u001b[32minfo\u001b[39m","message":"\u001b[32m❤️  Health check: http://localhost:3000/health\u001b[39m","timestamp":"2025-11-19 16:56:31:5631"}
{"level":"\u001b[37mdebug\u001b[39m","message":"\u001b[37mExecuting (default): SELECT 1+1 AS result\u001b[39m","timestamp":"2025-11-19 16:56:31:5631"}
{"level":"\u001b[32minfo\u001b[39m","message":"\u001b[32m✅ Database connection established successfully\u001b[39m","timestamp":"2025-11-19 16:56:31:5631"}
{"level":"\u001b[32minfo\u001b[39m","message":"\u001b[32m📊 Connected to: dev-cmdv@localhost\u001b[39m","timestamp":"2025-11-19 16:56:31:5631"}
{"level":"\u001b[32minfo\u001b[39m","message":"\u001b[32m🚀 Server is running on port 3000\u001b[39m","timestamp":"2025-11-19 16:56:40:5640"}
{"level":"\u001b[32minfo\u001b[39m","message":"\u001b[32m📚 API Documentation: http://localhost:3000/api-docs\u001b[39m","timestamp":"2025-11-19 16:56:40:5640"}
{"level":"\u001b[32minfo\u001b[39m","message":"\u001b[32m🔍 API v1: http://localhost:3000/api/v1\u001b[39m","timestamp":"2025-11-19 16:56:40:5640"}
{"level":"\u001b[32minfo\u001b[39m","message":"\u001b[32m❤️  Health check: http://localhost:3000/health\u001b[39m","timestamp":"2025-11-19 16:56:40:5640"}
{"level":"\u001b[37mdebug\u001b[39m","message":"\u001b[37mExecuting (default): SELECT 1+1 AS result\u001b[39m","timestamp":"2025-11-19 16:56:41:5641"}
{"level":"\u001b[32minfo\u001b[39m","message":"\u001b[32m✅ Database connection established successfully\u001b[39m","timestamp":"2025-11-19 16:56:41:5641"}
{"level":"\u001b[32minfo\u001b[39m","message":"\u001b[32m📊 Connected to: dev-cmdv@localhost\u001b[39m","timestamp":"2025-11-19 16:56:41:5641"}
{"level":"\u001b[32minfo\u001b[39m","message":"\u001b[32m🚀 Server is running on port 3000\u001b[39m","timestamp":"2025-11-19 16:56:53:5653"}
{"level":"\u001b[32minfo\u001b[39m","message":"\u001b[32m📚 API Documentation: http://localhost:3000/api-docs\u001b[39m","timestamp":"2025-11-19 16:56:53:5653"}
{"level":"\u001b[32minfo\u001b[39m","message":"\u001b[32m🔍 API v1: http://localhost:3000/api/v1\u001b[39m","timestamp":"2025-11-19 16:56:53:5653"}
{"level":"\u001b[32minfo\u001b[39m","message":"\u001b[32m❤️  Health check: http://localhost:3000/health\u001b[39m","timestamp":"2025-11-19 16:56:53:5653"}
{"level":"\u001b[37mdebug\u001b[39m","message":"\u001b[37mExecuting (default): SELECT 1+1 AS result\u001b[39m","timestamp":"2025-11-19 16:56:53:5653"}
{"level":"\u001b[32minfo\u001b[39m","message":"\u001b[32m✅ Database connection established successfully\u001b[39m","timestamp":"2025-11-19 16:56:53:5653"}
{"level":"\u001b[32minfo\u001b[39m","message":"\u001b[32m📊 Connected to: dev-cmdv@localhost\u001b[39m","timestamp":"2025-11-19 16:56:53:5653"}
{"level":"\u001b[32minfo\u001b[39m","message":"\u001b[32m🚀 Server is running on port 3000\u001b[39m","timestamp":"2025-11-19 16:57:44:5744"}
{"level":"\u001b[32minfo\u001b[39m","message":"\u001b[32m📚 API Documentation: http://localhost:3000/api-docs\u001b[39m","timestamp":"2025-11-19 16:57:44:5744"}
{"level":"\u001b[32minfo\u001b[39m","message":"\u001b[32m🔍 API v1: http://localhost:3000/api/v1\u001b[39m","timestamp":"2025-11-19 16:57:44:5744"}
{"level":"\u001b[32minfo\u001b[39m","message":"\u001b[32m❤️  Health check: http://localhost:3000/health\u001b[39m","timestamp":"2025-11-19 16:57:44:5744"}
{"level":"\u001b[37mdebug\u001b[39m","message":"\u001b[37mExecuting (default): SELECT 1+1 AS result\u001b[39m","timestamp":"2025-11-19 16:57:44:5744"}
{"level":"\u001b[32minfo\u001b[39m","message":"\u001b[32m✅ Database connection established successfully\u001b[39m","timestamp":"2025-11-19 16:57:44:5744"}
{"level":"\u001b[32minfo\u001b[39m","message":"\u001b[32m📊 Connected to: dev-cmdv@localhost\u001b[39m","timestamp":"2025-11-19 16:57:44:5744"}
{"level":"\u001b[32minfo\u001b[39m","message":"\u001b[32m🚀 Server is running on port 3000\u001b[39m","timestamp":"2025-11-29 22:05:51:551"}
{"level":"\u001b[32minfo\u001b[39m","message":"\u001b[32m📚 API Documentation: http://localhost:3000/api-docs\u001b[39m","timestamp":"2025-11-29 22:05:51:551"}
{"level":"\u001b[32minfo\u001b[39m","message":"\u001b[32m🔍 API v1: http://localhost:3000/api/v1\u001b[39m","timestamp":"2025-11-29 22:05:51:551"}
{"level":"\u001b[32minfo\u001b[39m","message":"\u001b[32m❤️  Health check: http://localhost:3000/health\u001b[39m","timestamp":"2025-11-29 22:05:51:551"}
{"level":"\u001b[37mdebug\u001b[39m","message":"\u001b[37mExecuting (default): SELECT 1+1 AS result\u001b[39m","timestamp":"2025-11-29 22:05:51:551"}
{"level":"\u001b[32minfo\u001b[39m","message":"\u001b[32m✅ Database connection established successfully\u001b[39m","timestamp":"2025-11-29 22:05:51:551"}
{"level":"\u001b[32minfo\u001b[39m","message":"\u001b[32m📊 Connected to: dev-cmdv@localhost\u001b[39m","timestamp":"2025-11-29 22:05:51:551"}
{"level":"\u001b[32minfo\u001b[39m","message":"\u001b[32m\u001b[0mGET /api/v1/inventory/products/low-stock \u001b[33m401\u001b[0m 35.383 ms - 47\u001b[0m\u001b[39m","timestamp":"2025-11-29 22:08:39:839"}
{"level":"\u001b[37mdebug\u001b[39m","message":"\u001b[37mExecuting (default): SELECT \"id\", \"username\", \"email\", \"password_hash\", \"full_name\", \"role\", \"is_active\", \"last_login\", \"password_changed_at\", \"failed_login_attempts\", \"locked_until\", \"created_by\", \"updated_by\", \"created_at\", \"updated_at\" FROM \"core\".\"users\" AS \"users\" WHERE \"users\".\"email\" = 'jldonis@cmdv.com' AND \"users\".\"is_active\" = true AND \"users\".\"locked_until\" IS NULL;\u001b[39m","timestamp":"2025-11-29 22:08:46:846"}
{"level":"\u001b[37mdebug\u001b[39m","message":"\u001b[37mExecuting (default): INSERT INTO \"core\".\"jwt_tokens\" (\"id\",\"user_id\",\"token_hash\",\"refresh_token_hash\",\"expires_at\",\"refresh_expires_at\",\"is_revoked\",\"createdAt\",\"updatedAt\") VALUES ($1,$2,$3,$4,$5,$6,$7,$8,$9) RETURNING \"id\",\"user_id\",\"token_hash\",\"refresh_token_hash\",\"expires_at\",\"refresh_expires_at\",\"is_revoked\",\"revoked_at\",\"ip_address\",\"user_agent\",\"createdAt\",\"updatedAt\";\u001b[39m","timestamp":"2025-11-29 22:08:46:846"}
{"level":"\u001b[31merror\u001b[39m","message":"\u001b[31mError storing refresh token:\u001b[39m","name":"SequelizeDatabaseError","original":{"code":"42703","file":"parse_target.c","length":133,"line":"1066","name":"error","parameters":["f77e3cce-4c88-4e2b-acd7-cdb5d7f4cdc1","ba0a2b9b-c023-4368-82ea-a341a798cdd4","eyJhbGciOiJIUzI1NiIsInR5cCI6IkpXVCJ9.eyJ1c2VySWQiOiJiYTBhMmI5Yi1jMDIzLTQzNjgtODJlYS1hMzQxYTc5OGNkZDQiLCJlbWFpbCI6ImpsZG9uaXNAY21kdi5jb20iLCJpYXQiOjE3NjQ0NzU3MjYsImV4cCI6MTc2NzA2NzcyNn0.BTXdJl5akb8ry0Jn3ZzBkks2FgIYP2_HG4q_GMG4j44","eyJhbGciOiJIUzI1NiIsInR5cCI6IkpXVCJ9.eyJ1c2VySWQiOiJiYTBhMmI5Yi1jMDIzLTQzNjgtODJlYS1hMzQxYTc5OGNkZDQiLCJlbWFpbCI6ImpsZG9uaXNAY21kdi5jb20iLCJpYXQiOjE3NjQ0NzU3MjYsImV4cCI6MTc2NzA2NzcyNn0.BTXdJl5akb8ry0Jn3ZzBkks2FgIYP2_HG4q_GMG4j44","2025-12-30 04:08:46.794 +00:00","2025-12-30 04:08:46.794 +00:00",false,"2025-11-30 04:08:46.796 +00:00","2025-11-30 04:08:46.796 +00:00"],"position":"130","routine":"checkInsertTargets","severity":"ERROR","sql":"INSERT INTO \"core\".\"jwt_tokens\" (\"id\",\"user_id\",\"token_hash\",\"refresh_token_hash\",\"expires_at\",\"refresh_expires_at\",\"is_revoked\",\"createdAt\",\"updatedAt\") VALUES ($1,$2,$3,$4,$5,$6,$7,$8,$9) RETURNING \"id\",\"user_id\",\"token_hash\",\"refresh_token_hash\",\"expires_at\",\"refresh_expires_at\",\"is_revoked\",\"revoked_at\",\"ip_address\",\"user_agent\",\"createdAt\",\"updatedAt\";"},"parameters":["f77e3cce-4c88-4e2b-acd7-cdb5d7f4cdc1","ba0a2b9b-c023-4368-82ea-a341a798cdd4","eyJhbGciOiJIUzI1NiIsInR5cCI6IkpXVCJ9.eyJ1c2VySWQiOiJiYTBhMmI5Yi1jMDIzLTQzNjgtODJlYS1hMzQxYTc5OGNkZDQiLCJlbWFpbCI6ImpsZG9uaXNAY21kdi5jb20iLCJpYXQiOjE3NjQ0NzU3MjYsImV4cCI6MTc2NzA2NzcyNn0.BTXdJl5akb8ry0Jn3ZzBkks2FgIYP2_HG4q_GMG4j44","eyJhbGciOiJIUzI1NiIsInR5cCI6IkpXVCJ9.eyJ1c2VySWQiOiJiYTBhMmI5Yi1jMDIzLTQzNjgtODJlYS1hMzQxYTc5OGNkZDQiLCJlbWFpbCI6ImpsZG9uaXNAY21kdi5jb20iLCJpYXQiOjE3NjQ0NzU3MjYsImV4cCI6MTc2NzA2NzcyNn0.BTXdJl5akb8ry0Jn3ZzBkks2FgIYP2_HG4q_GMG4j44","2025-12-30 04:08:46.794 +00:00","2025-12-30 04:08:46.794 +00:00",false,"2025-11-30 04:08:46.796 +00:00","2025-11-30 04:08:46.796 +00:00"],"parent":{"code":"42703","file":"parse_target.c","length":133,"line":"1066","name":"error","parameters":["f77e3cce-4c88-4e2b-acd7-cdb5d7f4cdc1","ba0a2b9b-c023-4368-82ea-a341a798cdd4","eyJhbGciOiJIUzI1NiIsInR5cCI6IkpXVCJ9.eyJ1c2VySWQiOiJiYTBhMmI5Yi1jMDIzLTQzNjgtODJlYS1hMzQxYTc5OGNkZDQiLCJlbWFpbCI6ImpsZG9uaXNAY21kdi5jb20iLCJpYXQiOjE3NjQ0NzU3MjYsImV4cCI6MTc2NzA2NzcyNn0.BTXdJl5akb8ry0Jn3ZzBkks2FgIYP2_HG4q_GMG4j44","eyJhbGciOiJIUzI1NiIsInR5cCI6IkpXVCJ9.eyJ1c2VySWQiOiJiYTBhMmI5Yi1jMDIzLTQzNjgtODJlYS1hMzQxYTc5OGNkZDQiLCJlbWFpbCI6ImpsZG9uaXNAY21kdi5jb20iLCJpYXQiOjE3NjQ0NzU3MjYsImV4cCI6MTc2NzA2NzcyNn0.BTXdJl5akb8ry0Jn3ZzBkks2FgIYP2_HG4q_GMG4j44","2025-12-30 04:08:46.794 +00:00","2025-12-30 04:08:46.794 +00:00",false,"2025-11-30 04:08:46.796 +00:00","2025-11-30 04:08:46.796 +00:00"],"position":"130","routine":"checkInsertTargets","severity":"ERROR","sql":"INSERT INTO \"core\".\"jwt_tokens\" (\"id\",\"user_id\",\"token_hash\",\"refresh_token_hash\",\"expires_at\",\"refresh_expires_at\",\"is_revoked\",\"createdAt\",\"updatedAt\") VALUES ($1,$2,$3,$4,$5,$6,$7,$8,$9) RETURNING \"id\",\"user_id\",\"token_hash\",\"refresh_token_hash\",\"expires_at\",\"refresh_expires_at\",\"is_revoked\",\"revoked_at\",\"ip_address\",\"user_agent\",\"createdAt\",\"updatedAt\";"},"sql":"INSERT INTO \"core\".\"jwt_tokens\" (\"id\",\"user_id\",\"token_hash\",\"refresh_token_hash\",\"expires_at\",\"refresh_expires_at\",\"is_revoked\",\"createdAt\",\"updatedAt\") VALUES ($1,$2,$3,$4,$5,$6,$7,$8,$9) RETURNING \"id\",\"user_id\",\"token_hash\",\"refresh_token_hash\",\"expires_at\",\"refresh_expires_at\",\"is_revoked\",\"revoked_at\",\"ip_address\",\"user_agent\",\"createdAt\",\"updatedAt\";","timestamp":"2025-11-29 22:08:46:846"}
{"level":"\u001b[37mdebug\u001b[39m","message":"\u001b[37mExecuting (default): UPDATE \"core\".\"users\" SET \"last_login\"=$1,\"updated_at\"=$2 WHERE \"id\" = $3\u001b[39m","timestamp":"2025-11-29 22:08:46:846"}
{"level":"\u001b[32minfo\u001b[39m","message":"\u001b[32m\u001b[0mPOST /api/v1/auth/login \u001b[32m200\u001b[0m 295.958 ms - 748\u001b[0m\u001b[39m","timestamp":"2025-11-29 22:08:46:846"}
{"level":"\u001b[31merror\u001b[39m","message":"\u001b[31mError getting low stock products:\u001b[39m","timestamp":"2025-11-29 22:09:07:97"}
{"level":"\u001b[32minfo\u001b[39m","message":"\u001b[32m\u001b[0mGET /api/v1/inventory/products/low-stock \u001b[32m200\u001b[0m 17.641 ms - 148\u001b[0m\u001b[39m","timestamp":"2025-11-29 22:09:07:97"}
{"level":"\u001b[32minfo\u001b[39m","message":"\u001b[32m\u001b[0mGET /api/v1/inventory/products/ \u001b[33m401\u001b[0m 0.759 ms - 47\u001b[0m\u001b[39m","timestamp":"2025-11-29 22:09:53:953"}
{"level":"\u001b[31merror\u001b[39m","message":"\u001b[31mError finding products:\u001b[39m","timestamp":"2025-11-29 22:10:00:100"}
{"level":"\u001b[32minfo\u001b[39m","message":"\u001b[32m\u001b[0mGET /api/v1/inventory/products/ \u001b[31m500\u001b[0m 5.949 ms - 171\u001b[0m\u001b[39m","timestamp":"2025-11-29 22:10:00:100"}
{"level":"\u001b[31merror\u001b[39m","message":"\u001b[31mError finding products:\u001b[39m","timestamp":"2025-11-29 22:12:51:1251"}
{"level":"\u001b[32minfo\u001b[39m","message":"\u001b[32m\u001b[0mGET /api/v1/inventory/products/?categoryId=123 \u001b[31m500\u001b[0m 13.534 ms - 171\u001b[0m\u001b[39m","timestamp":"2025-11-29 22:12:51:1251"}
{"level":"\u001b[32minfo\u001b[39m","message":"\u001b[32m🚀 Server is running on port 3000\u001b[39m","timestamp":"2025-11-29 22:13:40:1340"}
{"level":"\u001b[32minfo\u001b[39m","message":"\u001b[32m📚 API Documentation: http://localhost:3000/api-docs\u001b[39m","timestamp":"2025-11-29 22:13:40:1340"}
{"level":"\u001b[32minfo\u001b[39m","message":"\u001b[32m🔍 API v1: http://localhost:3000/api/v1\u001b[39m","timestamp":"2025-11-29 22:13:40:1340"}
{"level":"\u001b[32minfo\u001b[39m","message":"\u001b[32m❤️  Health check: http://localhost:3000/health\u001b[39m","timestamp":"2025-11-29 22:13:40:1340"}
{"level":"\u001b[37mdebug\u001b[39m","message":"\u001b[37mExecuting (default): SELECT 1+1 AS result\u001b[39m","timestamp":"2025-11-29 22:13:40:1340"}
{"level":"\u001b[32minfo\u001b[39m","message":"\u001b[32m✅ Database connection established successfully\u001b[39m","timestamp":"2025-11-29 22:13:40:1340"}
{"level":"\u001b[32minfo\u001b[39m","message":"\u001b[32m📊 Connected to: dev-cmdv@localhost\u001b[39m","timestamp":"2025-11-29 22:13:40:1340"}
{"level":"\u001b[31merror\u001b[39m","message":"\u001b[31mError finding products:\u001b[39m","timestamp":"2025-11-29 22:13:42:1342"}
{"level":"\u001b[32minfo\u001b[39m","message":"\u001b[32m\u001b[0mGET /api/v1/inventory/products/?categoryId=123 \u001b[31m500\u001b[0m 16.188 ms - 171\u001b[0m\u001b[39m","timestamp":"2025-11-29 22:13:42:1342"}
{"level":"\u001b[32minfo\u001b[39m","message":"\u001b[32m🚀 Server is running on port 3000\u001b[39m","timestamp":"2025-11-29 22:14:05:145"}
{"level":"\u001b[32minfo\u001b[39m","message":"\u001b[32m📚 API Documentation: http://localhost:3000/api-docs\u001b[39m","timestamp":"2025-11-29 22:14:05:145"}
{"level":"\u001b[32minfo\u001b[39m","message":"\u001b[32m🔍 API v1: http://localhost:3000/api/v1\u001b[39m","timestamp":"2025-11-29 22:14:05:145"}
{"level":"\u001b[32minfo\u001b[39m","message":"\u001b[32m❤️  Health check: http://localhost:3000/health\u001b[39m","timestamp":"2025-11-29 22:14:05:145"}
{"level":"\u001b[37mdebug\u001b[39m","message":"\u001b[37mExecuting (default): SELECT 1+1 AS result\u001b[39m","timestamp":"2025-11-29 22:14:05:145"}
{"level":"\u001b[32minfo\u001b[39m","message":"\u001b[32m✅ Database connection established successfully\u001b[39m","timestamp":"2025-11-29 22:14:05:145"}
{"level":"\u001b[32minfo\u001b[39m","message":"\u001b[32m📊 Connected to: dev-cmdv@localhost\u001b[39m","timestamp":"2025-11-29 22:14:05:145"}
{"level":"\u001b[32minfo\u001b[39m","message":"\u001b[32m🚀 Server is running on port 3000\u001b[39m","timestamp":"2025-11-29 22:14:40:1440"}
{"level":"\u001b[32minfo\u001b[39m","message":"\u001b[32m📚 API Documentation: http://localhost:3000/api-docs\u001b[39m","timestamp":"2025-11-29 22:14:40:1440"}
{"level":"\u001b[32minfo\u001b[39m","message":"\u001b[32m🔍 API v1: http://localhost:3000/api/v1\u001b[39m","timestamp":"2025-11-29 22:14:40:1440"}
{"level":"\u001b[32minfo\u001b[39m","message":"\u001b[32m❤️  Health check: http://localhost:3000/health\u001b[39m","timestamp":"2025-11-29 22:14:40:1440"}
{"level":"\u001b[37mdebug\u001b[39m","message":"\u001b[37mExecuting (default): SELECT 1+1 AS result\u001b[39m","timestamp":"2025-11-29 22:14:41:1441"}
{"level":"\u001b[32minfo\u001b[39m","message":"\u001b[32m✅ Database connection established successfully\u001b[39m","timestamp":"2025-11-29 22:14:41:1441"}
{"level":"\u001b[32minfo\u001b[39m","message":"\u001b[32m📊 Connected to: dev-cmdv@localhost\u001b[39m","timestamp":"2025-11-29 22:14:41:1441"}
{"level":"\u001b[31merror\u001b[39m","message":"\u001b[31mError finding products:\u001b[39m","timestamp":"2025-11-29 22:14:43:1443"}
{"level":"\u001b[32minfo\u001b[39m","message":"\u001b[32m\u001b[0mGET /api/v1/inventory/products/?categoryId=123 \u001b[31m500\u001b[0m 17.872 ms - 171\u001b[0m\u001b[39m","timestamp":"2025-11-29 22:14:43:1443"}
{"level":"\u001b[32minfo\u001b[39m","message":"\u001b[32m🚀 Server is running on port 3000\u001b[39m","timestamp":"2025-11-29 22:16:07:167"}
{"level":"\u001b[32minfo\u001b[39m","message":"\u001b[32m📚 API Documentation: http://localhost:3000/api-docs\u001b[39m","timestamp":"2025-11-29 22:16:07:167"}
{"level":"\u001b[32minfo\u001b[39m","message":"\u001b[32m🔍 API v1: http://localhost:3000/api/v1\u001b[39m","timestamp":"2025-11-29 22:16:07:167"}
{"level":"\u001b[32minfo\u001b[39m","message":"\u001b[32m❤️  Health check: http://localhost:3000/health\u001b[39m","timestamp":"2025-11-29 22:16:07:167"}
{"level":"\u001b[37mdebug\u001b[39m","message":"\u001b[37mExecuting (default): SELECT 1+1 AS result\u001b[39m","timestamp":"2025-11-29 22:16:08:168"}
{"level":"\u001b[32minfo\u001b[39m","message":"\u001b[32m✅ Database connection established successfully\u001b[39m","timestamp":"2025-11-29 22:16:08:168"}
{"level":"\u001b[32minfo\u001b[39m","message":"\u001b[32m📊 Connected to: dev-cmdv@localhost\u001b[39m","timestamp":"2025-11-29 22:16:08:168"}
{"level":"\u001b[32minfo\u001b[39m","message":"\u001b[32m🚀 Server is running on port 3000\u001b[39m","timestamp":"2025-11-29 22:16:23:1623"}
{"level":"\u001b[32minfo\u001b[39m","message":"\u001b[32m📚 API Documentation: http://localhost:3000/api-docs\u001b[39m","timestamp":"2025-11-29 22:16:23:1623"}
{"level":"\u001b[32minfo\u001b[39m","message":"\u001b[32m🔍 API v1: http://localhost:3000/api/v1\u001b[39m","timestamp":"2025-11-29 22:16:23:1623"}
{"level":"\u001b[32minfo\u001b[39m","message":"\u001b[32m❤️  Health check: http://localhost:3000/health\u001b[39m","timestamp":"2025-11-29 22:16:23:1623"}
{"level":"\u001b[37mdebug\u001b[39m","message":"\u001b[37mExecuting (default): SELECT 1+1 AS result\u001b[39m","timestamp":"2025-11-29 22:16:23:1623"}
{"level":"\u001b[32minfo\u001b[39m","message":"\u001b[32m✅ Database connection established successfully\u001b[39m","timestamp":"2025-11-29 22:16:23:1623"}
{"level":"\u001b[32minfo\u001b[39m","message":"\u001b[32m📊 Connected to: dev-cmdv@localhost\u001b[39m","timestamp":"2025-11-29 22:16:23:1623"}
{"level":"\u001b[31merror\u001b[39m","message":"\u001b[31mError finding products:\u001b[39m","timestamp":"2025-11-29 22:16:27:1627"}
{"level":"\u001b[32minfo\u001b[39m","message":"\u001b[32m\u001b[0mGET /api/v1/inventory/products/?categoryId=123 \u001b[31m500\u001b[0m 19.918 ms - 171\u001b[0m\u001b[39m","timestamp":"2025-11-29 22:16:27:1627"}
{"level":"\u001b[32minfo\u001b[39m","message":"\u001b[32m🚀 Server is running on port 3000\u001b[39m","timestamp":"2025-11-29 22:17:04:174"}
{"level":"\u001b[32minfo\u001b[39m","message":"\u001b[32m📚 API Documentation: http://localhost:3000/api-docs\u001b[39m","timestamp":"2025-11-29 22:17:04:174"}
{"level":"\u001b[32minfo\u001b[39m","message":"\u001b[32m🔍 API v1: http://localhost:3000/api/v1\u001b[39m","timestamp":"2025-11-29 22:17:04:174"}
{"level":"\u001b[32minfo\u001b[39m","message":"\u001b[32m❤️  Health check: http://localhost:3000/health\u001b[39m","timestamp":"2025-11-29 22:17:04:174"}
{"level":"\u001b[37mdebug\u001b[39m","message":"\u001b[37mExecuting (default): SELECT 1+1 AS result\u001b[39m","timestamp":"2025-11-29 22:17:04:174"}
{"level":"\u001b[32minfo\u001b[39m","message":"\u001b[32m✅ Database connection established successfully\u001b[39m","timestamp":"2025-11-29 22:17:04:174"}
{"level":"\u001b[32minfo\u001b[39m","message":"\u001b[32m📊 Connected to: dev-cmdv@localhost\u001b[39m","timestamp":"2025-11-29 22:17:04:174"}
{"level":"\u001b[32minfo\u001b[39m","message":"\u001b[32m\u001b[0mGET /admin/settings \u001b[33m404\u001b[0m 9.249 ms - 153\u001b[0m\u001b[39m","timestamp":"2025-11-29 22:49:10:4910"}
{"level":"\u001b[31merror\u001b[39m","message":"\u001b[31mError finding products:\u001b[39m","timestamp":"2025-12-02 11:51:22:5122"}
{"level":"\u001b[31merror\u001b[39m","message":"\u001b[31mError finding products:\u001b[39m","timestamp":"2025-12-02 11:51:22:5122"}
{"level":"\u001b[32minfo\u001b[39m","message":"\u001b[32m\u001b[0mGET /api/v1/inventory/products/?categoryId=e2719460-eeea-4683-8a83-7d407e282dee \u001b[31m500\u001b[0m 1066.772 ms - 171\u001b[0m\u001b[39m","timestamp":"2025-12-02 11:51:22:5122"}
{"level":"\u001b[32minfo\u001b[39m","message":"\u001b[32m🚀 Server is running on port 3000\u001b[39m","timestamp":"2025-12-02 12:00:39:039"}
{"level":"\u001b[32minfo\u001b[39m","message":"\u001b[32m📚 API Documentation: http://localhost:3000/api-docs\u001b[39m","timestamp":"2025-12-02 12:00:39:039"}
{"level":"\u001b[32minfo\u001b[39m","message":"\u001b[32m🔍 API v1: http://localhost:3000/api/v1\u001b[39m","timestamp":"2025-12-02 12:00:39:039"}
{"level":"\u001b[32minfo\u001b[39m","message":"\u001b[32m❤️  Health check: http://localhost:3000/health\u001b[39m","timestamp":"2025-12-02 12:00:39:039"}
{"level":"\u001b[37mdebug\u001b[39m","message":"\u001b[37mExecuting (default): SELECT 1+1 AS result\u001b[39m","timestamp":"2025-12-02 12:00:39:039"}
{"level":"\u001b[32minfo\u001b[39m","message":"\u001b[32m✅ Database connection established successfully\u001b[39m","timestamp":"2025-12-02 12:00:39:039"}
{"level":"\u001b[32minfo\u001b[39m","message":"\u001b[32m📊 Connected to: dev-cmdv@localhost\u001b[39m","timestamp":"2025-12-02 12:00:39:039"}
{"level":"\u001b[32minfo\u001b[39m","message":"\u001b[32m🚀 Server is running on port 3000\u001b[39m","timestamp":"2025-12-02 12:05:39:539"}
{"level":"\u001b[32minfo\u001b[39m","message":"\u001b[32m📚 API Documentation: http://localhost:3000/api-docs\u001b[39m","timestamp":"2025-12-02 12:05:39:539"}
{"level":"\u001b[32minfo\u001b[39m","message":"\u001b[32m🔍 API v1: http://localhost:3000/api/v1\u001b[39m","timestamp":"2025-12-02 12:05:39:539"}
{"level":"\u001b[32minfo\u001b[39m","message":"\u001b[32m❤️  Health check: http://localhost:3000/health\u001b[39m","timestamp":"2025-12-02 12:05:39:539"}
{"level":"\u001b[37mdebug\u001b[39m","message":"\u001b[37mExecuting (default): SELECT 1+1 AS result\u001b[39m","timestamp":"2025-12-02 12:05:39:539"}
{"level":"\u001b[32minfo\u001b[39m","message":"\u001b[32m✅ Database connection established successfully\u001b[39m","timestamp":"2025-12-02 12:05:39:539"}
{"level":"\u001b[32minfo\u001b[39m","message":"\u001b[32m📊 Connected to: dev-cmdv@localhost\u001b[39m","timestamp":"2025-12-02 12:05:39:539"}
{"level":"\u001b[37mdebug\u001b[39m","message":"\u001b[37mExecuting (default): SELECT count(\"products\".\"id\") AS \"count\" FROM \"inventory\".\"products\" AS \"products\" LEFT OUTER JOIN \"inventory\".\"product_categories\" AS \"category\" ON \"products\".\"category_id\" = \"category\".\"id\" WHERE \"products\".\"category_id\" = 'e2719460-eeea-4683-8a83-7d407e282dee' AND \"products\".\"is_active\" = false AND \"products\".\"requires_prescription\" = false;\u001b[39m","timestamp":"2025-12-02 12:06:41:641"}
{"level":"\u001b[37mdebug\u001b[39m","message":"\u001b[37mExecuting (default): SELECT \"products\".\"id\", \"products\".\"code\", \"products\".\"barcode\", \"products\".\"name\", \"products\".\"category_id\", \"products\".\"description\", \"products\".\"unit_of_measure\", \"products\".\"minimum_stock\", \"products\".\"maximum_stock\", \"products\".\"reorder_point\", \"products\".\"unit_cost\", \"products\".\"selling_price\", \"products\".\"requires_prescription\", \"products\".\"requires_refrigeration\", \"products\".\"expiration_alert_days\", \"products\".\"is_active\", \"products\".\"createdAt\", \"products\".\"updatedAt\", \"category\".\"id\" AS \"category.id\", \"category\".\"name\" AS \"category.name\", \"category\".\"code\" AS \"category.code\" FROM \"inventory\".\"products\" AS \"products\" LEFT OUTER JOIN \"inventory\".\"product_categories\" AS \"category\" ON \"products\".\"category_id\" = \"category\".\"id\" WHERE \"products\".\"category_id\" = 'e2719460-eeea-4683-8a83-7d407e282dee' AND \"products\".\"is_active\" = false AND \"products\".\"requires_prescription\" = false ORDER BY \"products\".\"name\" ASC LIMIT 50 OFFSET 0;\u001b[39m","timestamp":"2025-12-02 12:06:41:641"}
{"level":"\u001b[31merror\u001b[39m","message":"\u001b[31mError finding products:\u001b[39m","timestamp":"2025-12-02 12:06:41:641"}
{"level":"\u001b[31merror\u001b[39m","message":"\u001b[31mError finding products:\u001b[39m","timestamp":"2025-12-02 12:06:41:641"}
{"level":"\u001b[32minfo\u001b[39m","message":"\u001b[32m\u001b[0mGET /api/v1/inventory/products/?categoryId=e2719460-eeea-4683-8a83-7d407e282dee \u001b[31m500\u001b[0m 144.878 ms - 171\u001b[0m\u001b[39m","timestamp":"2025-12-02 12:06:41:641"}
{"level":"\u001b[32minfo\u001b[39m","message":"\u001b[32m🚀 Server is running on port 3000\u001b[39m","timestamp":"2025-12-02 12:07:36:736"}
{"level":"\u001b[32minfo\u001b[39m","message":"\u001b[32m📚 API Documentation: http://localhost:3000/api-docs\u001b[39m","timestamp":"2025-12-02 12:07:36:736"}
{"level":"\u001b[32minfo\u001b[39m","message":"\u001b[32m🔍 API v1: http://localhost:3000/api/v1\u001b[39m","timestamp":"2025-12-02 12:07:36:736"}
{"level":"\u001b[32minfo\u001b[39m","message":"\u001b[32m❤️  Health check: http://localhost:3000/health\u001b[39m","timestamp":"2025-12-02 12:07:36:736"}
{"level":"\u001b[37mdebug\u001b[39m","message":"\u001b[37mExecuting (default): SELECT 1+1 AS result\u001b[39m","timestamp":"2025-12-02 12:07:36:736"}
{"level":"\u001b[32minfo\u001b[39m","message":"\u001b[32m✅ Database connection established successfully\u001b[39m","timestamp":"2025-12-02 12:07:36:736"}
{"level":"\u001b[32minfo\u001b[39m","message":"\u001b[32m📊 Connected to: dev-cmdv@localhost\u001b[39m","timestamp":"2025-12-02 12:07:36:736"}
{"level":"\u001b[37mdebug\u001b[39m","message":"\u001b[37mExecuting (default): SELECT count(\"products\".\"id\") AS \"count\" FROM \"inventory\".\"products\" AS \"products\" LEFT OUTER JOIN \"inventory\".\"product_categories\" AS \"category\" ON \"products\".\"category_id\" = \"category\".\"id\" WHERE \"products\".\"category_id\" = 'e2719460-eeea-4683-8a83-7d407e282dee' AND \"products\".\"is_active\" = false AND \"products\".\"requires_prescription\" = false;\u001b[39m","timestamp":"2025-12-02 12:07:44:744"}
{"level":"\u001b[37mdebug\u001b[39m","message":"\u001b[37mExecuting (default): SELECT \"products\".\"id\", \"products\".\"code\", \"products\".\"barcode\", \"products\".\"name\", \"products\".\"category_id\", \"products\".\"description\", \"products\".\"unit_of_measure\", \"products\".\"minimum_stock\", \"products\".\"maximum_stock\", \"products\".\"reorder_point\", \"products\".\"unit_cost\", \"products\".\"selling_price\", \"products\".\"requires_prescription\", \"products\".\"requires_refrigeration\", \"products\".\"expiration_alert_days\", \"products\".\"is_active\", \"products\".\"createdAt\", \"products\".\"updatedAt\", \"category\".\"id\" AS \"category.id\", \"category\".\"name\" AS \"category.name\", \"category\".\"code\" AS \"category.code\" FROM \"inventory\".\"products\" AS \"products\" LEFT OUTER JOIN \"inventory\".\"product_categories\" AS \"category\" ON \"products\".\"category_id\" = \"category\".\"id\" WHERE \"products\".\"category_id\" = 'e2719460-eeea-4683-8a83-7d407e282dee' AND \"products\".\"is_active\" = false AND \"products\".\"requires_prescription\" = false ORDER BY \"products\".\"name\" ASC LIMIT 50 OFFSET 0;\u001b[39m","timestamp":"2025-12-02 12:07:44:744"}
{"level":"\u001b[31merror\u001b[39m","message":"\u001b[31mError finding products:\u001b[39m","timestamp":"2025-12-02 12:07:44:744"}
{"level":"\u001b[32minfo\u001b[39m","message":"\u001b[32m\u001b[0mGET /api/v1/inventory/products/?categoryId=e2719460-eeea-4683-8a83-7d407e282dee \u001b[31m500\u001b[0m 68.681 ms - 171\u001b[0m\u001b[39m","timestamp":"2025-12-02 12:07:44:744"}
{"level":"\u001b[32minfo\u001b[39m","message":"\u001b[32m🚀 Server is running on port 3000\u001b[39m","timestamp":"2025-12-02 12:08:04:84"}
{"level":"\u001b[32minfo\u001b[39m","message":"\u001b[32m📚 API Documentation: http://localhost:3000/api-docs\u001b[39m","timestamp":"2025-12-02 12:08:04:84"}
{"level":"\u001b[32minfo\u001b[39m","message":"\u001b[32m🔍 API v1: http://localhost:3000/api/v1\u001b[39m","timestamp":"2025-12-02 12:08:04:84"}
{"level":"\u001b[32minfo\u001b[39m","message":"\u001b[32m❤️  Health check: http://localhost:3000/health\u001b[39m","timestamp":"2025-12-02 12:08:04:84"}
{"level":"\u001b[37mdebug\u001b[39m","message":"\u001b[37mExecuting (default): SELECT 1+1 AS result\u001b[39m","timestamp":"2025-12-02 12:08:04:84"}
{"level":"\u001b[32minfo\u001b[39m","message":"\u001b[32m✅ Database connection established successfully\u001b[39m","timestamp":"2025-12-02 12:08:04:84"}
{"level":"\u001b[32minfo\u001b[39m","message":"\u001b[32m📊 Connected to: dev-cmdv@localhost\u001b[39m","timestamp":"2025-12-02 12:08:04:84"}
{"level":"\u001b[37mdebug\u001b[39m","message":"\u001b[37mExecuting (default): SELECT count(\"products\".\"id\") AS \"count\" FROM \"inventory\".\"products\" AS \"products\" LEFT OUTER JOIN \"inventory\".\"product_categories\" AS \"category\" ON \"products\".\"category_id\" = \"category\".\"id\" WHERE \"products\".\"category_id\" = 'e2719460-eeea-4683-8a83-7d407e282dee' AND \"products\".\"is_active\" = false AND \"products\".\"requires_prescription\" = false;\u001b[39m","timestamp":"2025-12-02 12:08:06:86"}
{"level":"\u001b[37mdebug\u001b[39m","message":"\u001b[37mExecuting (default): SELECT \"products\".\"id\", \"products\".\"code\", \"products\".\"barcode\", \"products\".\"name\", \"products\".\"category_id\", \"products\".\"description\", \"products\".\"unit_of_measure\", \"products\".\"minimum_stock\", \"products\".\"maximum_stock\", \"products\".\"reorder_point\", \"products\".\"unit_cost\", \"products\".\"selling_price\", \"products\".\"requires_prescription\", \"products\".\"requires_refrigeration\", \"products\".\"expiration_alert_days\", \"products\".\"is_active\", \"products\".\"createdAt\", \"products\".\"updatedAt\", \"category\".\"id\" AS \"category.id\", \"category\".\"name\" AS \"category.name\", \"category\".\"code\" AS \"category.code\" FROM \"inventory\".\"products\" AS \"products\" LEFT OUTER JOIN \"inventory\".\"product_categories\" AS \"category\" ON \"products\".\"category_id\" = \"category\".\"id\" WHERE \"products\".\"category_id\" = 'e2719460-eeea-4683-8a83-7d407e282dee' AND \"products\".\"is_active\" = false AND \"products\".\"requires_prescription\" = false ORDER BY \"products\".\"name\" ASC LIMIT 50 OFFSET 0;\u001b[39m","timestamp":"2025-12-02 12:08:06:86"}
{"level":"\u001b[31merror\u001b[39m","message":"\u001b[31mError finding products:\u001b[39m","timestamp":"2025-12-02 12:08:06:86"}
{"level":"\u001b[32minfo\u001b[39m","message":"\u001b[32m\u001b[0mGET /api/v1/inventory/products/?categoryId=e2719460-eeea-4683-8a83-7d407e282dee \u001b[31m500\u001b[0m 57.895 ms - 171\u001b[0m\u001b[39m","timestamp":"2025-12-02 12:08:06:86"}
{"level":"\u001b[37mdebug\u001b[39m","message":"\u001b[37mExecuting (default): SELECT count(\"products\".\"id\") AS \"count\" FROM \"inventory\".\"products\" AS \"products\" LEFT OUTER JOIN \"inventory\".\"product_categories\" AS \"category\" ON \"products\".\"category_id\" = \"category\".\"id\" WHERE \"products\".\"category_id\" = 'e2719460-eeea-4683-8a83-7d407e282dee?isActive=true' AND \"products\".\"is_active\" = false AND \"products\".\"requires_prescription\" = false;\u001b[39m","timestamp":"2025-12-02 12:08:38:838"}
{"level":"\u001b[37mdebug\u001b[39m","message":"\u001b[37mExecuting (default): SELECT \"products\".\"id\", \"products\".\"code\", \"products\".\"barcode\", \"products\".\"name\", \"products\".\"category_id\", \"products\".\"description\", \"products\".\"unit_of_measure\", \"products\".\"minimum_stock\", \"products\".\"maximum_stock\", \"products\".\"reorder_point\", \"products\".\"unit_cost\", \"products\".\"selling_price\", \"products\".\"requires_prescription\", \"products\".\"requires_refrigeration\", \"products\".\"expiration_alert_days\", \"products\".\"is_active\", \"products\".\"createdAt\", \"products\".\"updatedAt\", \"category\".\"id\" AS \"category.id\", \"category\".\"name\" AS \"category.name\", \"category\".\"code\" AS \"category.code\" FROM \"inventory\".\"products\" AS \"products\" LEFT OUTER JOIN \"inventory\".\"product_categories\" AS \"category\" ON \"products\".\"category_id\" = \"category\".\"id\" WHERE \"products\".\"category_id\" = 'e2719460-eeea-4683-8a83-7d407e282dee?isActive=true' AND \"products\".\"is_active\" = false AND \"products\".\"requires_prescription\" = false ORDER BY \"products\".\"name\" ASC LIMIT 50 OFFSET 0;\u001b[39m","timestamp":"2025-12-02 12:08:38:838"}
{"level":"\u001b[31merror\u001b[39m","message":"\u001b[31mError finding products:\u001b[39m","timestamp":"2025-12-02 12:08:38:838"}
{"level":"\u001b[32minfo\u001b[39m","message":"\u001b[32m\u001b[0mGET /api/v1/inventory/products/?categoryId=e2719460-eeea-4683-8a83-7d407e282dee?isActive=true \u001b[31m500\u001b[0m 41.374 ms - 171\u001b[0m\u001b[39m","timestamp":"2025-12-02 12:08:38:838"}
{"level":"\u001b[37mdebug\u001b[39m","message":"\u001b[37mExecuting (default): SELECT count(\"products\".\"id\") AS \"count\" FROM \"inventory\".\"products\" AS \"products\" LEFT OUTER JOIN \"inventory\".\"product_categories\" AS \"category\" ON \"products\".\"category_id\" = \"category\".\"id\" WHERE \"products\".\"category_id\" = 'e2719460-eeea-4683-8a83-7d407e282dee?isActive=true' AND \"products\".\"is_active\" = false AND \"products\".\"requires_prescription\" = false;\u001b[39m","timestamp":"2025-12-02 12:08:58:858"}
{"level":"\u001b[37mdebug\u001b[39m","message":"\u001b[37mExecuting (default): SELECT \"products\".\"id\", \"products\".\"code\", \"products\".\"barcode\", \"products\".\"name\", \"products\".\"category_id\", \"products\".\"description\", \"products\".\"unit_of_measure\", \"products\".\"minimum_stock\", \"products\".\"maximum_stock\", \"products\".\"reorder_point\", \"products\".\"unit_cost\", \"products\".\"selling_price\", \"products\".\"requires_prescription\", \"products\".\"requires_refrigeration\", \"products\".\"expiration_alert_days\", \"products\".\"is_active\", \"products\".\"createdAt\", \"products\".\"updatedAt\", \"category\".\"id\" AS \"category.id\", \"category\".\"name\" AS \"category.name\", \"category\".\"code\" AS \"category.code\" FROM \"inventory\".\"products\" AS \"products\" LEFT OUTER JOIN \"inventory\".\"product_categories\" AS \"category\" ON \"products\".\"category_id\" = \"category\".\"id\" WHERE \"products\".\"category_id\" = 'e2719460-eeea-4683-8a83-7d407e282dee?isActive=true' AND \"products\".\"is_active\" = false AND \"products\".\"requires_prescription\" = false ORDER BY \"products\".\"name\" ASC LIMIT 50 OFFSET 0;\u001b[39m","timestamp":"2025-12-02 12:08:58:858"}
{"level":"\u001b[31merror\u001b[39m","message":"\u001b[31mError finding products:\u001b[39m","timestamp":"2025-12-02 12:08:58:858"}
{"level":"\u001b[32minfo\u001b[39m","message":"\u001b[32m\u001b[0mGET /api/v1/inventory/products/?categoryId=e2719460-eeea-4683-8a83-7d407e282dee?isActive=true \u001b[31m500\u001b[0m 24.558 ms - 171\u001b[0m\u001b[39m","timestamp":"2025-12-02 12:08:58:858"}
{"level":"\u001b[32minfo\u001b[39m","message":"\u001b[32m🚀 Server is running on port 3000\u001b[39m","timestamp":"2025-12-02 12:09:54:954"}
{"level":"\u001b[32minfo\u001b[39m","message":"\u001b[32m📚 API Documentation: http://localhost:3000/api-docs\u001b[39m","timestamp":"2025-12-02 12:09:54:954"}
{"level":"\u001b[32minfo\u001b[39m","message":"\u001b[32m🔍 API v1: http://localhost:3000/api/v1\u001b[39m","timestamp":"2025-12-02 12:09:54:954"}
{"level":"\u001b[32minfo\u001b[39m","message":"\u001b[32m❤️  Health check: http://localhost:3000/health\u001b[39m","timestamp":"2025-12-02 12:09:54:954"}
{"level":"\u001b[37mdebug\u001b[39m","message":"\u001b[37mExecuting (default): SELECT 1+1 AS result\u001b[39m","timestamp":"2025-12-02 12:09:54:954"}
{"level":"\u001b[32minfo\u001b[39m","message":"\u001b[32m✅ Database connection established successfully\u001b[39m","timestamp":"2025-12-02 12:09:54:954"}
{"level":"\u001b[32minfo\u001b[39m","message":"\u001b[32m📊 Connected to: dev-cmdv@localhost\u001b[39m","timestamp":"2025-12-02 12:09:54:954"}
{"level":"\u001b[37mdebug\u001b[39m","message":"\u001b[37mExecuting (default): SELECT count(\"products\".\"id\") AS \"count\" FROM \"inventory\".\"products\" AS \"products\" LEFT OUTER JOIN \"inventory\".\"product_categories\" AS \"category\" ON \"products\".\"category_id\" = \"category\".\"id\" WHERE \"products\".\"category_id\" = 'e2719460-eeea-4683-8a83-7d407e282dee?isActive=true' AND \"products\".\"is_active\" = false AND \"products\".\"requires_prescription\" = false;\u001b[39m","timestamp":"2025-12-02 12:09:57:957"}
{"level":"\u001b[37mdebug\u001b[39m","message":"\u001b[37mExecuting (default): SELECT \"products\".\"id\", \"products\".\"code\", \"products\".\"barcode\", \"products\".\"name\", \"products\".\"category_id\", \"products\".\"description\", \"products\".\"unit_of_measure\", \"products\".\"minimum_stock\", \"products\".\"maximum_stock\", \"products\".\"reorder_point\", \"products\".\"unit_cost\", \"products\".\"selling_price\", \"products\".\"requires_prescription\", \"products\".\"requires_refrigeration\", \"products\".\"expiration_alert_days\", \"products\".\"is_active\", \"products\".\"createdAt\", \"products\".\"updatedAt\", \"category\".\"id\" AS \"category.id\", \"category\".\"name\" AS \"category.name\", \"category\".\"code\" AS \"category.code\" FROM \"inventory\".\"products\" AS \"products\" LEFT OUTER JOIN \"inventory\".\"product_categories\" AS \"category\" ON \"products\".\"category_id\" = \"category\".\"id\" WHERE \"products\".\"category_id\" = 'e2719460-eeea-4683-8a83-7d407e282dee?isActive=true' AND \"products\".\"is_active\" = false AND \"products\".\"requires_prescription\" = false ORDER BY \"products\".\"name\" ASC LIMIT 50 OFFSET 0;\u001b[39m","timestamp":"2025-12-02 12:09:57:957"}
{"level":"\u001b[31merror\u001b[39m","message":"\u001b[31mError finding products:\u001b[39m","timestamp":"2025-12-02 12:09:57:957"}
{"level":"\u001b[32minfo\u001b[39m","message":"\u001b[32m\u001b[0mGET /api/v1/inventory/products/?categoryId=e2719460-eeea-4683-8a83-7d407e282dee?isActive=true \u001b[31m500\u001b[0m 68.733 ms - 285\u001b[0m\u001b[39m","timestamp":"2025-12-02 12:09:57:957"}
{"level":"\u001b[37mdebug\u001b[39m","message":"\u001b[37mExecuting (default): SELECT count(\"products\".\"id\") AS \"count\" FROM \"inventory\".\"products\" AS \"products\" LEFT OUTER JOIN \"inventory\".\"product_categories\" AS \"category\" ON \"products\".\"category_id\" = \"category\".\"id\" WHERE \"products\".\"category_id\" = '\"e2719460-eeea-4683-8a83-7d407e282dee\"?isActive=true' AND \"products\".\"is_active\" = false AND \"products\".\"requires_prescription\" = false;\u001b[39m","timestamp":"2025-12-02 12:10:19:1019"}
{"level":"\u001b[37mdebug\u001b[39m","message":"\u001b[37mExecuting (default): SELECT \"products\".\"id\", \"products\".\"code\", \"products\".\"barcode\", \"products\".\"name\", \"products\".\"category_id\", \"products\".\"description\", \"products\".\"unit_of_measure\", \"products\".\"minimum_stock\", \"products\".\"maximum_stock\", \"products\".\"reorder_point\", \"products\".\"unit_cost\", \"products\".\"selling_price\", \"products\".\"requires_prescription\", \"products\".\"requires_refrigeration\", \"products\".\"expiration_alert_days\", \"products\".\"is_active\", \"products\".\"createdAt\", \"products\".\"updatedAt\", \"category\".\"id\" AS \"category.id\", \"category\".\"name\" AS \"category.name\", \"category\".\"code\" AS \"category.code\" FROM \"inventory\".\"products\" AS \"products\" LEFT OUTER JOIN \"inventory\".\"product_categories\" AS \"category\" ON \"products\".\"category_id\" = \"category\".\"id\" WHERE \"products\".\"category_id\" = '\"e2719460-eeea-4683-8a83-7d407e282dee\"?isActive=true' AND \"products\".\"is_active\" = false AND \"products\".\"requires_prescription\" = false ORDER BY \"products\".\"name\" ASC LIMIT 50 OFFSET 0;\u001b[39m","timestamp":"2025-12-02 12:10:19:1019"}
{"level":"\u001b[31merror\u001b[39m","message":"\u001b[31mError finding products:\u001b[39m","timestamp":"2025-12-02 12:10:19:1019"}
{"level":"\u001b[32minfo\u001b[39m","message":"\u001b[32m\u001b[0mGET /api/v1/inventory/products/?categoryId=%22e2719460-eeea-4683-8a83-7d407e282dee%22?isActive=true \u001b[31m500\u001b[0m 30.469 ms - 289\u001b[0m\u001b[39m","timestamp":"2025-12-02 12:10:19:1019"}
{"level":"\u001b[37mdebug\u001b[39m","message":"\u001b[37mExecuting (default): SELECT count(\"products\".\"id\") AS \"count\" FROM \"inventory\".\"products\" AS \"products\" LEFT OUTER JOIN \"inventory\".\"product_categories\" AS \"category\" ON \"products\".\"category_id\" = \"category\".\"id\" WHERE \"products\".\"category_id\" = '\"e2719460-eeea-4683-8a83-7d407e282dee\"' AND \"products\".\"is_active\" = true AND \"products\".\"requires_prescription\" = false;\u001b[39m","timestamp":"2025-12-02 12:25:03:253"}
{"level":"\u001b[37mdebug\u001b[39m","message":"\u001b[37mExecuting (default): SELECT \"products\".\"id\", \"products\".\"code\", \"products\".\"barcode\", \"products\".\"name\", \"products\".\"category_id\", \"products\".\"description\", \"products\".\"unit_of_measure\", \"products\".\"minimum_stock\", \"products\".\"maximum_stock\", \"products\".\"reorder_point\", \"products\".\"unit_cost\", \"products\".\"selling_price\", \"products\".\"requires_prescription\", \"products\".\"requires_refrigeration\", \"products\".\"expiration_alert_days\", \"products\".\"is_active\", \"products\".\"createdAt\", \"products\".\"updatedAt\", \"category\".\"id\" AS \"category.id\", \"category\".\"name\" AS \"category.name\", \"category\".\"code\" AS \"category.code\" FROM \"inventory\".\"products\" AS \"products\" LEFT OUTER JOIN \"inventory\".\"product_categories\" AS \"category\" ON \"products\".\"category_id\" = \"category\".\"id\" WHERE \"products\".\"category_id\" = '\"e2719460-eeea-4683-8a83-7d407e282dee\"' AND \"products\".\"is_active\" = true AND \"products\".\"requires_prescription\" = false ORDER BY \"products\".\"name\" ASC LIMIT 50 OFFSET 0;\u001b[39m","timestamp":"2025-12-02 12:25:03:253"}
{"level":"\u001b[31merror\u001b[39m","message":"\u001b[31mError finding products:\u001b[39m","timestamp":"2025-12-02 12:25:03:253"}
{"level":"\u001b[32minfo\u001b[39m","message":"\u001b[32m\u001b[0mGET /api/v1/inventory/products/?categoryId=%22e2719460-eeea-4683-8a83-7d407e282dee%22&isActive=true \u001b[31m500\u001b[0m 231.747 ms - 275\u001b[0m\u001b[39m","timestamp":"2025-12-02 12:25:03:253"}
{"level":"\u001b[37mdebug\u001b[39m","message":"\u001b[37mExecuting (default): SELECT count(\"products\".\"id\") AS \"count\" FROM \"inventory\".\"products\" AS \"products\" LEFT OUTER JOIN \"inventory\".\"product_categories\" AS \"category\" ON \"products\".\"category_id\" = \"category\".\"id\" WHERE \"products\".\"category_id\" = 'e2719460-eeea-4683-8a83-7d407e282dee' AND \"products\".\"is_active\" = true AND \"products\".\"requires_prescription\" = false;\u001b[39m","timestamp":"2025-12-02 12:25:13:2513"}
{"level":"\u001b[37mdebug\u001b[39m","message":"\u001b[37mExecuting (default): SELECT \"products\".\"id\", \"products\".\"code\", \"products\".\"barcode\", \"products\".\"name\", \"products\".\"category_id\", \"products\".\"description\", \"products\".\"unit_of_measure\", \"products\".\"minimum_stock\", \"products\".\"maximum_stock\", \"products\".\"reorder_point\", \"products\".\"unit_cost\", \"products\".\"selling_price\", \"products\".\"requires_prescription\", \"products\".\"requires_refrigeration\", \"products\".\"expiration_alert_days\", \"products\".\"is_active\", \"products\".\"createdAt\", \"products\".\"updatedAt\", \"category\".\"id\" AS \"category.id\", \"category\".\"name\" AS \"category.name\", \"category\".\"code\" AS \"category.code\" FROM \"inventory\".\"products\" AS \"products\" LEFT OUTER JOIN \"inventory\".\"product_categories\" AS \"category\" ON \"products\".\"category_id\" = \"category\".\"id\" WHERE \"products\".\"category_id\" = 'e2719460-eeea-4683-8a83-7d407e282dee' AND \"products\".\"is_active\" = true AND \"products\".\"requires_prescription\" = false ORDER BY \"products\".\"name\" ASC LIMIT 50 OFFSET 0;\u001b[39m","timestamp":"2025-12-02 12:25:13:2513"}
{"level":"\u001b[31merror\u001b[39m","message":"\u001b[31mError finding products:\u001b[39m","timestamp":"2025-12-02 12:25:13:2513"}
{"level":"\u001b[32minfo\u001b[39m","message":"\u001b[32m\u001b[0mGET /api/v1/inventory/products/?categoryId=e2719460-eeea-4683-8a83-7d407e282dee&isActive=true \u001b[31m500\u001b[0m 32.847 ms - 235\u001b[0m\u001b[39m","timestamp":"2025-12-02 12:25:13:2513"}
{"level":"\u001b[32minfo\u001b[39m","message":"\u001b[32m🚀 Server is running on port 3000\u001b[39m","timestamp":"2025-12-02 12:51:33:5133"}
{"level":"\u001b[32minfo\u001b[39m","message":"\u001b[32m📚 API Documentation: http://localhost:3000/api-docs\u001b[39m","timestamp":"2025-12-02 12:51:33:5133"}
{"level":"\u001b[32minfo\u001b[39m","message":"\u001b[32m🔍 API v1: http://localhost:3000/api/v1\u001b[39m","timestamp":"2025-12-02 12:51:33:5133"}
{"level":"\u001b[32minfo\u001b[39m","message":"\u001b[32m❤️  Health check: http://localhost:3000/health\u001b[39m","timestamp":"2025-12-02 12:51:33:5133"}
{"level":"\u001b[37mdebug\u001b[39m","message":"\u001b[37mExecuting (default): SELECT 1+1 AS result\u001b[39m","timestamp":"2025-12-02 12:51:33:5133"}
{"level":"\u001b[32minfo\u001b[39m","message":"\u001b[32m✅ Database connection established successfully\u001b[39m","timestamp":"2025-12-02 12:51:33:5133"}
{"level":"\u001b[32minfo\u001b[39m","message":"\u001b[32m📊 Connected to: dev-cmdv@localhost\u001b[39m","timestamp":"2025-12-02 12:51:33:5133"}
{"level":"\u001b[37mdebug\u001b[39m","message":"\u001b[37mExecuting (default): SELECT count(\"products\".\"id\") AS \"count\" FROM \"inventory\".\"products\" AS \"products\" LEFT OUTER JOIN \"inventory\".\"product_categories\" AS \"category\" ON \"products\".\"category_id\" = \"category\".\"id\" WHERE \"products\".\"category_id\" = 'e2719460-eeea-4683-8a83-7d407e282dee' AND \"products\".\"is_active\" = true AND \"products\".\"requires_prescription\" = false;\u001b[39m","timestamp":"2025-12-02 12:51:36:5136"}
{"level":"\u001b[37mdebug\u001b[39m","message":"\u001b[37mExecuting (default): SELECT \"products\".\"id\", \"products\".\"code\", \"products\".\"barcode\", \"products\".\"name\", \"products\".\"category_id\", \"products\".\"description\", \"products\".\"unit_of_measure\", \"products\".\"minimum_stock\", \"products\".\"maximum_stock\", \"products\".\"reorder_point\", \"products\".\"unit_cost\", \"products\".\"selling_price\", \"products\".\"requires_prescription\", \"products\".\"requires_refrigeration\", \"products\".\"expiration_alert_days\", \"products\".\"is_active\", \"category\".\"id\" AS \"category.id\", \"category\".\"name\" AS \"category.name\", \"category\".\"code\" AS \"category.code\" FROM \"inventory\".\"products\" AS \"products\" LEFT OUTER JOIN \"inventory\".\"product_categories\" AS \"category\" ON \"products\".\"category_id\" = \"category\".\"id\" WHERE \"products\".\"category_id\" = 'e2719460-eeea-4683-8a83-7d407e282dee' AND \"products\".\"is_active\" = true AND \"products\".\"requires_prescription\" = false ORDER BY \"products\".\"name\" ASC LIMIT 50 OFFSET 0;\u001b[39m","timestamp":"2025-12-02 12:51:36:5136"}
{"level":"\u001b[32minfo\u001b[39m","message":"\u001b[32m\u001b[0mGET /api/v1/inventory/products/?categoryId=e2719460-eeea-4683-8a83-7d407e282dee&isActive=true \u001b[32m200\u001b[0m 53.233 ms - 181\u001b[0m\u001b[39m","timestamp":"2025-12-02 12:51:36:5136"}
{"level":"\u001b[37mdebug\u001b[39m","message":"\u001b[37mExecuting (default): SELECT count(\"products\".\"id\") AS \"count\" FROM \"inventory\".\"products\" AS \"products\" LEFT OUTER JOIN \"inventory\".\"product_categories\" AS \"category\" ON \"products\".\"category_id\" = \"category\".\"id\" WHERE \"products\".\"category_id\" = 'e2719460-eeea-4683-8a83-7d407e282dee' AND \"products\".\"is_active\" = true AND \"products\".\"requires_prescription\" = true;\u001b[39m","timestamp":"2025-12-02 14:24:51:2451"}
{"level":"\u001b[37mdebug\u001b[39m","message":"\u001b[37mExecuting (default): SELECT \"products\".\"id\", \"products\".\"code\", \"products\".\"barcode\", \"products\".\"name\", \"products\".\"category_id\", \"products\".\"description\", \"products\".\"unit_of_measure\", \"products\".\"minimum_stock\", \"products\".\"maximum_stock\", \"products\".\"reorder_point\", \"products\".\"unit_cost\", \"products\".\"selling_price\", \"products\".\"requires_prescription\", \"products\".\"requires_refrigeration\", \"products\".\"expiration_alert_days\", \"products\".\"is_active\", \"category\".\"id\" AS \"category.id\", \"category\".\"name\" AS \"category.name\", \"category\".\"code\" AS \"category.code\" FROM \"inventory\".\"products\" AS \"products\" LEFT OUTER JOIN \"inventory\".\"product_categories\" AS \"category\" ON \"products\".\"category_id\" = \"category\".\"id\" WHERE \"products\".\"category_id\" = 'e2719460-eeea-4683-8a83-7d407e282dee' AND \"products\".\"is_active\" = true AND \"products\".\"requires_prescription\" = true ORDER BY \"products\".\"name\" ASC LIMIT 50 OFFSET 0;\u001b[39m","timestamp":"2025-12-02 14:24:51:2451"}
{"level":"\u001b[32minfo\u001b[39m","message":"\u001b[32m\u001b[0mGET /api/v1/inventory/products/?categoryId=e2719460-eeea-4683-8a83-7d407e282dee&isActive=true&requiresPrescription=true \u001b[32m200\u001b[0m 312.933 ms - 181\u001b[0m\u001b[39m","timestamp":"2025-12-02 14:24:51:2451"}
{"level":"\u001b[37mdebug\u001b[39m","message":"\u001b[37mExecuting (default): SELECT count(\"products\".\"id\") AS \"count\" FROM \"inventory\".\"products\" AS \"products\" LEFT OUTER JOIN \"inventory\".\"product_categories\" AS \"category\" ON \"products\".\"category_id\" = \"category\".\"id\" WHERE (\"products\".\"name\" ILIKE '%gasas%' OR \"products\".\"code\" ILIKE '%gasas%' OR \"products\".\"barcode\" ILIKE '%gasas%') AND \"products\".\"category_id\" = 'e2719460-eeea-4683-8a83-7d407e282dee' AND \"products\".\"is_active\" = true AND \"products\".\"requires_prescription\" = true;\u001b[39m","timestamp":"2025-12-02 14:26:31:2631"}
{"level":"\u001b[37mdebug\u001b[39m","message":"\u001b[37mExecuting (default): SELECT \"products\".\"id\", \"products\".\"code\", \"products\".\"barcode\", \"products\".\"name\", \"products\".\"category_id\", \"products\".\"description\", \"products\".\"unit_of_measure\", \"products\".\"minimum_stock\", \"products\".\"maximum_stock\", \"products\".\"reorder_point\", \"products\".\"unit_cost\", \"products\".\"selling_price\", \"products\".\"requires_prescription\", \"products\".\"requires_refrigeration\", \"products\".\"expiration_alert_days\", \"products\".\"is_active\", \"category\".\"id\" AS \"category.id\", \"category\".\"name\" AS \"category.name\", \"category\".\"code\" AS \"category.code\" FROM \"inventory\".\"products\" AS \"products\" LEFT OUTER JOIN \"inventory\".\"product_categories\" AS \"category\" ON \"products\".\"category_id\" = \"category\".\"id\" WHERE (\"products\".\"name\" ILIKE '%gasas%' OR \"products\".\"code\" ILIKE '%gasas%' OR \"products\".\"barcode\" ILIKE '%gasas%') AND \"products\".\"category_id\" = 'e2719460-eeea-4683-8a83-7d407e282dee' AND \"products\".\"is_active\" = true AND \"products\".\"requires_prescription\" = true ORDER BY \"products\".\"name\" ASC LIMIT 50 OFFSET 0;\u001b[39m","timestamp":"2025-12-02 14:26:31:2631"}
{"level":"\u001b[32minfo\u001b[39m","message":"\u001b[32m\u001b[0mGET /api/v1/inventory/products/?categoryId=e2719460-eeea-4683-8a83-7d407e282dee&isActive=true&requiresPrescription=true&search=gasas \u001b[32m200\u001b[0m 158.184 ms - 181\u001b[0m\u001b[39m","timestamp":"2025-12-02 14:26:31:2631"}
{"level":"\u001b[37mdebug\u001b[39m","message":"\u001b[37mExecuting (default): SELECT count(\"products\".\"id\") AS \"count\" FROM \"inventory\".\"products\" AS \"products\" LEFT OUTER JOIN \"inventory\".\"product_categories\" AS \"category\" ON \"products\".\"category_id\" = \"category\".\"id\" WHERE (\"products\".\"name\" ILIKE '%gasas%' OR \"products\".\"code\" ILIKE '%gasas%' OR \"products\".\"barcode\" ILIKE '%gasas%') AND \"products\".\"category_id\" = 'e2719460-eeea-4683-8a83-7d407e282dee' AND \"products\".\"is_active\" = true AND \"products\".\"requires_prescription\" = true;\u001b[39m","timestamp":"2025-12-02 14:27:00:270"}
{"level":"\u001b[37mdebug\u001b[39m","message":"\u001b[37mExecuting (default): SELECT \"products\".\"id\", \"products\".\"code\", \"products\".\"barcode\", \"products\".\"name\", \"products\".\"category_id\", \"products\".\"description\", \"products\".\"unit_of_measure\", \"products\".\"minimum_stock\", \"products\".\"maximum_stock\", \"products\".\"reorder_point\", \"products\".\"unit_cost\", \"products\".\"selling_price\", \"products\".\"requires_prescription\", \"products\".\"requires_refrigeration\", \"products\".\"expiration_alert_days\", \"products\".\"is_active\", \"category\".\"id\" AS \"category.id\", \"category\".\"name\" AS \"category.name\", \"category\".\"code\" AS \"category.code\" FROM \"inventory\".\"products\" AS \"products\" LEFT OUTER JOIN \"inventory\".\"product_categories\" AS \"category\" ON \"products\".\"category_id\" = \"category\".\"id\" WHERE (\"products\".\"name\" ILIKE '%gasas%' OR \"products\".\"code\" ILIKE '%gasas%' OR \"products\".\"barcode\" ILIKE '%gasas%') AND \"products\".\"category_id\" = 'e2719460-eeea-4683-8a83-7d407e282dee' AND \"products\".\"is_active\" = true AND \"products\".\"requires_prescription\" = true ORDER BY \"products\".\"name\" ASC LIMIT 10 OFFSET 0;\u001b[39m","timestamp":"2025-12-02 14:27:00:270"}
{"level":"\u001b[32minfo\u001b[39m","message":"\u001b[32m\u001b[0mGET /api/v1/inventory/products/?categoryId=e2719460-eeea-4683-8a83-7d407e282dee&isActive=true&requiresPrescription=true&search=gasas&limit=10&page=1 \u001b[32m200\u001b[0m 71.936 ms - 181\u001b[0m\u001b[39m","timestamp":"2025-12-02 14:27:00:270"}
{"level":"\u001b[37mdebug\u001b[39m","message":"\u001b[37mExecuting (default): SELECT count(\"products\".\"id\") AS \"count\" FROM \"inventory\".\"products\" AS \"products\" LEFT OUTER JOIN \"inventory\".\"product_categories\" AS \"category\" ON \"products\".\"category_id\" = \"category\".\"id\" WHERE (\"products\".\"name\" ILIKE '%gasas%' OR \"products\".\"code\" ILIKE '%gasas%' OR \"products\".\"barcode\" ILIKE '%gasas%') AND \"products\".\"category_id\" = 'e2719460-eeea-4683-8a83-7d407e282dee' AND \"products\".\"is_active\" = true AND \"products\".\"requires_prescription\" = true;\u001b[39m","timestamp":"2025-12-02 14:33:28:3328"}
{"level":"\u001b[37mdebug\u001b[39m","message":"\u001b[37mExecuting (default): SELECT \"products\".\"id\", \"products\".\"code\", \"products\".\"barcode\", \"products\".\"name\", \"products\".\"category_id\", \"products\".\"description\", \"products\".\"unit_of_measure\", \"products\".\"minimum_stock\", \"products\".\"maximum_stock\", \"products\".\"reorder_point\", \"products\".\"unit_cost\", \"products\".\"selling_price\", \"products\".\"requires_prescription\", \"products\".\"requires_refrigeration\", \"products\".\"expiration_alert_days\", \"products\".\"is_active\", \"category\".\"id\" AS \"category.id\", \"category\".\"name\" AS \"category.name\", \"category\".\"code\" AS \"category.code\" FROM \"inventory\".\"products\" AS \"products\" LEFT OUTER JOIN \"inventory\".\"product_categories\" AS \"category\" ON \"products\".\"category_id\" = \"category\".\"id\" WHERE (\"products\".\"name\" ILIKE '%gasas%' OR \"products\".\"code\" ILIKE '%gasas%' OR \"products\".\"barcode\" ILIKE '%gasas%') AND \"products\".\"category_id\" = 'e2719460-eeea-4683-8a83-7d407e282dee' AND \"products\".\"is_active\" = true AND \"products\".\"requires_prescription\" = true ORDER BY \"products\".\"name\" ASC LIMIT 10 OFFSET 0;\u001b[39m","timestamp":"2025-12-02 14:33:28:3328"}
{"level":"\u001b[32minfo\u001b[39m","message":"\u001b[32m\u001b[0mGET /api/v1/inventory/products/?categoryId=e2719460-eeea-4683-8a83-7d407e282dee&isActive=true&requiresPrescription=true&search=gasas&limit=10&page=1 \u001b[32m200\u001b[0m 238.108 ms - 181\u001b[0m\u001b[39m","timestamp":"2025-12-02 14:33:28:3328"}
{"level":"\u001b[37mdebug\u001b[39m","message":"\u001b[37mExecuting (default): SELECT count(\"products\".\"id\") AS \"count\" FROM \"inventory\".\"products\" AS \"products\" LEFT OUTER JOIN \"inventory\".\"product_categories\" AS \"category\" ON \"products\".\"category_id\" = \"category\".\"id\" WHERE \"products\".\"category_id\" = 'e2719460-eeea-4683-8a83-7d407e282dee' AND \"products\".\"is_active\" = false AND \"products\".\"requires_prescription\" = false;\u001b[39m","timestamp":"2025-12-02 14:33:40:3340"}
{"level":"\u001b[37mdebug\u001b[39m","message":"\u001b[37mExecuting (default): SELECT \"products\".\"id\", \"products\".\"code\", \"products\".\"barcode\", \"products\".\"name\", \"products\".\"category_id\", \"products\".\"description\", \"products\".\"unit_of_measure\", \"products\".\"minimum_stock\", \"products\".\"maximum_stock\", \"products\".\"reorder_point\", \"products\".\"unit_cost\", \"products\".\"selling_price\", \"products\".\"requires_prescription\", \"products\".\"requires_refrigeration\", \"products\".\"expiration_alert_days\", \"products\".\"is_active\", \"category\".\"id\" AS \"category.id\", \"category\".\"name\" AS \"category.name\", \"category\".\"code\" AS \"category.code\" FROM \"inventory\".\"products\" AS \"products\" LEFT OUTER JOIN \"inventory\".\"product_categories\" AS \"category\" ON \"products\".\"category_id\" = \"category\".\"id\" WHERE \"products\".\"category_id\" = 'e2719460-eeea-4683-8a83-7d407e282dee' AND \"products\".\"is_active\" = false AND \"products\".\"requires_prescription\" = false ORDER BY \"products\".\"name\" ASC LIMIT 10 OFFSET 0;\u001b[39m","timestamp":"2025-12-02 14:33:40:3340"}
{"level":"\u001b[32minfo\u001b[39m","message":"\u001b[32m\u001b[0mGET /api/v1/inventory/products/?categoryId=e2719460-eeea-4683-8a83-7d407e282dee&limit=10&page=1 \u001b[32m200\u001b[0m 42.465 ms - 181\u001b[0m\u001b[39m","timestamp":"2025-12-02 14:33:40:3340"}
{"level":"\u001b[37mdebug\u001b[39m","message":"\u001b[37mExecuting (default): SELECT count(\"products\".\"id\") AS \"count\" FROM \"inventory\".\"products\" AS \"products\" LEFT OUTER JOIN \"inventory\".\"product_categories\" AS \"category\" ON \"products\".\"category_id\" = \"category\".\"id\" WHERE \"products\".\"category_id\" = 'e2719460-eeea-4683-8a83-7d407e282dee' AND \"products\".\"is_active\" = false AND \"products\".\"requires_prescription\" = false;\u001b[39m","timestamp":"2025-12-02 14:33:45:3345"}
{"level":"\u001b[37mdebug\u001b[39m","message":"\u001b[37mExecuting (default): SELECT \"products\".\"id\", \"products\".\"code\", \"products\".\"barcode\", \"products\".\"name\", \"products\".\"category_id\", \"products\".\"description\", \"products\".\"unit_of_measure\", \"products\".\"minimum_stock\", \"products\".\"maximum_stock\", \"products\".\"reorder_point\", \"products\".\"unit_cost\", \"products\".\"selling_price\", \"products\".\"requires_prescription\", \"products\".\"requires_refrigeration\", \"products\".\"expiration_alert_days\", \"products\".\"is_active\", \"category\".\"id\" AS \"category.id\", \"category\".\"name\" AS \"category.name\", \"category\".\"code\" AS \"category.code\" FROM \"inventory\".\"products\" AS \"products\" LEFT OUTER JOIN \"inventory\".\"product_categories\" AS \"category\" ON \"products\".\"category_id\" = \"category\".\"id\" WHERE \"products\".\"category_id\" = 'e2719460-eeea-4683-8a83-7d407e282dee' AND \"products\".\"is_active\" = false AND \"products\".\"requires_prescription\" = false ORDER BY \"products\".\"name\" ASC LIMIT 50 OFFSET 0;\u001b[39m","timestamp":"2025-12-02 14:33:45:3345"}
{"level":"\u001b[32minfo\u001b[39m","message":"\u001b[32m\u001b[0mGET /api/v1/inventory/products/?categoryId=e2719460-eeea-4683-8a83-7d407e282dee \u001b[32m200\u001b[0m 13.670 ms - 181\u001b[0m\u001b[39m","timestamp":"2025-12-02 14:33:45:3345"}
{"level":"\u001b[37mdebug\u001b[39m","message":"\u001b[37mExecuting (default): SELECT count(\"products\".\"id\") AS \"count\" FROM \"inventory\".\"products\" AS \"products\" LEFT OUTER JOIN \"inventory\".\"product_categories\" AS \"category\" ON \"products\".\"category_id\" = \"category\".\"id\" WHERE \"products\".\"category_id\" = 'e2719460-eeea-4683-8a83-7d407e282dee' AND \"products\".\"is_active\" = true AND \"products\".\"requires_prescription\" = false;\u001b[39m","timestamp":"2025-12-02 14:35:05:355"}
{"level":"\u001b[37mdebug\u001b[39m","message":"\u001b[37mExecuting (default): SELECT \"products\".\"id\", \"products\".\"code\", \"products\".\"barcode\", \"products\".\"name\", \"products\".\"category_id\", \"products\".\"description\", \"products\".\"unit_of_measure\", \"products\".\"minimum_stock\", \"products\".\"maximum_stock\", \"products\".\"reorder_point\", \"products\".\"unit_cost\", \"products\".\"selling_price\", \"products\".\"requires_prescription\", \"products\".\"requires_refrigeration\", \"products\".\"expiration_alert_days\", \"products\".\"is_active\", \"category\".\"id\" AS \"category.id\", \"category\".\"name\" AS \"category.name\", \"category\".\"code\" AS \"category.code\" FROM \"inventory\".\"products\" AS \"products\" LEFT OUTER JOIN \"inventory\".\"product_categories\" AS \"category\" ON \"products\".\"category_id\" = \"category\".\"id\" WHERE \"products\".\"category_id\" = 'e2719460-eeea-4683-8a83-7d407e282dee' AND \"products\".\"is_active\" = true AND \"products\".\"requires_prescription\" = false ORDER BY \"products\".\"name\" ASC LIMIT 50 OFFSET 0;\u001b[39m","timestamp":"2025-12-02 14:35:05:355"}
{"level":"\u001b[32minfo\u001b[39m","message":"\u001b[32m\u001b[0mGET /api/v1/inventory/products/?categoryId=e2719460-eeea-4683-8a83-7d407e282dee&isActive=true \u001b[32m200\u001b[0m 310.355 ms - 181\u001b[0m\u001b[39m","timestamp":"2025-12-02 14:35:05:355"}
{"level":"\u001b[37mdebug\u001b[39m","message":"\u001b[37mExecuting (default): SELECT count(\"products\".\"id\") AS \"count\" FROM \"inventory\".\"products\" AS \"products\" LEFT OUTER JOIN \"inventory\".\"product_categories\" AS \"category\" ON \"products\".\"category_id\" = \"category\".\"id\" WHERE \"products\".\"category_id\" = 'e2719460-eeea-4683-8a83-7d407e282dee' AND \"products\".\"is_active\" = true AND \"products\".\"requires_prescription\" = true;\u001b[39m","timestamp":"2025-12-02 14:35:19:3519"}
{"level":"\u001b[37mdebug\u001b[39m","message":"\u001b[37mExecuting (default): SELECT \"products\".\"id\", \"products\".\"code\", \"products\".\"barcode\", \"products\".\"name\", \"products\".\"category_id\", \"products\".\"description\", \"products\".\"unit_of_measure\", \"products\".\"minimum_stock\", \"products\".\"maximum_stock\", \"products\".\"reorder_point\", \"products\".\"unit_cost\", \"products\".\"selling_price\", \"products\".\"requires_prescription\", \"products\".\"requires_refrigeration\", \"products\".\"expiration_alert_days\", \"products\".\"is_active\", \"category\".\"id\" AS \"category.id\", \"category\".\"name\" AS \"category.name\", \"category\".\"code\" AS \"category.code\" FROM \"inventory\".\"products\" AS \"products\" LEFT OUTER JOIN \"inventory\".\"product_categories\" AS \"category\" ON \"products\".\"category_id\" = \"category\".\"id\" WHERE \"products\".\"category_id\" = 'e2719460-eeea-4683-8a83-7d407e282dee' AND \"products\".\"is_active\" = true AND \"products\".\"requires_prescription\" = true ORDER BY \"products\".\"name\" ASC LIMIT 50 OFFSET 0;\u001b[39m","timestamp":"2025-12-02 14:35:19:3519"}
{"level":"\u001b[32minfo\u001b[39m","message":"\u001b[32m\u001b[0mGET /api/v1/inventory/products/?categoryId=e2719460-eeea-4683-8a83-7d407e282dee&isActive=true&requiresPrescription=true \u001b[32m200\u001b[0m 96.204 ms - 676\u001b[0m\u001b[39m","timestamp":"2025-12-02 14:35:19:3519"}
{"level":"\u001b[37mdebug\u001b[39m","message":"\u001b[37mExecuting (default): SELECT count(\"products\".\"id\") AS \"count\" FROM \"inventory\".\"products\" AS \"products\" LEFT OUTER JOIN \"inventory\".\"product_categories\" AS \"category\" ON \"products\".\"category_id\" = \"category\".\"id\" WHERE \"products\".\"is_active\" = true AND \"products\".\"requires_prescription\" = true;\u001b[39m","timestamp":"2025-12-02 14:35:37:3537"}
{"level":"\u001b[37mdebug\u001b[39m","message":"\u001b[37mExecuting (default): SELECT \"products\".\"id\", \"products\".\"code\", \"products\".\"barcode\", \"products\".\"name\", \"products\".\"category_id\", \"products\".\"description\", \"products\".\"unit_of_measure\", \"products\".\"minimum_stock\", \"products\".\"maximum_stock\", \"products\".\"reorder_point\", \"products\".\"unit_cost\", \"products\".\"selling_price\", \"products\".\"requires_prescription\", \"products\".\"requires_refrigeration\", \"products\".\"expiration_alert_days\", \"products\".\"is_active\", \"category\".\"id\" AS \"category.id\", \"category\".\"name\" AS \"category.name\", \"category\".\"code\" AS \"category.code\" FROM \"inventory\".\"products\" AS \"products\" LEFT OUTER JOIN \"inventory\".\"product_categories\" AS \"category\" ON \"products\".\"category_id\" = \"category\".\"id\" WHERE \"products\".\"is_active\" = true AND \"products\".\"requires_prescription\" = true ORDER BY \"products\".\"name\" ASC LIMIT 50 OFFSET 0;\u001b[39m","timestamp":"2025-12-02 14:35:37:3537"}
{"level":"\u001b[32minfo\u001b[39m","message":"\u001b[32m\u001b[0mGET /api/v1/inventory/products/?isActive=true&requiresPrescription=true \u001b[32m200\u001b[0m 32.334 ms - 676\u001b[0m\u001b[39m","timestamp":"2025-12-02 14:35:37:3537"}
{"level":"\u001b[32minfo\u001b[39m","message":"\u001b[32m\u001b[0mGET /api/v1/inventory/products/531fde4f-4f74-422a-b6dc-e4699989ba57 \u001b[33m401\u001b[0m 38.378 ms - 47\u001b[0m\u001b[39m","timestamp":"2025-12-02 14:56:12:5612"}
{"level":"\u001b[37mdebug\u001b[39m","message":"\u001b[37mExecuting (default): SELECT \"products\".\"id\", \"products\".\"code\", \"products\".\"barcode\", \"products\".\"name\", \"products\".\"category_id\", \"products\".\"description\", \"products\".\"unit_of_measure\", \"products\".\"minimum_stock\", \"products\".\"maximum_stock\", \"products\".\"reorder_point\", \"products\".\"unit_cost\", \"products\".\"selling_price\", \"products\".\"requires_prescription\", \"products\".\"requires_refrigeration\", \"products\".\"expiration_alert_days\", \"products\".\"is_active\", \"products\".\"createdAt\", \"products\".\"updatedAt\", \"category\".\"id\" AS \"category.id\", \"category\".\"name\" AS \"category.name\", \"category\".\"code\" AS \"category.code\" FROM \"inventory\".\"products\" AS \"products\" LEFT OUTER JOIN \"inventory\".\"product_categories\" AS \"category\" ON \"products\".\"category_id\" = \"category\".\"id\" WHERE \"products\".\"id\" = '531fde4f-4f74-422a-b6dc-e4699989ba57';\u001b[39m","timestamp":"2025-12-02 14:56:18:5618"}
{"level":"\u001b[31merror\u001b[39m","message":"\u001b[31mError finding product by ID:\u001b[39m","name":"SequelizeDatabaseError","original":{"code":"42703","file":"parse_relation.c","hint":"Perhaps you meant to reference the column \"products.created_at\".","length":183,"line":"3729","name":"error","position":"436","routine":"errorMissingColumn","severity":"ERROR","sql":"SELECT \"products\".\"id\", \"products\".\"code\", \"products\".\"barcode\", \"products\".\"name\", \"products\".\"category_id\", \"products\".\"description\", \"products\".\"unit_of_measure\", \"products\".\"minimum_stock\", \"products\".\"maximum_stock\", \"products\".\"reorder_point\", \"products\".\"unit_cost\", \"products\".\"selling_price\", \"products\".\"requires_prescription\", \"products\".\"requires_refrigeration\", \"products\".\"expiration_alert_days\", \"products\".\"is_active\", \"products\".\"createdAt\", \"products\".\"updatedAt\", \"category\".\"id\" AS \"category.id\", \"category\".\"name\" AS \"category.name\", \"category\".\"code\" AS \"category.code\" FROM \"inventory\".\"products\" AS \"products\" LEFT OUTER JOIN \"inventory\".\"product_categories\" AS \"category\" ON \"products\".\"category_id\" = \"category\".\"id\" WHERE \"products\".\"id\" = '531fde4f-4f74-422a-b6dc-e4699989ba57';"},"parameters":{},"parent":{"code":"42703","file":"parse_relation.c","hint":"Perhaps you meant to reference the column \"products.created_at\".","length":183,"line":"3729","name":"error","position":"436","routine":"errorMissingColumn","severity":"ERROR","sql":"SELECT \"products\".\"id\", \"products\".\"code\", \"products\".\"barcode\", \"products\".\"name\", \"products\".\"category_id\", \"products\".\"description\", \"products\".\"unit_of_measure\", \"products\".\"minimum_stock\", \"products\".\"maximum_stock\", \"products\".\"reorder_point\", \"products\".\"unit_cost\", \"products\".\"selling_price\", \"products\".\"requires_prescription\", \"products\".\"requires_refrigeration\", \"products\".\"expiration_alert_days\", \"products\".\"is_active\", \"products\".\"createdAt\", \"products\".\"updatedAt\", \"category\".\"id\" AS \"category.id\", \"category\".\"name\" AS \"category.name\", \"category\".\"code\" AS \"category.code\" FROM \"inventory\".\"products\" AS \"products\" LEFT OUTER JOIN \"inventory\".\"product_categories\" AS \"category\" ON \"products\".\"category_id\" = \"category\".\"id\" WHERE \"products\".\"id\" = '531fde4f-4f74-422a-b6dc-e4699989ba57';"},"sql":"SELECT \"products\".\"id\", \"products\".\"code\", \"products\".\"barcode\", \"products\".\"name\", \"products\".\"category_id\", \"products\".\"description\", \"products\".\"unit_of_measure\", \"products\".\"minimum_stock\", \"products\".\"maximum_stock\", \"products\".\"reorder_point\", \"products\".\"unit_cost\", \"products\".\"selling_price\", \"products\".\"requires_prescription\", \"products\".\"requires_refrigeration\", \"products\".\"expiration_alert_days\", \"products\".\"is_active\", \"products\".\"createdAt\", \"products\".\"updatedAt\", \"category\".\"id\" AS \"category.id\", \"category\".\"name\" AS \"category.name\", \"category\".\"code\" AS \"category.code\" FROM \"inventory\".\"products\" AS \"products\" LEFT OUTER JOIN \"inventory\".\"product_categories\" AS \"category\" ON \"products\".\"category_id\" = \"category\".\"id\" WHERE \"products\".\"id\" = '531fde4f-4f74-422a-b6dc-e4699989ba57';","timestamp":"2025-12-02 14:56:18:5618"}
{"level":"\u001b[32minfo\u001b[39m","message":"\u001b[32m\u001b[0mGET /api/v1/inventory/products/531fde4f-4f74-422a-b6dc-e4699989ba57 \u001b[33m404\u001b[0m 547.998 ms - 127\u001b[0m\u001b[39m","timestamp":"2025-12-02 14:56:18:5618"}
{"level":"\u001b[32minfo\u001b[39m","message":"\u001b[32m🚀 Server is running on port 3000\u001b[39m","timestamp":"2025-12-02 14:57:05:575"}
{"level":"\u001b[32minfo\u001b[39m","message":"\u001b[32m📚 API Documentation: http://localhost:3000/api-docs\u001b[39m","timestamp":"2025-12-02 14:57:05:575"}
{"level":"\u001b[32minfo\u001b[39m","message":"\u001b[32m🔍 API v1: http://localhost:3000/api/v1\u001b[39m","timestamp":"2025-12-02 14:57:05:575"}
{"level":"\u001b[32minfo\u001b[39m","message":"\u001b[32m❤️  Health check: http://localhost:3000/health\u001b[39m","timestamp":"2025-12-02 14:57:05:575"}
{"level":"\u001b[37mdebug\u001b[39m","message":"\u001b[37mExecuting (default): SELECT 1+1 AS result\u001b[39m","timestamp":"2025-12-02 14:57:05:575"}
{"level":"\u001b[32minfo\u001b[39m","message":"\u001b[32m✅ Database connection established successfully\u001b[39m","timestamp":"2025-12-02 14:57:05:575"}
{"level":"\u001b[32minfo\u001b[39m","message":"\u001b[32m📊 Connected to: dev-cmdv@localhost\u001b[39m","timestamp":"2025-12-02 14:57:05:575"}
{"level":"\u001b[37mdebug\u001b[39m","message":"\u001b[37mExecuting (default): SELECT \"products\".\"id\", \"products\".\"code\", \"products\".\"barcode\", \"products\".\"name\", \"products\".\"category_id\", \"products\".\"description\", \"products\".\"unit_of_measure\", \"products\".\"minimum_stock\", \"products\".\"maximum_stock\", \"products\".\"reorder_point\", \"products\".\"unit_cost\", \"products\".\"selling_price\", \"products\".\"requires_prescription\", \"products\".\"requires_refrigeration\", \"products\".\"expiration_alert_days\", \"products\".\"is_active\", \"category\".\"id\" AS \"category.id\", \"category\".\"name\" AS \"category.name\", \"category\".\"code\" AS \"category.code\" FROM \"inventory\".\"products\" AS \"products\" LEFT OUTER JOIN \"inventory\".\"product_categories\" AS \"category\" ON \"products\".\"category_id\" = \"category\".\"id\" WHERE \"products\".\"id\" = '531fde4f-4f74-422a-b6dc-e4699989ba57';\u001b[39m","timestamp":"2025-12-02 14:57:08:578"}
{"level":"\u001b[32minfo\u001b[39m","message":"\u001b[32m\u001b[0mGET /api/v1/inventory/products/531fde4f-4f74-422a-b6dc-e4699989ba57 \u001b[32m200\u001b[0m 39.319 ms - 640\u001b[0m\u001b[39m","timestamp":"2025-12-02 14:57:08:578"}
{"level":"\u001b[32minfo\u001b[39m","message":"\u001b[32m🚀 Server is running on port 3000\u001b[39m","timestamp":"2025-12-02 14:59:39:5939"}
{"level":"\u001b[32minfo\u001b[39m","message":"\u001b[32m📚 API Documentation: http://localhost:3000/api-docs\u001b[39m","timestamp":"2025-12-02 14:59:39:5939"}
{"level":"\u001b[32minfo\u001b[39m","message":"\u001b[32m🔍 API v1: http://localhost:3000/api/v1\u001b[39m","timestamp":"2025-12-02 14:59:39:5939"}
{"level":"\u001b[32minfo\u001b[39m","message":"\u001b[32m❤️  Health check: http://localhost:3000/health\u001b[39m","timestamp":"2025-12-02 14:59:39:5939"}
{"level":"\u001b[37mdebug\u001b[39m","message":"\u001b[37mExecuting (default): SELECT 1+1 AS result\u001b[39m","timestamp":"2025-12-02 14:59:39:5939"}
{"level":"\u001b[32minfo\u001b[39m","message":"\u001b[32m✅ Database connection established successfully\u001b[39m","timestamp":"2025-12-02 14:59:39:5939"}
{"level":"\u001b[32minfo\u001b[39m","message":"\u001b[32m📊 Connected to: dev-cmdv@localhost\u001b[39m","timestamp":"2025-12-02 14:59:39:5939"}
{"level":"\u001b[32minfo\u001b[39m","message":"\u001b[32m🚀 Server is running on port 3000\u001b[39m","timestamp":"2025-12-02 14:59:47:5947"}
{"level":"\u001b[32minfo\u001b[39m","message":"\u001b[32m📚 API Documentation: http://localhost:3000/api-docs\u001b[39m","timestamp":"2025-12-02 14:59:47:5947"}
{"level":"\u001b[32minfo\u001b[39m","message":"\u001b[32m🔍 API v1: http://localhost:3000/api/v1\u001b[39m","timestamp":"2025-12-02 14:59:47:5947"}
{"level":"\u001b[32minfo\u001b[39m","message":"\u001b[32m❤️  Health check: http://localhost:3000/health\u001b[39m","timestamp":"2025-12-02 14:59:47:5947"}
{"level":"\u001b[37mdebug\u001b[39m","message":"\u001b[37mExecuting (default): SELECT 1+1 AS result\u001b[39m","timestamp":"2025-12-02 14:59:47:5947"}
{"level":"\u001b[32minfo\u001b[39m","message":"\u001b[32m✅ Database connection established successfully\u001b[39m","timestamp":"2025-12-02 14:59:47:5947"}
{"level":"\u001b[32minfo\u001b[39m","message":"\u001b[32m📊 Connected to: dev-cmdv@localhost\u001b[39m","timestamp":"2025-12-02 14:59:47:5947"}
{"level":"\u001b[37mdebug\u001b[39m","message":"\u001b[37mExecuting (default): SELECT \"products\".\"id\", \"products\".\"code\", \"products\".\"barcode\", \"products\".\"name\", \"products\".\"category_id\", \"products\".\"description\", \"products\".\"unit_of_measure\", \"products\".\"minimum_stock\", \"products\".\"maximum_stock\", \"products\".\"reorder_point\", \"products\".\"unit_cost\", \"products\".\"selling_price\", \"products\".\"requires_prescription\", \"products\".\"requires_refrigeration\", \"products\".\"expiration_alert_days\", \"products\".\"is_active\", \"products\".\"created_at\", \"products\".\"updated_at\", \"category\".\"id\" AS \"category.id\", \"category\".\"name\" AS \"category.name\", \"category\".\"code\" AS \"category.code\" FROM \"inventory\".\"products\" AS \"products\" LEFT OUTER JOIN \"inventory\".\"product_categories\" AS \"category\" ON \"products\".\"category_id\" = \"category\".\"id\" WHERE \"products\".\"id\" = '531fde4f-4f74-422a-b6dc-e4699989ba57';\u001b[39m","timestamp":"2025-12-02 14:59:49:5949"}
{"level":"\u001b[32minfo\u001b[39m","message":"\u001b[32m\u001b[0mGET /api/v1/inventory/products/531fde4f-4f74-422a-b6dc-e4699989ba57 \u001b[32m200\u001b[0m 53.028 ms - 718\u001b[0m\u001b[39m","timestamp":"2025-12-02 14:59:49:5949"}
{"level":"\u001b[37mdebug\u001b[39m","message":"\u001b[37mExecuting (default): SELECT \"products\".\"id\", \"products\".\"code\", \"products\".\"barcode\", \"products\".\"name\", \"products\".\"category_id\", \"products\".\"description\", \"products\".\"unit_of_measure\", \"products\".\"minimum_stock\", \"products\".\"maximum_stock\", \"products\".\"reorder_point\", \"products\".\"unit_cost\", \"products\".\"selling_price\", \"products\".\"requires_prescription\", \"products\".\"requires_refrigeration\", \"products\".\"expiration_alert_days\", \"products\".\"is_active\", \"products\".\"created_at\", \"products\".\"updated_at\", \"warehouse_stocks\".\"id\" AS \"warehouse_stocks.id\", \"warehouse_stocks\".\"warehouse_id\" AS \"warehouse_stocks.warehouse_id\", \"warehouse_stocks\".\"product_id\" AS \"warehouse_stocks.product_id\", \"warehouse_stocks\".\"quantity\" AS \"warehouse_stocks.quantity\", \"warehouse_stocks\".\"reserved_quantity\" AS \"warehouse_stocks.reserved_quantity\", \"warehouse_stocks\".\"available_quantity\" AS \"warehouse_stocks.available_quantity\", \"warehouse_stocks\".\"last_updated\" AS \"warehouse_stocks.last_updated\", \"warehouse_stocks->warehouse\".\"id\" AS \"warehouse_stocks.warehouse.id\", \"warehouse_stocks->warehouse\".\"name\" AS \"warehouse_stocks.warehouse.name\", \"warehouse_stocks->warehouse\".\"code\" AS \"warehouse_stocks.warehouse.code\" FROM \"inventory\".\"products\" AS \"products\" INNER JOIN \"inventory\".\"warehouse_stock\" AS \"warehouse_stocks\" ON \"products\".\"id\" = \"warehouse_stocks\".\"product_id\" AND \"warehouse_stocks\".\"quantity\" < \"products\".\"minimum_stock\" LEFT OUTER JOIN \"inventory\".\"warehouses\" AS \"warehouse_stocks->warehouse\" ON \"warehouse_stocks\".\"warehouse_id\" = \"warehouse_stocks->warehouse\".\"id\" WHERE \"products\".\"is_active\" = true;\u001b[39m","timestamp":"2025-12-02 15:00:19:019"}
{"level":"\u001b[32minfo\u001b[39m","message":"\u001b[32m\u001b[0mGET /api/v1/inventory/products/low-stock \u001b[32m200\u001b[0m 93.780 ms - 148\u001b[0m\u001b[39m","timestamp":"2025-12-02 15:00:19:019"}
{"level":"\u001b[37mdebug\u001b[39m","message":"\u001b[37mExecuting (default): SELECT \"products\".\"id\", \"products\".\"code\", \"products\".\"barcode\", \"products\".\"name\", \"products\".\"category_id\", \"products\".\"description\", \"products\".\"unit_of_measure\", \"products\".\"minimum_stock\", \"products\".\"maximum_stock\", \"products\".\"reorder_point\", \"products\".\"unit_cost\", \"products\".\"selling_price\", \"products\".\"requires_prescription\", \"products\".\"requires_refrigeration\", \"products\".\"expiration_alert_days\", \"products\".\"is_active\", \"products\".\"created_at\", \"products\".\"updated_at\", \"category\".\"id\" AS \"category.id\", \"category\".\"name\" AS \"category.name\", \"category\".\"code\" AS \"category.code\" FROM \"inventory\".\"products\" AS \"products\" LEFT OUTER JOIN \"inventory\".\"product_categories\" AS \"category\" ON \"products\".\"category_id\" = \"category\".\"id\" WHERE \"products\".\"code\" = 'MED-INS01';\u001b[39m","timestamp":"2025-12-02 15:03:17:317"}
{"level":"\u001b[37mdebug\u001b[39m","message":"\u001b[37mExecuting (default): INSERT INTO \"inventory\".\"products\" (\"id\",\"code\",\"barcode\",\"name\",\"category_id\",\"description\",\"unit_of_measure\",\"minimum_stock\",\"maximum_stock\",\"reorder_point\",\"unit_cost\",\"selling_price\",\"requires_prescription\",\"requires_refrigeration\",\"expiration_alert_days\",\"is_active\",\"created_at\",\"updated_at\") VALUES ($1,$2,$3,$4,$5,$6,$7,$8,$9,$10,$11,$12,$13,$14,$15,$16,$17,$18) RETURNING \"id\",\"code\",\"barcode\",\"name\",\"category_id\",\"description\",\"unit_of_measure\",\"minimum_stock\",\"maximum_stock\",\"reorder_point\",\"unit_cost\",\"selling_price\",\"requires_prescription\",\"requires_refrigeration\",\"expiration_alert_days\",\"is_active\",\"created_at\",\"updated_at\";\u001b[39m","timestamp":"2025-12-02 15:03:17:317"}
{"level":"\u001b[32minfo\u001b[39m","message":"\u001b[32m\u001b[0mPOST /api/v1/inventory/products/ \u001b[32m201\u001b[0m 158.959 ms - 664\u001b[0m\u001b[39m","timestamp":"2025-12-02 15:03:17:317"}
{"level":"\u001b[37mdebug\u001b[39m","message":"\u001b[37mExecuting (default): SELECT \"products\".\"id\", \"products\".\"code\", \"products\".\"barcode\", \"products\".\"name\", \"products\".\"category_id\", \"products\".\"description\", \"products\".\"unit_of_measure\", \"products\".\"minimum_stock\", \"products\".\"maximum_stock\", \"products\".\"reorder_point\", \"products\".\"unit_cost\", \"products\".\"selling_price\", \"products\".\"requires_prescription\", \"products\".\"requires_refrigeration\", \"products\".\"expiration_alert_days\", \"products\".\"is_active\", \"products\".\"created_at\", \"products\".\"updated_at\", \"category\".\"id\" AS \"category.id\", \"category\".\"name\" AS \"category.name\", \"category\".\"code\" AS \"category.code\" FROM \"inventory\".\"products\" AS \"products\" LEFT OUTER JOIN \"inventory\".\"product_categories\" AS \"category\" ON \"products\".\"category_id\" = \"category\".\"id\" WHERE \"products\".\"code\" = 'MAT-VEND02';\u001b[39m","timestamp":"2025-12-02 15:03:35:335"}
{"level":"\u001b[37mdebug\u001b[39m","message":"\u001b[37mExecuting (default): INSERT INTO \"inventory\".\"products\" (\"id\",\"code\",\"name\",\"category_id\",\"unit_of_measure\",\"minimum_stock\",\"maximum_stock\",\"unit_cost\",\"selling_price\",\"requires_prescription\",\"requires_refrigeration\",\"expiration_alert_days\",\"is_active\",\"created_at\",\"updated_at\") VALUES ($1,$2,$3,$4,$5,$6,$7,$8,$9,$10,$11,$12,$13,$14,$15) RETURNING \"id\",\"code\",\"barcode\",\"name\",\"category_id\",\"description\",\"unit_of_measure\",\"minimum_stock\",\"maximum_stock\",\"reorder_point\",\"unit_cost\",\"selling_price\",\"requires_prescription\",\"requires_refrigeration\",\"expiration_alert_days\",\"is_active\",\"created_at\",\"updated_at\";\u001b[39m","timestamp":"2025-12-02 15:03:35:335"}
{"level":"\u001b[32minfo\u001b[39m","message":"\u001b[32m\u001b[0mPOST /api/v1/inventory/products/ \u001b[32m201\u001b[0m 46.027 ms - 612\u001b[0m\u001b[39m","timestamp":"2025-12-02 15:03:35:335"}
{"level":"\u001b[37mdebug\u001b[39m","message":"\u001b[37mExecuting (default): SELECT \"products\".\"id\", \"products\".\"code\", \"products\".\"barcode\", \"products\".\"name\", \"products\".\"category_id\", \"products\".\"description\", \"products\".\"unit_of_measure\", \"products\".\"minimum_stock\", \"products\".\"maximum_stock\", \"products\".\"reorder_point\", \"products\".\"unit_cost\", \"products\".\"selling_price\", \"products\".\"requires_prescription\", \"products\".\"requires_refrigeration\", \"products\".\"expiration_alert_days\", \"products\".\"is_active\", \"products\".\"created_at\", \"products\".\"updated_at\", \"category\".\"id\" AS \"category.id\", \"category\".\"name\" AS \"category.name\", \"category\".\"code\" AS \"category.code\" FROM \"inventory\".\"products\" AS \"products\" LEFT OUTER JOIN \"inventory\".\"product_categories\" AS \"category\" ON \"products\".\"category_id\" = \"category\".\"id\" WHERE \"products\".\"id\" = '531fde4f-4f74-422a-b6dc-e4699989ba57';\u001b[39m","timestamp":"2025-12-02 15:05:40:540"}
{"level":"\u001b[37mdebug\u001b[39m","message":"\u001b[37mExecuting (default): SELECT \"products\".\"id\", \"products\".\"code\", \"products\".\"barcode\", \"products\".\"name\", \"products\".\"category_id\", \"products\".\"description\", \"products\".\"unit_of_measure\", \"products\".\"minimum_stock\", \"products\".\"maximum_stock\", \"products\".\"reorder_point\", \"products\".\"unit_cost\", \"products\".\"selling_price\", \"products\".\"requires_prescription\", \"products\".\"requires_refrigeration\", \"products\".\"expiration_alert_days\", \"products\".\"is_active\", \"products\".\"created_at\", \"products\".\"updated_at\", \"category\".\"id\" AS \"category.id\", \"category\".\"name\" AS \"category.name\", \"category\".\"code\" AS \"category.code\" FROM \"inventory\".\"products\" AS \"products\" LEFT OUTER JOIN \"inventory\".\"product_categories\" AS \"category\" ON \"products\".\"category_id\" = \"category\".\"id\" WHERE \"products\".\"code\" = 'MAT-VEND02';\u001b[39m","timestamp":"2025-12-02 15:05:40:540"}
{"level":"\u001b[32minfo\u001b[39m","message":"\u001b[32m\u001b[0mPUT /api/v1/inventory/products/531fde4f-4f74-422a-b6dc-e4699989ba57 \u001b[33m409\u001b[0m 90.910 ms - 137\u001b[0m\u001b[39m","timestamp":"2025-12-02 15:05:40:540"}
{"level":"\u001b[37mdebug\u001b[39m","message":"\u001b[37mExecuting (default): SELECT \"products\".\"id\", \"products\".\"code\", \"products\".\"barcode\", \"products\".\"name\", \"products\".\"category_id\", \"products\".\"description\", \"products\".\"unit_of_measure\", \"products\".\"minimum_stock\", \"products\".\"maximum_stock\", \"products\".\"reorder_point\", \"products\".\"unit_cost\", \"products\".\"selling_price\", \"products\".\"requires_prescription\", \"products\".\"requires_refrigeration\", \"products\".\"expiration_alert_days\", \"products\".\"is_active\", \"products\".\"created_at\", \"products\".\"updated_at\", \"category\".\"id\" AS \"category.id\", \"category\".\"name\" AS \"category.name\", \"category\".\"code\" AS \"category.code\" FROM \"inventory\".\"products\" AS \"products\" LEFT OUTER JOIN \"inventory\".\"product_categories\" AS \"category\" ON \"products\".\"category_id\" = \"category\".\"id\" WHERE \"products\".\"id\" = 'fe5af97c-10e3-4d8e-8864-fef46b4f9d36';\u001b[39m","timestamp":"2025-12-02 15:05:53:553"}
{"level":"\u001b[37mdebug\u001b[39m","message":"\u001b[37mExecuting (default): UPDATE \"inventory\".\"products\" SET \"code\"=$1,\"barcode\"=$2,\"name\"=$3,\"category_id\"=$4,\"unit_of_measure\"=$5,\"minimum_stock\"=$6,\"maximum_stock\"=$7,\"reorder_point\"=$8,\"unit_cost\"=$9,\"selling_price\"=$10,\"requires_prescription\"=$11,\"requires_refrigeration\"=$12,\"updated_at\"=$13 WHERE \"id\" = $14\u001b[39m","timestamp":"2025-12-02 15:05:53:553"}
{"level":"\u001b[37mdebug\u001b[39m","message":"\u001b[37mExecuting (default): SELECT \"products\".\"id\", \"products\".\"code\", \"products\".\"barcode\", \"products\".\"name\", \"products\".\"category_id\", \"products\".\"description\", \"products\".\"unit_of_measure\", \"products\".\"minimum_stock\", \"products\".\"maximum_stock\", \"products\".\"reorder_point\", \"products\".\"unit_cost\", \"products\".\"selling_price\", \"products\".\"requires_prescription\", \"products\".\"requires_refrigeration\", \"products\".\"expiration_alert_days\", \"products\".\"is_active\", \"products\".\"created_at\", \"products\".\"updated_at\", \"category\".\"id\" AS \"category.id\", \"category\".\"name\" AS \"category.name\", \"category\".\"code\" AS \"category.code\" FROM \"inventory\".\"products\" AS \"products\" LEFT OUTER JOIN \"inventory\".\"product_categories\" AS \"category\" ON \"products\".\"category_id\" = \"category\".\"id\" WHERE \"products\".\"id\" = 'fe5af97c-10e3-4d8e-8864-fef46b4f9d36';\u001b[39m","timestamp":"2025-12-02 15:05:53:553"}
{"level":"\u001b[32minfo\u001b[39m","message":"\u001b[32m\u001b[0mPUT /api/v1/inventory/products/fe5af97c-10e3-4d8e-8864-fef46b4f9d36 \u001b[32m200\u001b[0m 85.676 ms - 671\u001b[0m\u001b[39m","timestamp":"2025-12-02 15:05:53:553"}
{"level":"\u001b[31merror\u001b[39m","message":"\u001b[31mError finding warehouses:\u001b[39m","timestamp":"2025-12-02 15:09:42:942"}
{"level":"\u001b[32minfo\u001b[39m","message":"\u001b[32m\u001b[0mGET /api/v1/inventory/warehouses \u001b[32m200\u001b[0m 91.691 ms - 140\u001b[0m\u001b[39m","timestamp":"2025-12-02 15:09:42:942"}
{"level":"\u001b[32minfo\u001b[39m","message":"\u001b[32m\u001b[0mPOST /api/v1/auth/create-user-by-admin \u001b[33m401\u001b[0m 66.788 ms - 54\u001b[0m\u001b[39m","timestamp":"2025-12-02 15:14:02:142"}
{"level":"\u001b[32minfo\u001b[39m","message":"\u001b[32m\u001b[0mPOST /api/v1/auth/create-user-by-admin \u001b[33m400\u001b[0m 32.208 ms - 212\u001b[0m\u001b[39m","timestamp":"2025-12-02 15:14:09:149"}
{"level":"\u001b[37mdebug\u001b[39m","message":"\u001b[37mExecuting (default): INSERT INTO \"core\".\"users\" (\"id\",\"username\",\"email\",\"password_hash\",\"full_name\",\"role\",\"is_active\",\"failed_login_attempts\",\"created_at\",\"updated_at\") VALUES ($1,$2,$3,$4,$5,$6,$7,$8,$9,$10) RETURNING \"id\",\"username\",\"email\",\"password_hash\",\"full_name\",\"role\",\"is_active\",\"last_login\",\"password_changed_at\",\"failed_login_attempts\",\"locked_until\",\"created_by\",\"updated_by\",\"created_at\",\"updated_at\";\u001b[39m","timestamp":"2025-12-02 15:14:26:1426"}
{"level":"\u001b[32minfo\u001b[39m","message":"\u001b[32m\u001b[0mPOST /api/v1/auth/create-user-by-admin \u001b[32m200\u001b[0m 219.368 ms - 273\u001b[0m\u001b[39m","timestamp":"2025-12-02 15:14:26:1426"}
{"level":"\u001b[31merror\u001b[39m","message":"\u001b[31mError finding warehouses:\u001b[39m","timestamp":"2025-12-02 15:15:25:1525"}
{"level":"\u001b[32minfo\u001b[39m","message":"\u001b[32m\u001b[0mGET /api/v1/inventory/warehouses \u001b[32m200\u001b[0m 6.756 ms - 140\u001b[0m\u001b[39m","timestamp":"2025-12-02 15:15:25:1525"}
{"level":"\u001b[32minfo\u001b[39m","message":"\u001b[32m🚀 Server is running on port 3000\u001b[39m","timestamp":"2025-12-02 15:16:53:1653"}
{"level":"\u001b[32minfo\u001b[39m","message":"\u001b[32m📚 API Documentation: http://localhost:3000/api-docs\u001b[39m","timestamp":"2025-12-02 15:16:53:1653"}
{"level":"\u001b[32minfo\u001b[39m","message":"\u001b[32m🔍 API v1: http://localhost:3000/api/v1\u001b[39m","timestamp":"2025-12-02 15:16:53:1653"}
{"level":"\u001b[32minfo\u001b[39m","message":"\u001b[32m❤️  Health check: http://localhost:3000/health\u001b[39m","timestamp":"2025-12-02 15:16:53:1653"}
{"level":"\u001b[37mdebug\u001b[39m","message":"\u001b[37mExecuting (default): SELECT 1+1 AS result\u001b[39m","timestamp":"2025-12-02 15:16:53:1653"}
{"level":"\u001b[32minfo\u001b[39m","message":"\u001b[32m✅ Database connection established successfully\u001b[39m","timestamp":"2025-12-02 15:16:53:1653"}
{"level":"\u001b[32minfo\u001b[39m","message":"\u001b[32m📊 Connected to: dev-cmdv@localhost\u001b[39m","timestamp":"2025-12-02 15:16:53:1653"}
{"level":"\u001b[31merror\u001b[39m","message":"\u001b[31mError finding warehouses:\u001b[39m","timestamp":"2025-12-02 15:16:55:1655"}
{"level":"\u001b[32minfo\u001b[39m","message":"\u001b[32m\u001b[0mGET /api/v1/inventory/warehouses \u001b[32m200\u001b[0m 17.064 ms - 140\u001b[0m\u001b[39m","timestamp":"2025-12-02 15:16:55:1655"}
{"level":"\u001b[32minfo\u001b[39m","message":"\u001b[32m🚀 Server is running on port 3000\u001b[39m","timestamp":"2025-12-02 15:17:13:1713"}
{"level":"\u001b[32minfo\u001b[39m","message":"\u001b[32m📚 API Documentation: http://localhost:3000/api-docs\u001b[39m","timestamp":"2025-12-02 15:17:13:1713"}
{"level":"\u001b[32minfo\u001b[39m","message":"\u001b[32m🔍 API v1: http://localhost:3000/api/v1\u001b[39m","timestamp":"2025-12-02 15:17:13:1713"}
{"level":"\u001b[32minfo\u001b[39m","message":"\u001b[32m❤️  Health check: http://localhost:3000/health\u001b[39m","timestamp":"2025-12-02 15:17:13:1713"}
{"level":"\u001b[37mdebug\u001b[39m","message":"\u001b[37mExecuting (default): SELECT 1+1 AS result\u001b[39m","timestamp":"2025-12-02 15:17:13:1713"}
{"level":"\u001b[32minfo\u001b[39m","message":"\u001b[32m✅ Database connection established successfully\u001b[39m","timestamp":"2025-12-02 15:17:13:1713"}
{"level":"\u001b[32minfo\u001b[39m","message":"\u001b[32m📊 Connected to: dev-cmdv@localhost\u001b[39m","timestamp":"2025-12-02 15:17:13:1713"}
{"level":"\u001b[32minfo\u001b[39m","message":"\u001b[32m🚀 Server is running on port 3000\u001b[39m","timestamp":"2025-12-02 15:17:25:1725"}
{"level":"\u001b[32minfo\u001b[39m","message":"\u001b[32m📚 API Documentation: http://localhost:3000/api-docs\u001b[39m","timestamp":"2025-12-02 15:17:25:1725"}
{"level":"\u001b[32minfo\u001b[39m","message":"\u001b[32m🔍 API v1: http://localhost:3000/api/v1\u001b[39m","timestamp":"2025-12-02 15:17:25:1725"}
{"level":"\u001b[32minfo\u001b[39m","message":"\u001b[32m❤️  Health check: http://localhost:3000/health\u001b[39m","timestamp":"2025-12-02 15:17:25:1725"}
{"level":"\u001b[37mdebug\u001b[39m","message":"\u001b[37mExecuting (default): SELECT 1+1 AS result\u001b[39m","timestamp":"2025-12-02 15:17:25:1725"}
{"level":"\u001b[32minfo\u001b[39m","message":"\u001b[32m✅ Database connection established successfully\u001b[39m","timestamp":"2025-12-02 15:17:25:1725"}
{"level":"\u001b[32minfo\u001b[39m","message":"\u001b[32m📊 Connected to: dev-cmdv@localhost\u001b[39m","timestamp":"2025-12-02 15:17:25:1725"}
{"level":"\u001b[31merror\u001b[39m","message":"\u001b[31mError finding warehouses:\u001b[39m","timestamp":"2025-12-02 15:17:29:1729"}
{"level":"\u001b[32minfo\u001b[39m","message":"\u001b[32m\u001b[0mGET /api/v1/inventory/warehouses \u001b[32m200\u001b[0m 9.513 ms - 140\u001b[0m\u001b[39m","timestamp":"2025-12-02 15:17:29:1729"}
{"level":"\u001b[32minfo\u001b[39m","message":"\u001b[32m🚀 Server is running on port 3000\u001b[39m","timestamp":"2025-12-02 15:18:02:182"}
{"level":"\u001b[32minfo\u001b[39m","message":"\u001b[32m📚 API Documentation: http://localhost:3000/api-docs\u001b[39m","timestamp":"2025-12-02 15:18:02:182"}
{"level":"\u001b[32minfo\u001b[39m","message":"\u001b[32m🔍 API v1: http://localhost:3000/api/v1\u001b[39m","timestamp":"2025-12-02 15:18:02:182"}
{"level":"\u001b[32minfo\u001b[39m","message":"\u001b[32m❤️  Health check: http://localhost:3000/health\u001b[39m","timestamp":"2025-12-02 15:18:02:182"}
{"level":"\u001b[37mdebug\u001b[39m","message":"\u001b[37mExecuting (default): SELECT 1+1 AS result\u001b[39m","timestamp":"2025-12-02 15:18:02:182"}
{"level":"\u001b[32minfo\u001b[39m","message":"\u001b[32m✅ Database connection established successfully\u001b[39m","timestamp":"2025-12-02 15:18:02:182"}
{"level":"\u001b[32minfo\u001b[39m","message":"\u001b[32m📊 Connected to: dev-cmdv@localhost\u001b[39m","timestamp":"2025-12-02 15:18:02:182"}
{"level":"\u001b[31merror\u001b[39m","message":"\u001b[31mError finding warehouses:\u001b[39m","timestamp":"2025-12-02 15:18:04:184"}
{"level":"\u001b[32minfo\u001b[39m","message":"\u001b[32m\u001b[0mGET /api/v1/inventory/warehouses \u001b[32m200\u001b[0m 9.038 ms - 140\u001b[0m\u001b[39m","timestamp":"2025-12-02 15:18:04:184"}
{"level":"\u001b[32minfo\u001b[39m","message":"\u001b[32m🚀 Server is running on port 3000\u001b[39m","timestamp":"2025-12-02 15:19:05:195"}
{"level":"\u001b[32minfo\u001b[39m","message":"\u001b[32m📚 API Documentation: http://localhost:3000/api-docs\u001b[39m","timestamp":"2025-12-02 15:19:05:195"}
{"level":"\u001b[32minfo\u001b[39m","message":"\u001b[32m🔍 API v1: http://localhost:3000/api/v1\u001b[39m","timestamp":"2025-12-02 15:19:05:195"}
{"level":"\u001b[32minfo\u001b[39m","message":"\u001b[32m❤️  Health check: http://localhost:3000/health\u001b[39m","timestamp":"2025-12-02 15:19:05:195"}
{"level":"\u001b[37mdebug\u001b[39m","message":"\u001b[37mExecuting (default): SELECT 1+1 AS result\u001b[39m","timestamp":"2025-12-02 15:19:05:195"}
{"level":"\u001b[32minfo\u001b[39m","message":"\u001b[32m✅ Database connection established successfully\u001b[39m","timestamp":"2025-12-02 15:19:05:195"}
{"level":"\u001b[32minfo\u001b[39m","message":"\u001b[32m📊 Connected to: dev-cmdv@localhost\u001b[39m","timestamp":"2025-12-02 15:19:05:195"}
{"level":"\u001b[31merror\u001b[39m","message":"\u001b[31mError finding warehouses:\u001b[39m","timestamp":"2025-12-02 15:19:07:197"}
{"level":"\u001b[32minfo\u001b[39m","message":"\u001b[32m\u001b[0mGET /api/v1/inventory/warehouses \u001b[32m200\u001b[0m 16.334 ms - 140\u001b[0m\u001b[39m","timestamp":"2025-12-02 15:19:07:197"}
{"level":"\u001b[32minfo\u001b[39m","message":"\u001b[32m🚀 Server is running on port 3000\u001b[39m","timestamp":"2025-12-02 15:19:41:1941"}
{"level":"\u001b[32minfo\u001b[39m","message":"\u001b[32m📚 API Documentation: http://localhost:3000/api-docs\u001b[39m","timestamp":"2025-12-02 15:19:41:1941"}
{"level":"\u001b[32minfo\u001b[39m","message":"\u001b[32m🔍 API v1: http://localhost:3000/api/v1\u001b[39m","timestamp":"2025-12-02 15:19:41:1941"}
{"level":"\u001b[32minfo\u001b[39m","message":"\u001b[32m❤️  Health check: http://localhost:3000/health\u001b[39m","timestamp":"2025-12-02 15:19:41:1941"}
{"level":"\u001b[37mdebug\u001b[39m","message":"\u001b[37mExecuting (default): SELECT 1+1 AS result\u001b[39m","timestamp":"2025-12-02 15:19:41:1941"}
{"level":"\u001b[32minfo\u001b[39m","message":"\u001b[32m✅ Database connection established successfully\u001b[39m","timestamp":"2025-12-02 15:19:41:1941"}
{"level":"\u001b[32minfo\u001b[39m","message":"\u001b[32m📊 Connected to: dev-cmdv@localhost\u001b[39m","timestamp":"2025-12-02 15:19:41:1941"}
{"level":"\u001b[31merror\u001b[39m","message":"\u001b[31mError finding warehouses: TypeError: Cannot convert undefined or null to object\u001b[39m","timestamp":"2025-12-02 15:19:46:1946"}
{"level":"\u001b[32minfo\u001b[39m","message":"\u001b[32m\u001b[0mGET /api/v1/inventory/warehouses \u001b[32m200\u001b[0m 14.827 ms - 140\u001b[0m\u001b[39m","timestamp":"2025-12-02 15:19:46:1946"}
{"level":"\u001b[32minfo\u001b[39m","message":"\u001b[32m🚀 Server is running on port 3000\u001b[39m","timestamp":"2025-12-02 15:20:16:2016"}
{"level":"\u001b[32minfo\u001b[39m","message":"\u001b[32m📚 API Documentation: http://localhost:3000/api-docs\u001b[39m","timestamp":"2025-12-02 15:20:16:2016"}
{"level":"\u001b[32minfo\u001b[39m","message":"\u001b[32m🔍 API v1: http://localhost:3000/api/v1\u001b[39m","timestamp":"2025-12-02 15:20:16:2016"}
{"level":"\u001b[32minfo\u001b[39m","message":"\u001b[32m❤️  Health check: http://localhost:3000/health\u001b[39m","timestamp":"2025-12-02 15:20:16:2016"}
{"level":"\u001b[37mdebug\u001b[39m","message":"\u001b[37mExecuting (default): SELECT 1+1 AS result\u001b[39m","timestamp":"2025-12-02 15:20:16:2016"}
{"level":"\u001b[32minfo\u001b[39m","message":"\u001b[32m✅ Database connection established successfully\u001b[39m","timestamp":"2025-12-02 15:20:16:2016"}
{"level":"\u001b[32minfo\u001b[39m","message":"\u001b[32m📊 Connected to: dev-cmdv@localhost\u001b[39m","timestamp":"2025-12-02 15:20:16:2016"}
{"level":"\u001b[31merror\u001b[39m","message":"\u001b[31mError finding warehouses: TypeError: Cannot convert undefined or null to object\u001b[39m","timestamp":"2025-12-02 15:20:17:2017"}
{"level":"\u001b[32minfo\u001b[39m","message":"\u001b[32m\u001b[0mGET /api/v1/inventory/warehouses \u001b[32m200\u001b[0m 11.897 ms - 140\u001b[0m\u001b[39m","timestamp":"2025-12-02 15:20:17:2017"}
{"level":"\u001b[32minfo\u001b[39m","message":"\u001b[32m🚀 Server is running on port 3000\u001b[39m","timestamp":"2025-12-02 15:20:35:2035"}
{"level":"\u001b[32minfo\u001b[39m","message":"\u001b[32m📚 API Documentation: http://localhost:3000/api-docs\u001b[39m","timestamp":"2025-12-02 15:20:35:2035"}
{"level":"\u001b[32minfo\u001b[39m","message":"\u001b[32m🔍 API v1: http://localhost:3000/api/v1\u001b[39m","timestamp":"2025-12-02 15:20:35:2035"}
{"level":"\u001b[32minfo\u001b[39m","message":"\u001b[32m❤️  Health check: http://localhost:3000/health\u001b[39m","timestamp":"2025-12-02 15:20:35:2035"}
{"level":"\u001b[37mdebug\u001b[39m","message":"\u001b[37mExecuting (default): SELECT 1+1 AS result\u001b[39m","timestamp":"2025-12-02 15:20:35:2035"}
{"level":"\u001b[32minfo\u001b[39m","message":"\u001b[32m✅ Database connection established successfully\u001b[39m","timestamp":"2025-12-02 15:20:35:2035"}
{"level":"\u001b[32minfo\u001b[39m","message":"\u001b[32m📊 Connected to: dev-cmdv@localhost\u001b[39m","timestamp":"2025-12-02 15:20:35:2035"}
{"level":"\u001b[31merror\u001b[39m","message":"\u001b[31mError finding warehouses: TypeError: Cannot convert undefined or null to object\u001b[39m","timestamp":"2025-12-02 15:20:37:2037"}
{"level":"\u001b[32minfo\u001b[39m","message":"\u001b[32m\u001b[0mGET /api/v1/inventory/warehouses \u001b[32m200\u001b[0m 12.742 ms - 140\u001b[0m\u001b[39m","timestamp":"2025-12-02 15:20:37:2037"}
{"level":"\u001b[32minfo\u001b[39m","message":"\u001b[32m🚀 Server is running on port 3000\u001b[39m","timestamp":"2025-12-02 15:20:52:2052"}
{"level":"\u001b[32minfo\u001b[39m","message":"\u001b[32m📚 API Documentation: http://localhost:3000/api-docs\u001b[39m","timestamp":"2025-12-02 15:20:52:2052"}
{"level":"\u001b[32minfo\u001b[39m","message":"\u001b[32m🔍 API v1: http://localhost:3000/api/v1\u001b[39m","timestamp":"2025-12-02 15:20:52:2052"}
{"level":"\u001b[32minfo\u001b[39m","message":"\u001b[32m❤️  Health check: http://localhost:3000/health\u001b[39m","timestamp":"2025-12-02 15:20:52:2052"}
{"level":"\u001b[37mdebug\u001b[39m","message":"\u001b[37mExecuting (default): SELECT 1+1 AS result\u001b[39m","timestamp":"2025-12-02 15:20:52:2052"}
{"level":"\u001b[32minfo\u001b[39m","message":"\u001b[32m✅ Database connection established successfully\u001b[39m","timestamp":"2025-12-02 15:20:52:2052"}
{"level":"\u001b[32minfo\u001b[39m","message":"\u001b[32m📊 Connected to: dev-cmdv@localhost\u001b[39m","timestamp":"2025-12-02 15:20:52:2052"}
{"level":"\u001b[31merror\u001b[39m","message":"\u001b[31mError finding warehouses: TypeError: Cannot convert undefined or null to object\u001b[39m","timestamp":"2025-12-02 15:20:56:2056"}
{"level":"\u001b[32minfo\u001b[39m","message":"\u001b[32m\u001b[0mGET /api/v1/inventory/warehouses \u001b[32m200\u001b[0m 11.494 ms - 140\u001b[0m\u001b[39m","timestamp":"2025-12-02 15:20:56:2056"}
{"level":"\u001b[31merror\u001b[39m","message":"\u001b[31mError finding warehouse by ID:\u001b[39m","timestamp":"2025-12-02 15:26:05:265"}
{"level":"\u001b[32minfo\u001b[39m","message":"\u001b[32m\u001b[0mGET /api/v1/inventory/warehouses/40bf505b-5fd8-47fa-8fdd-df3914574a2d \u001b[33m404\u001b[0m 84.404 ms - 72\u001b[0m\u001b[39m","timestamp":"2025-12-02 15:26:05:265"}
{"level":"\u001b[32minfo\u001b[39m","message":"\u001b[32m🚀 Server is running on port 3000\u001b[39m","timestamp":"2025-12-02 15:26:38:2638"}
{"level":"\u001b[32minfo\u001b[39m","message":"\u001b[32m📚 API Documentation: http://localhost:3000/api-docs\u001b[39m","timestamp":"2025-12-02 15:26:38:2638"}
{"level":"\u001b[32minfo\u001b[39m","message":"\u001b[32m🔍 API v1: http://localhost:3000/api/v1\u001b[39m","timestamp":"2025-12-02 15:26:38:2638"}
{"level":"\u001b[32minfo\u001b[39m","message":"\u001b[32m❤️  Health check: http://localhost:3000/health\u001b[39m","timestamp":"2025-12-02 15:26:38:2638"}
{"level":"\u001b[37mdebug\u001b[39m","message":"\u001b[37mExecuting (default): SELECT 1+1 AS result\u001b[39m","timestamp":"2025-12-02 15:26:38:2638"}
{"level":"\u001b[32minfo\u001b[39m","message":"\u001b[32m✅ Database connection established successfully\u001b[39m","timestamp":"2025-12-02 15:26:38:2638"}
{"level":"\u001b[32minfo\u001b[39m","message":"\u001b[32m📊 Connected to: dev-cmdv@localhost\u001b[39m","timestamp":"2025-12-02 15:26:38:2638"}
{"level":"\u001b[31merror\u001b[39m","message":"\u001b[31mError finding warehouse by ID:TypeError: Cannot read properties of undefined (reading 'constructor')\u001b[39m","timestamp":"2025-12-02 15:26:39:2639"}
{"level":"\u001b[32minfo\u001b[39m","message":"\u001b[32m\u001b[0mGET /api/v1/inventory/warehouses/40bf505b-5fd8-47fa-8fdd-df3914574a2d \u001b[33m404\u001b[0m 15.873 ms - 72\u001b[0m\u001b[39m","timestamp":"2025-12-02 15:26:39:2639"}
{"level":"\u001b[32minfo\u001b[39m","message":"\u001b[32m🚀 Server is running on port 3000\u001b[39m","timestamp":"2025-12-02 15:28:56:2856"}
{"level":"\u001b[32minfo\u001b[39m","message":"\u001b[32m📚 API Documentation: http://localhost:3000/api-docs\u001b[39m","timestamp":"2025-12-02 15:28:56:2856"}
{"level":"\u001b[32minfo\u001b[39m","message":"\u001b[32m🔍 API v1: http://localhost:3000/api/v1\u001b[39m","timestamp":"2025-12-02 15:28:56:2856"}
{"level":"\u001b[32minfo\u001b[39m","message":"\u001b[32m❤️  Health check: http://localhost:3000/health\u001b[39m","timestamp":"2025-12-02 15:28:56:2856"}
{"level":"\u001b[37mdebug\u001b[39m","message":"\u001b[37mExecuting (default): SELECT 1+1 AS result\u001b[39m","timestamp":"2025-12-02 15:28:56:2856"}
{"level":"\u001b[32minfo\u001b[39m","message":"\u001b[32m✅ Database connection established successfully\u001b[39m","timestamp":"2025-12-02 15:28:56:2856"}
{"level":"\u001b[32minfo\u001b[39m","message":"\u001b[32m📊 Connected to: dev-cmdv@localhost\u001b[39m","timestamp":"2025-12-02 15:28:56:2856"}
{"level":"\u001b[37mdebug\u001b[39m","message":"\u001b[37mExecuting (default): SELECT \"warehouses\".\"id\", \"warehouses\".\"code\", \"warehouses\".\"name\", \"warehouses\".\"location\", \"warehouses\".\"manager_id\", \"warehouses\".\"capacity_m3\", \"warehouses\".\"temperature_controlled\", \"warehouses\".\"is_active\", \"warehouses\".\"updated_at\" AS \"updatedAt\", \"manager\".\"id\" AS \"manager.id\", \"manager\".\"full_name\" AS \"manager.full_name\", \"manager\".\"email\" AS \"manager.email\" FROM \"inventory\".\"warehouses\" AS \"warehouses\" LEFT OUTER JOIN \"core\".\"users\" AS \"manager\" ON \"warehouses\".\"manager_id\" = \"manager\".\"id\" ORDER BY \"warehouses\".\"name\" ASC;\u001b[39m","timestamp":"2025-12-02 15:30:17:3017"}
{"level":"\u001b[31merror\u001b[39m","message":"\u001b[31mError finding warehouses: SequelizeDatabaseError: column warehouses.updated_at does not exist\u001b[39m","timestamp":"2025-12-02 15:30:18:3018"}
{"level":"\u001b[32minfo\u001b[39m","message":"\u001b[32m\u001b[0mGET /api/v1/inventory/warehouses \u001b[32m200\u001b[0m 216.351 ms - 140\u001b[0m\u001b[39m","timestamp":"2025-12-02 15:30:18:3018"}
{"level":"\u001b[32minfo\u001b[39m","message":"\u001b[32m🚀 Server is running on port 3000\u001b[39m","timestamp":"2025-12-02 15:30:38:3038"}
{"level":"\u001b[32minfo\u001b[39m","message":"\u001b[32m📚 API Documentation: http://localhost:3000/api-docs\u001b[39m","timestamp":"2025-12-02 15:30:38:3038"}
{"level":"\u001b[32minfo\u001b[39m","message":"\u001b[32m🔍 API v1: http://localhost:3000/api/v1\u001b[39m","timestamp":"2025-12-02 15:30:38:3038"}
{"level":"\u001b[32minfo\u001b[39m","message":"\u001b[32m❤️  Health check: http://localhost:3000/health\u001b[39m","timestamp":"2025-12-02 15:30:38:3038"}
{"level":"\u001b[37mdebug\u001b[39m","message":"\u001b[37mExecuting (default): SELECT 1+1 AS result\u001b[39m","timestamp":"2025-12-02 15:30:38:3038"}
{"level":"\u001b[32minfo\u001b[39m","message":"\u001b[32m✅ Database connection established successfully\u001b[39m","timestamp":"2025-12-02 15:30:38:3038"}
{"level":"\u001b[32minfo\u001b[39m","message":"\u001b[32m📊 Connected to: dev-cmdv@localhost\u001b[39m","timestamp":"2025-12-02 15:30:38:3038"}
{"level":"\u001b[37mdebug\u001b[39m","message":"\u001b[37mExecuting (default): SELECT \"warehouses\".\"id\", \"warehouses\".\"code\", \"warehouses\".\"name\", \"warehouses\".\"location\", \"warehouses\".\"manager_id\", \"warehouses\".\"capacity_m3\", \"warehouses\".\"temperature_controlled\", \"warehouses\".\"is_active\", \"warehouses\".\"updated_at\" AS \"updatedAt\", \"manager\".\"id\" AS \"manager.id\", \"manager\".\"full_name\" AS \"manager.full_name\", \"manager\".\"email\" AS \"manager.email\" FROM \"inventory\".\"warehouses\" AS \"warehouses\" LEFT OUTER JOIN \"core\".\"users\" AS \"manager\" ON \"warehouses\".\"manager_id\" = \"manager\".\"id\" ORDER BY \"warehouses\".\"name\" ASC;\u001b[39m","timestamp":"2025-12-02 15:30:39:3039"}
{"level":"\u001b[31merror\u001b[39m","message":"\u001b[31mError finding warehouses: SequelizeDatabaseError: column warehouses.updated_at does not exist\u001b[39m","timestamp":"2025-12-02 15:30:39:3039"}
{"level":"\u001b[32minfo\u001b[39m","message":"\u001b[32m\u001b[0mGET /api/v1/inventory/warehouses \u001b[32m200\u001b[0m 38.657 ms - 140\u001b[0m\u001b[39m","timestamp":"2025-12-02 15:30:39:3039"}
{"level":"\u001b[32minfo\u001b[39m","message":"\u001b[32m🚀 Server is running on port 3000\u001b[39m","timestamp":"2025-12-02 15:31:30:3130"}
{"level":"\u001b[32minfo\u001b[39m","message":"\u001b[32m📚 API Documentation: http://localhost:3000/api-docs\u001b[39m","timestamp":"2025-12-02 15:31:30:3130"}
{"level":"\u001b[32minfo\u001b[39m","message":"\u001b[32m🔍 API v1: http://localhost:3000/api/v1\u001b[39m","timestamp":"2025-12-02 15:31:30:3130"}
{"level":"\u001b[32minfo\u001b[39m","message":"\u001b[32m❤️  Health check: http://localhost:3000/health\u001b[39m","timestamp":"2025-12-02 15:31:30:3130"}
{"level":"\u001b[37mdebug\u001b[39m","message":"\u001b[37mExecuting (default): SELECT 1+1 AS result\u001b[39m","timestamp":"2025-12-02 15:31:30:3130"}
{"level":"\u001b[32minfo\u001b[39m","message":"\u001b[32m✅ Database connection established successfully\u001b[39m","timestamp":"2025-12-02 15:31:30:3130"}
{"level":"\u001b[32minfo\u001b[39m","message":"\u001b[32m📊 Connected to: dev-cmdv@localhost\u001b[39m","timestamp":"2025-12-02 15:31:30:3130"}
{"level":"\u001b[32minfo\u001b[39m","message":"\u001b[32m🚀 Server is running on port 3000\u001b[39m","timestamp":"2025-12-02 15:31:38:3138"}
{"level":"\u001b[32minfo\u001b[39m","message":"\u001b[32m📚 API Documentation: http://localhost:3000/api-docs\u001b[39m","timestamp":"2025-12-02 15:31:38:3138"}
{"level":"\u001b[32minfo\u001b[39m","message":"\u001b[32m🔍 API v1: http://localhost:3000/api/v1\u001b[39m","timestamp":"2025-12-02 15:31:38:3138"}
{"level":"\u001b[32minfo\u001b[39m","message":"\u001b[32m❤️  Health check: http://localhost:3000/health\u001b[39m","timestamp":"2025-12-02 15:31:38:3138"}
{"level":"\u001b[37mdebug\u001b[39m","message":"\u001b[37mExecuting (default): SELECT 1+1 AS result\u001b[39m","timestamp":"2025-12-02 15:31:39:3139"}
{"level":"\u001b[32minfo\u001b[39m","message":"\u001b[32m✅ Database connection established successfully\u001b[39m","timestamp":"2025-12-02 15:31:39:3139"}
{"level":"\u001b[32minfo\u001b[39m","message":"\u001b[32m📊 Connected to: dev-cmdv@localhost\u001b[39m","timestamp":"2025-12-02 15:31:39:3139"}
{"level":"\u001b[37mdebug\u001b[39m","message":"\u001b[37mExecuting (default): SELECT \"warehouses\".\"id\", \"warehouses\".\"code\", \"warehouses\".\"name\", \"warehouses\".\"location\", \"warehouses\".\"manager_id\", \"warehouses\".\"capacity_m3\", \"warehouses\".\"temperature_controlled\", \"warehouses\".\"is_active\", \"warehouses\".\"created_at\", \"warehouses\".\"updated_at\" AS \"updatedAt\", \"manager\".\"id\" AS \"manager.id\", \"manager\".\"full_name\" AS \"manager.full_name\", \"manager\".\"email\" AS \"manager.email\" FROM \"inventory\".\"warehouses\" AS \"warehouses\" LEFT OUTER JOIN \"core\".\"users\" AS \"manager\" ON \"warehouses\".\"manager_id\" = \"manager\".\"id\" ORDER BY \"warehouses\".\"name\" ASC;\u001b[39m","timestamp":"2025-12-02 15:31:41:3141"}
{"level":"\u001b[31merror\u001b[39m","message":"\u001b[31mError finding warehouses: SequelizeDatabaseError: column warehouses.updated_at does not exist\u001b[39m","timestamp":"2025-12-02 15:31:41:3141"}
{"level":"\u001b[32minfo\u001b[39m","message":"\u001b[32m\u001b[0mGET /api/v1/inventory/warehouses \u001b[32m200\u001b[0m 48.283 ms - 140\u001b[0m\u001b[39m","timestamp":"2025-12-02 15:31:41:3141"}
{"level":"\u001b[37mdebug\u001b[39m","message":"\u001b[37mExecuting (default): SELECT \"warehouses\".\"id\", \"warehouses\".\"code\", \"warehouses\".\"name\", \"warehouses\".\"location\", \"warehouses\".\"manager_id\", \"warehouses\".\"capacity_m3\", \"warehouses\".\"temperature_controlled\", \"warehouses\".\"is_active\", \"warehouses\".\"created_at\", \"warehouses\".\"updated_at\" AS \"updatedAt\", \"manager\".\"id\" AS \"manager.id\", \"manager\".\"full_name\" AS \"manager.full_name\", \"manager\".\"email\" AS \"manager.email\" FROM \"inventory\".\"warehouses\" AS \"warehouses\" LEFT OUTER JOIN \"core\".\"users\" AS \"manager\" ON \"warehouses\".\"manager_id\" = \"manager\".\"id\" ORDER BY \"warehouses\".\"name\" ASC;\u001b[39m","timestamp":"2025-12-02 15:31:43:3143"}
{"level":"\u001b[31merror\u001b[39m","message":"\u001b[31mError finding warehouses: SequelizeDatabaseError: column warehouses.updated_at does not exist\u001b[39m","timestamp":"2025-12-02 15:31:43:3143"}
{"level":"\u001b[32minfo\u001b[39m","message":"\u001b[32m\u001b[0mGET /api/v1/inventory/warehouses \u001b[32m200\u001b[0m 8.578 ms - 140\u001b[0m\u001b[39m","timestamp":"2025-12-02 15:31:43:3143"}
{"level":"\u001b[32minfo\u001b[39m","message":"\u001b[32m🚀 Server is running on port 3000\u001b[39m","timestamp":"2025-12-02 15:33:31:3331"}
{"level":"\u001b[32minfo\u001b[39m","message":"\u001b[32m📚 API Documentation: http://localhost:3000/api-docs\u001b[39m","timestamp":"2025-12-02 15:33:31:3331"}
{"level":"\u001b[32minfo\u001b[39m","message":"\u001b[32m🔍 API v1: http://localhost:3000/api/v1\u001b[39m","timestamp":"2025-12-02 15:33:31:3331"}
{"level":"\u001b[32minfo\u001b[39m","message":"\u001b[32m❤️  Health check: http://localhost:3000/health\u001b[39m","timestamp":"2025-12-02 15:33:31:3331"}
{"level":"\u001b[37mdebug\u001b[39m","message":"\u001b[37mExecuting (default): SELECT 1+1 AS result\u001b[39m","timestamp":"2025-12-02 15:33:31:3331"}
{"level":"\u001b[32minfo\u001b[39m","message":"\u001b[32m✅ Database connection established successfully\u001b[39m","timestamp":"2025-12-02 15:33:31:3331"}
{"level":"\u001b[32minfo\u001b[39m","message":"\u001b[32m📊 Connected to: dev-cmdv@localhost\u001b[39m","timestamp":"2025-12-02 15:33:31:3331"}
{"level":"\u001b[37mdebug\u001b[39m","message":"\u001b[37mExecuting (default): SELECT \"warehouses\".\"id\", \"warehouses\".\"code\", \"warehouses\".\"name\", \"warehouses\".\"location\", \"warehouses\".\"manager_id\", \"warehouses\".\"capacity_m3\", \"warehouses\".\"temperature_controlled\", \"warehouses\".\"is_active\", \"warehouses\".\"created_at\", \"manager\".\"id\" AS \"manager.id\", \"manager\".\"full_name\" AS \"manager.full_name\", \"manager\".\"email\" AS \"manager.email\" FROM \"inventory\".\"warehouses\" AS \"warehouses\" LEFT OUTER JOIN \"core\".\"users\" AS \"manager\" ON \"warehouses\".\"manager_id\" = \"manager\".\"id\" ORDER BY \"warehouses\".\"name\" ASC;\u001b[39m","timestamp":"2025-12-02 15:33:39:3339"}
{"level":"\u001b[32minfo\u001b[39m","message":"\u001b[32m\u001b[0mGET /api/v1/inventory/warehouses \u001b[32m200\u001b[0m 42.927 ms - 1784\u001b[0m\u001b[39m","timestamp":"2025-12-02 15:33:39:3339"}
{"level":"\u001b[37mdebug\u001b[39m","message":"\u001b[37mExecuting (default): SELECT \"warehouses\".\"id\", \"warehouses\".\"code\", \"warehouses\".\"name\", \"warehouses\".\"location\", \"warehouses\".\"manager_id\", \"warehouses\".\"capacity_m3\", \"warehouses\".\"temperature_controlled\", \"warehouses\".\"is_active\", \"warehouses\".\"created_at\", \"manager\".\"id\" AS \"manager.id\", \"manager\".\"full_name\" AS \"manager.full_name\", \"manager\".\"email\" AS \"manager.email\" FROM \"inventory\".\"warehouses\" AS \"warehouses\" LEFT OUTER JOIN \"core\".\"users\" AS \"manager\" ON \"warehouses\".\"manager_id\" = \"manager\".\"id\" WHERE \"warehouses\".\"id\" = '40bf505b-5fd8-47fa-8fdd-df3914574a2d';\u001b[39m","timestamp":"2025-12-02 15:34:00:340"}
{"level":"\u001b[32minfo\u001b[39m","message":"\u001b[32m\u001b[0mGET /api/v1/inventory/warehouses/40bf505b-5fd8-47fa-8fdd-df3914574a2d \u001b[32m200\u001b[0m 51.786 ms - 416\u001b[0m\u001b[39m","timestamp":"2025-12-02 15:34:00:340"}
{"level":"\u001b[37mdebug\u001b[39m","message":"\u001b[37mExecuting (default): SELECT \u001b[39m\n\u001b[37m                    warehouse_name,\u001b[39m\n\u001b[37m                    warehouse_code,\u001b[39m\n\u001b[37m                    product_code,\u001b[39m\n\u001b[37m                    product_name,\u001b[39m\n\u001b[37m                    category,\u001b[39m\n\u001b[37m                    current_stock,\u001b[39m\n\u001b[37m                    reserved_quantity,\u001b[39m\n\u001b[37m                    available_quantity,\u001b[39m\n\u001b[37m                    minimum_stock,\u001b[39m\n\u001b[37m                    reorder_point,\u001b[39m\n\u001b[37m                    stock_level,\u001b[39m\n\u001b[37m                    unit_cost,\u001b[39m\n\u001b[37m                    total_value\u001b[39m\n\u001b[37m                FROM inventory.v_stock_status\u001b[39m\n\u001b[37m             WHERE warehouse_name IN (SELECT name FROM inventory.warehouses WHERE id = '43bbb488-92e2-47eb-8216-4010158feb19') ORDER BY warehouse_code, product_code\u001b[39m","timestamp":"2025-12-02 15:34:58:3458"}
{"level":"\u001b[32minfo\u001b[39m","message":"\u001b[32m\u001b[0mGET /api/v1/inventory/warehouses/43bbb488-92e2-47eb-8216-4010158feb19/stock \u001b[32m200\u001b[0m 41.709 ms - 85\u001b[0m\u001b[39m","timestamp":"2025-12-02 15:34:58:3458"}
{"level":"\u001b[37mdebug\u001b[39m","message":"\u001b[37mExecuting (default): SELECT \u001b[39m\n\u001b[37m                    warehouse_name,\u001b[39m\n\u001b[37m                    warehouse_code,\u001b[39m\n\u001b[37m                    product_code,\u001b[39m\n\u001b[37m                    product_name,\u001b[39m\n\u001b[37m                    category,\u001b[39m\n\u001b[37m                    current_stock,\u001b[39m\n\u001b[37m                    reserved_quantity,\u001b[39m\n\u001b[37m                    available_quantity,\u001b[39m\n\u001b[37m                    minimum_stock,\u001b[39m\n\u001b[37m                    reorder_point,\u001b[39m\n\u001b[37m                    stock_level,\u001b[39m\n\u001b[37m                    unit_cost,\u001b[39m\n\u001b[37m                    total_value\u001b[39m\n\u001b[37m                FROM inventory.v_stock_status\u001b[39m\n\u001b[37m             WHERE warehouse_name IN (SELECT name FROM inventory.warehouses WHERE id = '43bbb488-92e2-47eb-8216-4010158feb19') ORDER BY warehouse_code, product_code\u001b[39m","timestamp":"2025-12-02 15:34:59:3459"}
{"level":"\u001b[32minfo\u001b[39m","message":"\u001b[32m\u001b[0mGET /api/v1/inventory/warehouses/43bbb488-92e2-47eb-8216-4010158feb19/stock \u001b[32m200\u001b[0m 5.893 ms - 85\u001b[0m\u001b[39m","timestamp":"2025-12-02 15:34:59:3459"}
{"level":"\u001b[32minfo\u001b[39m","message":"\u001b[32m\u001b[0mGET /api/v1/suppliers?activeOnly=true \u001b[33m404\u001b[0m 81.140 ms - 155\u001b[0m\u001b[39m","timestamp":"2025-12-02 16:16:19:1619"}
{"level":"\u001b[32minfo\u001b[39m","message":"\u001b[32m\u001b[0mGET /api/v1/suppliers/?activeOnly=true \u001b[33m404\u001b[0m 2.105 ms - 156\u001b[0m\u001b[39m","timestamp":"2025-12-02 16:16:29:1629"}
{"level":"\u001b[32minfo\u001b[39m","message":"\u001b[32m\u001b[0mGET /api/v1/suppliers/ \u001b[33m404\u001b[0m 25.982 ms - 156\u001b[0m\u001b[39m","timestamp":"2025-12-02 16:22:08:228"}
{"level":"\u001b[32minfo\u001b[39m","message":"\u001b[32m\u001b[0mGET /api/v1/suppliers/suppliers \u001b[33m404\u001b[0m 0.973 ms - 165\u001b[0m\u001b[39m","timestamp":"2025-12-02 16:22:23:2223"}
{"level":"\u001b[37mdebug\u001b[39m","message":"\u001b[37mExecuting (default): SELECT \"id\", \"code\", \"business_name\", \"contact_name\", \"tax_id\", \"phone\", \"mobile\", \"email\", \"address\", \"city\", \"state\", \"zip_code\", \"payment_terms\", \"credit_days\", \"credit_limit\", \"current_balance\", \"bank_account\", \"bank_name\", \"notes\", \"is_active\", \"createdAt\", \"updatedAt\" FROM \"inventory\".\"suppliers\" AS \"suppliers\" WHERE \"suppliers\".\"is_active\" = true ORDER BY \"suppliers\".\"name\" ASC;\u001b[39m","timestamp":"2025-12-02 16:22:34:2234"}
{"level":"\u001b[31merror\u001b[39m","message":"\u001b[31mError finding suppliers:\u001b[39m","name":"SequelizeDatabaseError","original":{"code":"42703","file":"parse_relation.c","hint":"Perhaps you meant to reference the column \"suppliers.created_at\".","length":177,"line":"3729","name":"error","position":"251","routine":"errorMissingColumn","severity":"ERROR","sql":"SELECT \"id\", \"code\", \"business_name\", \"contact_name\", \"tax_id\", \"phone\", \"mobile\", \"email\", \"address\", \"city\", \"state\", \"zip_code\", \"payment_terms\", \"credit_days\", \"credit_limit\", \"current_balance\", \"bank_account\", \"bank_name\", \"notes\", \"is_active\", \"createdAt\", \"updatedAt\" FROM \"inventory\".\"suppliers\" AS \"suppliers\" WHERE \"suppliers\".\"is_active\" = true ORDER BY \"suppliers\".\"name\" ASC;"},"parameters":{},"parent":{"code":"42703","file":"parse_relation.c","hint":"Perhaps you meant to reference the column \"suppliers.created_at\".","length":177,"line":"3729","name":"error","position":"251","routine":"errorMissingColumn","severity":"ERROR","sql":"SELECT \"id\", \"code\", \"business_name\", \"contact_name\", \"tax_id\", \"phone\", \"mobile\", \"email\", \"address\", \"city\", \"state\", \"zip_code\", \"payment_terms\", \"credit_days\", \"credit_limit\", \"current_balance\", \"bank_account\", \"bank_name\", \"notes\", \"is_active\", \"createdAt\", \"updatedAt\" FROM \"inventory\".\"suppliers\" AS \"suppliers\" WHERE \"suppliers\".\"is_active\" = true ORDER BY \"suppliers\".\"name\" ASC;"},"sql":"SELECT \"id\", \"code\", \"business_name\", \"contact_name\", \"tax_id\", \"phone\", \"mobile\", \"email\", \"address\", \"city\", \"state\", \"zip_code\", \"payment_terms\", \"credit_days\", \"credit_limit\", \"current_balance\", \"bank_account\", \"bank_name\", \"notes\", \"is_active\", \"createdAt\", \"updatedAt\" FROM \"inventory\".\"suppliers\" AS \"suppliers\" WHERE \"suppliers\".\"is_active\" = true ORDER BY \"suppliers\".\"name\" ASC;","timestamp":"2025-12-02 16:22:34:2234"}
{"level":"\u001b[32minfo\u001b[39m","message":"\u001b[32m\u001b[0mGET /api/v1/inventory/suppliers \u001b[32m200\u001b[0m 581.692 ms - 82\u001b[0m\u001b[39m","timestamp":"2025-12-02 16:22:34:2234"}
{"level":"\u001b[37mdebug\u001b[39m","message":"\u001b[37mExecuting (default): SELECT \"id\", \"code\", \"business_name\", \"contact_name\", \"tax_id\", \"phone\", \"mobile\", \"email\", \"address\", \"city\", \"state\", \"zip_code\", \"payment_terms\", \"credit_days\", \"credit_limit\", \"current_balance\", \"bank_account\", \"bank_name\", \"notes\", \"is_active\", \"createdAt\", \"updatedAt\" FROM \"inventory\".\"suppliers\" AS \"suppliers\" WHERE \"suppliers\".\"is_active\" = true ORDER BY \"suppliers\".\"name\" ASC;\u001b[39m","timestamp":"2025-12-02 16:22:45:2245"}
{"level":"\u001b[31merror\u001b[39m","message":"\u001b[31mError finding suppliers:\u001b[39m","name":"SequelizeDatabaseError","original":{"code":"42703","file":"parse_relation.c","hint":"Perhaps you meant to reference the column \"suppliers.created_at\".","length":177,"line":"3729","name":"error","position":"251","routine":"errorMissingColumn","severity":"ERROR","sql":"SELECT \"id\", \"code\", \"business_name\", \"contact_name\", \"tax_id\", \"phone\", \"mobile\", \"email\", \"address\", \"city\", \"state\", \"zip_code\", \"payment_terms\", \"credit_days\", \"credit_limit\", \"current_balance\", \"bank_account\", \"bank_name\", \"notes\", \"is_active\", \"createdAt\", \"updatedAt\" FROM \"inventory\".\"suppliers\" AS \"suppliers\" WHERE \"suppliers\".\"is_active\" = true ORDER BY \"suppliers\".\"name\" ASC;"},"parameters":{},"parent":{"code":"42703","file":"parse_relation.c","hint":"Perhaps you meant to reference the column \"suppliers.created_at\".","length":177,"line":"3729","name":"error","position":"251","routine":"errorMissingColumn","severity":"ERROR","sql":"SELECT \"id\", \"code\", \"business_name\", \"contact_name\", \"tax_id\", \"phone\", \"mobile\", \"email\", \"address\", \"city\", \"state\", \"zip_code\", \"payment_terms\", \"credit_days\", \"credit_limit\", \"current_balance\", \"bank_account\", \"bank_name\", \"notes\", \"is_active\", \"createdAt\", \"updatedAt\" FROM \"inventory\".\"suppliers\" AS \"suppliers\" WHERE \"suppliers\".\"is_active\" = true ORDER BY \"suppliers\".\"name\" ASC;"},"sql":"SELECT \"id\", \"code\", \"business_name\", \"contact_name\", \"tax_id\", \"phone\", \"mobile\", \"email\", \"address\", \"city\", \"state\", \"zip_code\", \"payment_terms\", \"credit_days\", \"credit_limit\", \"current_balance\", \"bank_account\", \"bank_name\", \"notes\", \"is_active\", \"createdAt\", \"updatedAt\" FROM \"inventory\".\"suppliers\" AS \"suppliers\" WHERE \"suppliers\".\"is_active\" = true ORDER BY \"suppliers\".\"name\" ASC;","timestamp":"2025-12-02 16:22:45:2245"}
{"level":"\u001b[32minfo\u001b[39m","message":"\u001b[32m\u001b[0mGET /api/v1/inventory/suppliers?isActiveOnly=true \u001b[32m200\u001b[0m 33.782 ms - 82\u001b[0m\u001b[39m","timestamp":"2025-12-02 16:22:45:2245"}
{"level":"\u001b[37mdebug\u001b[39m","message":"\u001b[37mExecuting (default): SELECT \"id\", \"code\", \"business_name\", \"contact_name\", \"tax_id\", \"phone\", \"mobile\", \"email\", \"address\", \"city\", \"state\", \"zip_code\", \"payment_terms\", \"credit_days\", \"credit_limit\", \"current_balance\", \"bank_account\", \"bank_name\", \"notes\", \"is_active\", \"createdAt\", \"updatedAt\" FROM \"inventory\".\"suppliers\" AS \"suppliers\" WHERE \"suppliers\".\"is_active\" = true ORDER BY \"suppliers\".\"name\" ASC;\u001b[39m","timestamp":"2025-12-02 16:23:02:232"}
{"level":"\u001b[31merror\u001b[39m","message":"\u001b[31mError finding suppliers:\u001b[39m","name":"SequelizeDatabaseError","original":{"code":"42703","file":"parse_relation.c","hint":"Perhaps you meant to reference the column \"suppliers.created_at\".","length":177,"line":"3729","name":"error","position":"251","routine":"errorMissingColumn","severity":"ERROR","sql":"SELECT \"id\", \"code\", \"business_name\", \"contact_name\", \"tax_id\", \"phone\", \"mobile\", \"email\", \"address\", \"city\", \"state\", \"zip_code\", \"payment_terms\", \"credit_days\", \"credit_limit\", \"current_balance\", \"bank_account\", \"bank_name\", \"notes\", \"is_active\", \"createdAt\", \"updatedAt\" FROM \"inventory\".\"suppliers\" AS \"suppliers\" WHERE \"suppliers\".\"is_active\" = true ORDER BY \"suppliers\".\"name\" ASC;"},"parameters":{},"parent":{"code":"42703","file":"parse_relation.c","hint":"Perhaps you meant to reference the column \"suppliers.created_at\".","length":177,"line":"3729","name":"error","position":"251","routine":"errorMissingColumn","severity":"ERROR","sql":"SELECT \"id\", \"code\", \"business_name\", \"contact_name\", \"tax_id\", \"phone\", \"mobile\", \"email\", \"address\", \"city\", \"state\", \"zip_code\", \"payment_terms\", \"credit_days\", \"credit_limit\", \"current_balance\", \"bank_account\", \"bank_name\", \"notes\", \"is_active\", \"createdAt\", \"updatedAt\" FROM \"inventory\".\"suppliers\" AS \"suppliers\" WHERE \"suppliers\".\"is_active\" = true ORDER BY \"suppliers\".\"name\" ASC;"},"sql":"SELECT \"id\", \"code\", \"business_name\", \"contact_name\", \"tax_id\", \"phone\", \"mobile\", \"email\", \"address\", \"city\", \"state\", \"zip_code\", \"payment_terms\", \"credit_days\", \"credit_limit\", \"current_balance\", \"bank_account\", \"bank_name\", \"notes\", \"is_active\", \"createdAt\", \"updatedAt\" FROM \"inventory\".\"suppliers\" AS \"suppliers\" WHERE \"suppliers\".\"is_active\" = true ORDER BY \"suppliers\".\"name\" ASC;","timestamp":"2025-12-02 16:23:02:232"}
{"level":"\u001b[32minfo\u001b[39m","message":"\u001b[32m\u001b[0mGET /api/v1/inventory/suppliers?activeOnly=true \u001b[32m200\u001b[0m 37.849 ms - 82\u001b[0m\u001b[39m","timestamp":"2025-12-02 16:23:02:232"}
{"level":"\u001b[32minfo\u001b[39m","message":"\u001b[32m🚀 Server is running on port 3000\u001b[39m","timestamp":"2025-12-02 16:23:51:2351"}
{"level":"\u001b[32minfo\u001b[39m","message":"\u001b[32m📚 API Documentation: http://localhost:3000/api-docs\u001b[39m","timestamp":"2025-12-02 16:23:51:2351"}
{"level":"\u001b[32minfo\u001b[39m","message":"\u001b[32m🔍 API v1: http://localhost:3000/api/v1\u001b[39m","timestamp":"2025-12-02 16:23:51:2351"}
{"level":"\u001b[32minfo\u001b[39m","message":"\u001b[32m❤️  Health check: http://localhost:3000/health\u001b[39m","timestamp":"2025-12-02 16:23:51:2351"}
{"level":"\u001b[37mdebug\u001b[39m","message":"\u001b[37mExecuting (default): SELECT 1+1 AS result\u001b[39m","timestamp":"2025-12-02 16:23:51:2351"}
{"level":"\u001b[32minfo\u001b[39m","message":"\u001b[32m✅ Database connection established successfully\u001b[39m","timestamp":"2025-12-02 16:23:51:2351"}
{"level":"\u001b[32minfo\u001b[39m","message":"\u001b[32m📊 Connected to: dev-cmdv@localhost\u001b[39m","timestamp":"2025-12-02 16:23:51:2351"}
{"level":"\u001b[32minfo\u001b[39m","message":"\u001b[32m🚀 Server is running on port 3000\u001b[39m","timestamp":"2025-12-02 16:24:04:244"}
{"level":"\u001b[32minfo\u001b[39m","message":"\u001b[32m📚 API Documentation: http://localhost:3000/api-docs\u001b[39m","timestamp":"2025-12-02 16:24:04:244"}
{"level":"\u001b[32minfo\u001b[39m","message":"\u001b[32m🔍 API v1: http://localhost:3000/api/v1\u001b[39m","timestamp":"2025-12-02 16:24:04:244"}
{"level":"\u001b[32minfo\u001b[39m","message":"\u001b[32m❤️  Health check: http://localhost:3000/health\u001b[39m","timestamp":"2025-12-02 16:24:04:244"}
{"level":"\u001b[37mdebug\u001b[39m","message":"\u001b[37mExecuting (default): SELECT 1+1 AS result\u001b[39m","timestamp":"2025-12-02 16:24:04:244"}
{"level":"\u001b[32minfo\u001b[39m","message":"\u001b[32m✅ Database connection established successfully\u001b[39m","timestamp":"2025-12-02 16:24:04:244"}
{"level":"\u001b[32minfo\u001b[39m","message":"\u001b[32m📊 Connected to: dev-cmdv@localhost\u001b[39m","timestamp":"2025-12-02 16:24:04:244"}
{"level":"\u001b[32minfo\u001b[39m","message":"\u001b[32m🚀 Server is running on port 3000\u001b[39m","timestamp":"2025-12-02 16:24:30:2430"}
{"level":"\u001b[32minfo\u001b[39m","message":"\u001b[32m📚 API Documentation: http://localhost:3000/api-docs\u001b[39m","timestamp":"2025-12-02 16:24:30:2430"}
{"level":"\u001b[32minfo\u001b[39m","message":"\u001b[32m🔍 API v1: http://localhost:3000/api/v1\u001b[39m","timestamp":"2025-12-02 16:24:30:2430"}
{"level":"\u001b[32minfo\u001b[39m","message":"\u001b[32m❤️  Health check: http://localhost:3000/health\u001b[39m","timestamp":"2025-12-02 16:24:30:2430"}
{"level":"\u001b[37mdebug\u001b[39m","message":"\u001b[37mExecuting (default): SELECT 1+1 AS result\u001b[39m","timestamp":"2025-12-02 16:24:30:2430"}
{"level":"\u001b[32minfo\u001b[39m","message":"\u001b[32m✅ Database connection established successfully\u001b[39m","timestamp":"2025-12-02 16:24:30:2430"}
{"level":"\u001b[32minfo\u001b[39m","message":"\u001b[32m📊 Connected to: dev-cmdv@localhost\u001b[39m","timestamp":"2025-12-02 16:24:30:2430"}
{"level":"\u001b[32minfo\u001b[39m","message":"\u001b[32m🚀 Server is running on port 3000\u001b[39m","timestamp":"2025-12-02 16:24:49:2449"}
{"level":"\u001b[32minfo\u001b[39m","message":"\u001b[32m📚 API Documentation: http://localhost:3000/api-docs\u001b[39m","timestamp":"2025-12-02 16:24:49:2449"}
{"level":"\u001b[32minfo\u001b[39m","message":"\u001b[32m🔍 API v1: http://localhost:3000/api/v1\u001b[39m","timestamp":"2025-12-02 16:24:49:2449"}
{"level":"\u001b[32minfo\u001b[39m","message":"\u001b[32m❤️  Health check: http://localhost:3000/health\u001b[39m","timestamp":"2025-12-02 16:24:49:2449"}
{"level":"\u001b[37mdebug\u001b[39m","message":"\u001b[37mExecuting (default): SELECT 1+1 AS result\u001b[39m","timestamp":"2025-12-02 16:24:49:2449"}
{"level":"\u001b[32minfo\u001b[39m","message":"\u001b[32m✅ Database connection established successfully\u001b[39m","timestamp":"2025-12-02 16:24:49:2449"}
{"level":"\u001b[32minfo\u001b[39m","message":"\u001b[32m📊 Connected to: dev-cmdv@localhost\u001b[39m","timestamp":"2025-12-02 16:24:49:2449"}
{"level":"\u001b[37mdebug\u001b[39m","message":"\u001b[37mExecuting (default): SELECT \"id\", \"code\", \"business_name\", \"contact_name\", \"tax_id\", \"phone\", \"mobile\", \"email\", \"address\", \"city\", \"state\", \"zip_code\", \"payment_terms\", \"credit_days\", \"credit_limit\", \"current_balance\", \"bank_account\", \"bank_name\", \"notes\", \"is_active\", \"createdAt\", \"updatedAt\" FROM \"inventory\".\"suppliers\" AS \"suppliers\" WHERE \"suppliers\".\"is_active\" = true ORDER BY \"suppliers\".\"name\" ASC;\u001b[39m","timestamp":"2025-12-02 16:24:49:2449"}
{"level":"\u001b[31merror\u001b[39m","message":"\u001b[31mError finding suppliers: SequelizeDatabaseError: column \"createdAt\" does not exist\u001b[39m","timestamp":"2025-12-02 16:24:49:2449"}
{"level":"\u001b[32minfo\u001b[39m","message":"\u001b[32m\u001b[0mGET /api/v1/inventory/suppliers?activeOnly=true \u001b[32m200\u001b[0m 45.932 ms - 82\u001b[0m\u001b[39m","timestamp":"2025-12-02 16:24:49:2449"}
{"level":"\u001b[32minfo\u001b[39m","message":"\u001b[32m🚀 Server is running on port 3000\u001b[39m","timestamp":"2025-12-02 16:25:40:2540"}
{"level":"\u001b[32minfo\u001b[39m","message":"\u001b[32m📚 API Documentation: http://localhost:3000/api-docs\u001b[39m","timestamp":"2025-12-02 16:25:40:2540"}
{"level":"\u001b[32minfo\u001b[39m","message":"\u001b[32m🔍 API v1: http://localhost:3000/api/v1\u001b[39m","timestamp":"2025-12-02 16:25:40:2540"}
{"level":"\u001b[32minfo\u001b[39m","message":"\u001b[32m❤️  Health check: http://localhost:3000/health\u001b[39m","timestamp":"2025-12-02 16:25:40:2540"}
{"level":"\u001b[37mdebug\u001b[39m","message":"\u001b[37mExecuting (default): SELECT 1+1 AS result\u001b[39m","timestamp":"2025-12-02 16:25:40:2540"}
{"level":"\u001b[32minfo\u001b[39m","message":"\u001b[32m✅ Database connection established successfully\u001b[39m","timestamp":"2025-12-02 16:25:40:2540"}
{"level":"\u001b[32minfo\u001b[39m","message":"\u001b[32m📊 Connected to: dev-cmdv@localhost\u001b[39m","timestamp":"2025-12-02 16:25:40:2540"}
{"level":"\u001b[37mdebug\u001b[39m","message":"\u001b[37mExecuting (default): SELECT \"id\", \"code\", \"business_name\", \"contact_name\", \"tax_id\", \"phone\", \"mobile\", \"email\", \"address\", \"city\", \"state\", \"zip_code\", \"payment_terms\", \"credit_days\", \"credit_limit\", \"current_balance\", \"bank_account\", \"bank_name\", \"notes\", \"is_active\", \"created_at\" AS \"createdAt\", \"updated_at\" AS \"updatedAt\" FROM \"inventory\".\"suppliers\" AS \"suppliers\" WHERE \"suppliers\".\"is_active\" = true ORDER BY \"suppliers\".\"name\" ASC;\u001b[39m","timestamp":"2025-12-02 16:25:42:2542"}
{"level":"\u001b[31merror\u001b[39m","message":"\u001b[31mError finding suppliers: SequelizeDatabaseError: column suppliers.name does not exist\u001b[39m","timestamp":"2025-12-02 16:25:42:2542"}
{"level":"\u001b[32minfo\u001b[39m","message":"\u001b[32m\u001b[0mGET /api/v1/inventory/suppliers?activeOnly=true \u001b[32m200\u001b[0m 55.033 ms - 82\u001b[0m\u001b[39m","timestamp":"2025-12-02 16:25:42:2542"}
{"level":"\u001b[32minfo\u001b[39m","message":"\u001b[32m🚀 Server is running on port 3000\u001b[39m","timestamp":"2025-12-02 16:26:05:265"}
{"level":"\u001b[32minfo\u001b[39m","message":"\u001b[32m📚 API Documentation: http://localhost:3000/api-docs\u001b[39m","timestamp":"2025-12-02 16:26:05:265"}
{"level":"\u001b[32minfo\u001b[39m","message":"\u001b[32m🔍 API v1: http://localhost:3000/api/v1\u001b[39m","timestamp":"2025-12-02 16:26:05:265"}
{"level":"\u001b[32minfo\u001b[39m","message":"\u001b[32m❤️  Health check: http://localhost:3000/health\u001b[39m","timestamp":"2025-12-02 16:26:05:265"}
{"level":"\u001b[37mdebug\u001b[39m","message":"\u001b[37mExecuting (default): SELECT 1+1 AS result\u001b[39m","timestamp":"2025-12-02 16:26:05:265"}
{"level":"\u001b[32minfo\u001b[39m","message":"\u001b[32m✅ Database connection established successfully\u001b[39m","timestamp":"2025-12-02 16:26:05:265"}
{"level":"\u001b[32minfo\u001b[39m","message":"\u001b[32m📊 Connected to: dev-cmdv@localhost\u001b[39m","timestamp":"2025-12-02 16:26:05:265"}
{"level":"\u001b[37mdebug\u001b[39m","message":"\u001b[37mExecuting (default): SELECT \"id\", \"code\", \"business_name\", \"contact_name\", \"tax_id\", \"phone\", \"mobile\", \"email\", \"address\", \"city\", \"state\", \"zip_code\", \"payment_terms\", \"credit_days\", \"credit_limit\", \"current_balance\", \"bank_account\", \"bank_name\", \"notes\", \"is_active\", \"created_at\" AS \"createdAt\", \"updated_at\" AS \"updatedAt\" FROM \"inventory\".\"suppliers\" AS \"suppliers\" WHERE \"suppliers\".\"is_active\" = true ORDER BY \"suppliers\".\"business_name\" ASC;\u001b[39m","timestamp":"2025-12-02 16:26:05:265"}
{"level":"\u001b[32minfo\u001b[39m","message":"\u001b[32m\u001b[0mGET /api/v1/inventory/suppliers?activeOnly=true \u001b[32m200\u001b[0m 34.387 ms - 82\u001b[0m\u001b[39m","timestamp":"2025-12-02 16:26:05:265"}
{"level":"\u001b[37mdebug\u001b[39m","message":"\u001b[37mExecuting (default): SELECT \"id\", \"code\", \"business_name\", \"contact_name\", \"tax_id\", \"phone\", \"mobile\", \"email\", \"address\", \"city\", \"state\", \"zip_code\", \"payment_terms\", \"credit_days\", \"credit_limit\", \"current_balance\", \"bank_account\", \"bank_name\", \"notes\", \"is_active\", \"created_at\" AS \"createdAt\", \"updated_at\" AS \"updatedAt\" FROM \"inventory\".\"suppliers\" AS \"suppliers\" WHERE \"suppliers\".\"is_active\" = true ORDER BY \"suppliers\".\"business_name\" ASC;\u001b[39m","timestamp":"2025-12-02 16:28:59:2859"}
{"level":"\u001b[32minfo\u001b[39m","message":"\u001b[32m\u001b[0mGET /api/v1/inventory/suppliers?activeOnly=true \u001b[32m200\u001b[0m 51.829 ms - 1494\u001b[0m\u001b[39m","timestamp":"2025-12-02 16:28:59:2859"}
{"level":"\u001b[37mdebug\u001b[39m","message":"\u001b[37mExecuting (default): SELECT \"id\", \"code\", \"business_name\", \"contact_name\", \"tax_id\", \"phone\", \"mobile\", \"email\", \"address\", \"city\", \"state\", \"zip_code\", \"payment_terms\", \"credit_days\", \"credit_limit\", \"current_balance\", \"bank_account\", \"bank_name\", \"notes\", \"is_active\", \"created_at\" AS \"createdAt\", \"updated_at\" AS \"updatedAt\" FROM \"inventory\".\"suppliers\" AS \"suppliers\" ORDER BY \"suppliers\".\"business_name\" ASC;\u001b[39m","timestamp":"2025-12-02 16:29:07:297"}
{"level":"\u001b[32minfo\u001b[39m","message":"\u001b[32m\u001b[0mGET /api/v1/inventory/suppliers?activeOnly=false \u001b[32m200\u001b[0m 13.709 ms - 1841\u001b[0m\u001b[39m","timestamp":"2025-12-02 16:29:07:297"}
{"level":"\u001b[37mdebug\u001b[39m","message":"\u001b[37mExecuting (default): SELECT \"id\", \"code\", \"business_name\", \"contact_name\", \"tax_id\", \"phone\", \"mobile\", \"email\", \"address\", \"city\", \"state\", \"zip_code\", \"payment_terms\", \"credit_days\", \"credit_limit\", \"current_balance\", \"bank_account\", \"bank_name\", \"notes\", \"is_active\", \"created_at\" AS \"createdAt\", \"updated_at\" AS \"updatedAt\" FROM \"inventory\".\"suppliers\" AS \"suppliers\" WHERE \"suppliers\".\"id\" = '7e5c2198-fb0d-47aa-981d-88723771d338';\u001b[39m","timestamp":"2025-12-02 16:30:01:301"}
{"level":"\u001b[32minfo\u001b[39m","message":"\u001b[32m\u001b[0mGET /api/v1/inventory/suppliers/7e5c2198-fb0d-47aa-981d-88723771d338 \u001b[32m200\u001b[0m 41.951 ms - 425\u001b[0m\u001b[39m","timestamp":"2025-12-02 16:30:01:301"}
{"level":"\u001b[37mdebug\u001b[39m","message":"\u001b[37mExecuting (default): SELECT \"id\", \"code\", \"business_name\", \"contact_name\", \"tax_id\", \"phone\", \"mobile\", \"email\", \"address\", \"city\", \"state\", \"zip_code\", \"payment_terms\", \"credit_days\", \"credit_limit\", \"current_balance\", \"bank_account\", \"bank_name\", \"notes\", \"is_active\", \"created_at\" AS \"createdAt\", \"updated_at\" AS \"updatedAt\" FROM \"inventory\".\"suppliers\" AS \"suppliers\" WHERE \"suppliers\".\"code\" = 'FARMA-QZ';\u001b[39m","timestamp":"2025-12-02 16:31:45:3145"}
{"level":"\u001b[37mdebug\u001b[39m","message":"\u001b[37mExecuting (default): INSERT INTO \"inventory\".\"suppliers\" (\"id\",\"code\",\"business_name\",\"contact_name\",\"tax_id\",\"phone\",\"email\",\"address\",\"city\",\"payment_terms\",\"credit_days\",\"credit_limit\",\"current_balance\",\"is_active\",\"created_at\",\"updated_at\") VALUES ($1,$2,$3,$4,$5,$6,$7,$8,$9,$10,$11,$12,$13,$14,$15,$16) RETURNING \"id\",\"code\",\"business_name\",\"contact_name\",\"tax_id\",\"phone\",\"mobile\",\"email\",\"address\",\"city\",\"state\",\"zip_code\",\"payment_terms\",\"credit_days\",\"credit_limit\",\"current_balance\",\"bank_account\",\"bank_name\",\"notes\",\"is_active\",\"created_at\",\"updated_at\";\u001b[39m","timestamp":"2025-12-02 16:31:45:3145"}
{"level":"\u001b[32minfo\u001b[39m","message":"\u001b[32m\u001b[0mPOST /api/v1/inventory/suppliers/ \u001b[32m201\u001b[0m 83.733 ms - 418\u001b[0m\u001b[39m","timestamp":"2025-12-02 16:31:45:3145"}
{"level":"\u001b[37mdebug\u001b[39m","message":"\u001b[37mExecuting (default): SELECT \"id\", \"code\", \"business_name\", \"contact_name\", \"tax_id\", \"phone\", \"mobile\", \"email\", \"address\", \"city\", \"state\", \"zip_code\", \"payment_terms\", \"credit_days\", \"credit_limit\", \"current_balance\", \"bank_account\", \"bank_name\", \"notes\", \"is_active\", \"created_at\" AS \"createdAt\", \"updated_at\" AS \"updatedAt\" FROM \"inventory\".\"suppliers\" AS \"suppliers\" WHERE \"suppliers\".\"id\" = 'f8bac61f-29ef-466b-b656-19c2cb645eb9';\u001b[39m","timestamp":"2025-12-02 16:33:17:3317"}
{"level":"\u001b[37mdebug\u001b[39m","message":"\u001b[37mExecuting (default): UPDATE \"inventory\".\"suppliers\" SET \"business_name\"=$1,\"contact_name\"=$2,\"phone\"=$3,\"credit_limit\"=$4,\"is_active\"=$5,\"updated_at\"=$6 WHERE \"id\" = $7\u001b[39m","timestamp":"2025-12-02 16:33:17:3317"}
{"level":"\u001b[37mdebug\u001b[39m","message":"\u001b[37mExecuting (default): SELECT \"id\", \"code\", \"business_name\", \"contact_name\", \"tax_id\", \"phone\", \"mobile\", \"email\", \"address\", \"city\", \"state\", \"zip_code\", \"payment_terms\", \"credit_days\", \"credit_limit\", \"current_balance\", \"bank_account\", \"bank_name\", \"notes\", \"is_active\", \"created_at\" AS \"createdAt\", \"updated_at\" AS \"updatedAt\" FROM \"inventory\".\"suppliers\" AS \"suppliers\" WHERE \"suppliers\".\"id\" = 'f8bac61f-29ef-466b-b656-19c2cb645eb9';\u001b[39m","timestamp":"2025-12-02 16:33:17:3317"}
{"level":"\u001b[32minfo\u001b[39m","message":"\u001b[32m\u001b[0mPUT /api/v1/inventory/suppliers/f8bac61f-29ef-466b-b656-19c2cb645eb9 \u001b[32m200\u001b[0m 42.771 ms - 422\u001b[0m\u001b[39m","timestamp":"2025-12-02 16:33:17:3317"}
{"level":"\u001b[37mdebug\u001b[39m","message":"\u001b[37mExecuting (default): SELECT \"id\", \"code\", \"business_name\", \"contact_name\", \"tax_id\", \"phone\", \"mobile\", \"email\", \"address\", \"city\", \"state\", \"zip_code\", \"payment_terms\", \"credit_days\", \"credit_limit\", \"current_balance\", \"bank_account\", \"bank_name\", \"notes\", \"is_active\", \"created_at\" AS \"createdAt\", \"updated_at\" AS \"updatedAt\" FROM \"inventory\".\"suppliers\" AS \"suppliers\" WHERE \"suppliers\".\"id\" = 'f8bac61f-29ef-466b-b656-19c2cb645eb9';\u001b[39m","timestamp":"2025-12-02 16:33:31:3331"}
{"level":"\u001b[37mdebug\u001b[39m","message":"\u001b[37mExecuting (default): UPDATE \"inventory\".\"suppliers\" SET \"business_name\"=$1,\"contact_name\"=$2,\"phone\"=$3,\"credit_limit\"=$4,\"is_active\"=$5,\"updated_at\"=$6 WHERE \"id\" = $7\u001b[39m","timestamp":"2025-12-02 16:33:31:3331"}
{"level":"\u001b[37mdebug\u001b[39m","message":"\u001b[37mExecuting (default): SELECT \"id\", \"code\", \"business_name\", \"contact_name\", \"tax_id\", \"phone\", \"mobile\", \"email\", \"address\", \"city\", \"state\", \"zip_code\", \"payment_terms\", \"credit_days\", \"credit_limit\", \"current_balance\", \"bank_account\", \"bank_name\", \"notes\", \"is_active\", \"created_at\" AS \"createdAt\", \"updated_at\" AS \"updatedAt\" FROM \"inventory\".\"suppliers\" AS \"suppliers\" WHERE \"suppliers\".\"id\" = 'f8bac61f-29ef-466b-b656-19c2cb645eb9';\u001b[39m","timestamp":"2025-12-02 16:33:31:3331"}
{"level":"\u001b[32minfo\u001b[39m","message":"\u001b[32m\u001b[0mPUT /api/v1/inventory/suppliers/f8bac61f-29ef-466b-b656-19c2cb645eb9 \u001b[32m200\u001b[0m 43.972 ms - 421\u001b[0m\u001b[39m","timestamp":"2025-12-02 16:33:31:3331"}
{"level":"\u001b[37mdebug\u001b[39m","message":"\u001b[37mExecuting (default): SELECT count(\"purchase_orders\".\"id\") AS \"count\" FROM \"inventory\".\"purchase_orders\" AS \"purchase_orders\" LEFT OUTER JOIN \"inventory\".\"suppliers\" AS \"supplier\" ON \"purchase_orders\".\"supplier_id\" = \"supplier\".\"id\" LEFT OUTER JOIN \"inventory\".\"warehouses\" AS \"warehouse\" ON \"purchase_orders\".\"warehouse_id\" = \"warehouse\".\"id\" LEFT OUTER JOIN \"core\".\"users\" AS \"created_by_user\" ON \"purchase_orders\".\"created_by\" = \"created_by_user\".\"id\";\u001b[39m","timestamp":"2025-12-02 16:53:03:533"}
{"level":"\u001b[37mdebug\u001b[39m","message":"\u001b[37mExecuting (default): SELECT \"purchase_orders\".\"id\", \"purchase_orders\".\"po_number\", \"purchase_orders\".\"supplier_id\", \"purchase_orders\".\"warehouse_id\", \"purchase_orders\".\"order_date\", \"purchase_orders\".\"expected_delivery_date\", \"purchase_orders\".\"actual_delivery_date\", \"purchase_orders\".\"subtotal\", \"purchase_orders\".\"tax\", \"purchase_orders\".\"discount\", \"purchase_orders\".\"shipping_cost\", \"purchase_orders\".\"total\", \"purchase_orders\".\"payment_terms\", \"purchase_orders\".\"status\", \"purchase_orders\".\"notes\", \"purchase_orders\".\"created_by\", \"purchase_orders\".\"approved_by\", \"purchase_orders\".\"approved_at\", \"purchase_orders\".\"createdAt\", \"purchase_orders\".\"updatedAt\", \"supplier\".\"id\" AS \"supplier.id\", \"supplier\".\"name\" AS \"supplier.name\", \"supplier\".\"code\" AS \"supplier.code\", \"warehouse\".\"id\" AS \"warehouse.id\", \"warehouse\".\"name\" AS \"warehouse.name\", \"warehouse\".\"code\" AS \"warehouse.code\", \"created_by_user\".\"id\" AS \"created_by_user.id\", \"created_by_user\".\"full_name\" AS \"created_by_user.full_name\" FROM \"inventory\".\"purchase_orders\" AS \"purchase_orders\" LEFT OUTER JOIN \"inventory\".\"suppliers\" AS \"supplier\" ON \"purchase_orders\".\"supplier_id\" = \"supplier\".\"id\" LEFT OUTER JOIN \"inventory\".\"warehouses\" AS \"warehouse\" ON \"purchase_orders\".\"warehouse_id\" = \"warehouse\".\"id\" LEFT OUTER JOIN \"core\".\"users\" AS \"created_by_user\" ON \"purchase_orders\".\"created_by\" = \"created_by_user\".\"id\" ORDER BY \"purchase_orders\".\"created_at\" DESC LIMIT 25 OFFSET 0;\u001b[39m","timestamp":"2025-12-02 16:53:03:533"}
{"level":"\u001b[31merror\u001b[39m","message":"\u001b[31mError finding purchase orders:\u001b[39m","name":"SequelizeDatabaseError","original":{"code":"42703","file":"parse_relation.c","hint":"Perhaps you meant to reference the column \"purchase_orders.created_at\".","length":197,"line":"3729","name":"error","position":"583","routine":"errorMissingColumn","severity":"ERROR","sql":"SELECT \"purchase_orders\".\"id\", \"purchase_orders\".\"po_number\", \"purchase_orders\".\"supplier_id\", \"purchase_orders\".\"warehouse_id\", \"purchase_orders\".\"order_date\", \"purchase_orders\".\"expected_delivery_date\", \"purchase_orders\".\"actual_delivery_date\", \"purchase_orders\".\"subtotal\", \"purchase_orders\".\"tax\", \"purchase_orders\".\"discount\", \"purchase_orders\".\"shipping_cost\", \"purchase_orders\".\"total\", \"purchase_orders\".\"payment_terms\", \"purchase_orders\".\"status\", \"purchase_orders\".\"notes\", \"purchase_orders\".\"created_by\", \"purchase_orders\".\"approved_by\", \"purchase_orders\".\"approved_at\", \"purchase_orders\".\"createdAt\", \"purchase_orders\".\"updatedAt\", \"supplier\".\"id\" AS \"supplier.id\", \"supplier\".\"name\" AS \"supplier.name\", \"supplier\".\"code\" AS \"supplier.code\", \"warehouse\".\"id\" AS \"warehouse.id\", \"warehouse\".\"name\" AS \"warehouse.name\", \"warehouse\".\"code\" AS \"warehouse.code\", \"created_by_user\".\"id\" AS \"created_by_user.id\", \"created_by_user\".\"full_name\" AS \"created_by_user.full_name\" FROM \"inventory\".\"purchase_orders\" AS \"purchase_orders\" LEFT OUTER JOIN \"inventory\".\"suppliers\" AS \"supplier\" ON \"purchase_orders\".\"supplier_id\" = \"supplier\".\"id\" LEFT OUTER JOIN \"inventory\".\"warehouses\" AS \"warehouse\" ON \"purchase_orders\".\"warehouse_id\" = \"warehouse\".\"id\" LEFT OUTER JOIN \"core\".\"users\" AS \"created_by_user\" ON \"purchase_orders\".\"created_by\" = \"created_by_user\".\"id\" ORDER BY \"purchase_orders\".\"created_at\" DESC LIMIT 25 OFFSET 0;"},"parameters":{},"parent":{"code":"42703","file":"parse_relation.c","hint":"Perhaps you meant to reference the column \"purchase_orders.created_at\".","length":197,"line":"3729","name":"error","position":"583","routine":"errorMissingColumn","severity":"ERROR","sql":"SELECT \"purchase_orders\".\"id\", \"purchase_orders\".\"po_number\", \"purchase_orders\".\"supplier_id\", \"purchase_orders\".\"warehouse_id\", \"purchase_orders\".\"order_date\", \"purchase_orders\".\"expected_delivery_date\", \"purchase_orders\".\"actual_delivery_date\", \"purchase_orders\".\"subtotal\", \"purchase_orders\".\"tax\", \"purchase_orders\".\"discount\", \"purchase_orders\".\"shipping_cost\", \"purchase_orders\".\"total\", \"purchase_orders\".\"payment_terms\", \"purchase_orders\".\"status\", \"purchase_orders\".\"notes\", \"purchase_orders\".\"created_by\", \"purchase_orders\".\"approved_by\", \"purchase_orders\".\"approved_at\", \"purchase_orders\".\"createdAt\", \"purchase_orders\".\"updatedAt\", \"supplier\".\"id\" AS \"supplier.id\", \"supplier\".\"name\" AS \"supplier.name\", \"supplier\".\"code\" AS \"supplier.code\", \"warehouse\".\"id\" AS \"warehouse.id\", \"warehouse\".\"name\" AS \"warehouse.name\", \"warehouse\".\"code\" AS \"warehouse.code\", \"created_by_user\".\"id\" AS \"created_by_user.id\", \"created_by_user\".\"full_name\" AS \"created_by_user.full_name\" FROM \"inventory\".\"purchase_orders\" AS \"purchase_orders\" LEFT OUTER JOIN \"inventory\".\"suppliers\" AS \"supplier\" ON \"purchase_orders\".\"supplier_id\" = \"supplier\".\"id\" LEFT OUTER JOIN \"inventory\".\"warehouses\" AS \"warehouse\" ON \"purchase_orders\".\"warehouse_id\" = \"warehouse\".\"id\" LEFT OUTER JOIN \"core\".\"users\" AS \"created_by_user\" ON \"purchase_orders\".\"created_by\" = \"created_by_user\".\"id\" ORDER BY \"purchase_orders\".\"created_at\" DESC LIMIT 25 OFFSET 0;"},"sql":"SELECT \"purchase_orders\".\"id\", \"purchase_orders\".\"po_number\", \"purchase_orders\".\"supplier_id\", \"purchase_orders\".\"warehouse_id\", \"purchase_orders\".\"order_date\", \"purchase_orders\".\"expected_delivery_date\", \"purchase_orders\".\"actual_delivery_date\", \"purchase_orders\".\"subtotal\", \"purchase_orders\".\"tax\", \"purchase_orders\".\"discount\", \"purchase_orders\".\"shipping_cost\", \"purchase_orders\".\"total\", \"purchase_orders\".\"payment_terms\", \"purchase_orders\".\"status\", \"purchase_orders\".\"notes\", \"purchase_orders\".\"created_by\", \"purchase_orders\".\"approved_by\", \"purchase_orders\".\"approved_at\", \"purchase_orders\".\"createdAt\", \"purchase_orders\".\"updatedAt\", \"supplier\".\"id\" AS \"supplier.id\", \"supplier\".\"name\" AS \"supplier.name\", \"supplier\".\"code\" AS \"supplier.code\", \"warehouse\".\"id\" AS \"warehouse.id\", \"warehouse\".\"name\" AS \"warehouse.name\", \"warehouse\".\"code\" AS \"warehouse.code\", \"created_by_user\".\"id\" AS \"created_by_user.id\", \"created_by_user\".\"full_name\" AS \"created_by_user.full_name\" FROM \"inventory\".\"purchase_orders\" AS \"purchase_orders\" LEFT OUTER JOIN \"inventory\".\"suppliers\" AS \"supplier\" ON \"purchase_orders\".\"supplier_id\" = \"supplier\".\"id\" LEFT OUTER JOIN \"inventory\".\"warehouses\" AS \"warehouse\" ON \"purchase_orders\".\"warehouse_id\" = \"warehouse\".\"id\" LEFT OUTER JOIN \"core\".\"users\" AS \"created_by_user\" ON \"purchase_orders\".\"created_by\" = \"created_by_user\".\"id\" ORDER BY \"purchase_orders\".\"created_at\" DESC LIMIT 25 OFFSET 0;","timestamp":"2025-12-02 16:53:04:534"}
{"level":"\u001b[32minfo\u001b[39m","message":"\u001b[32m\u001b[0mGET /api/v1/inventory/purchase-orders?page=1&limit=25 \u001b[31m500\u001b[0m 667.235 ms - 87\u001b[0m\u001b[39m","timestamp":"2025-12-02 16:53:04:534"}
{"level":"\u001b[32minfo\u001b[39m","message":"\u001b[32m🚀 Server is running on port 3000\u001b[39m","timestamp":"2025-12-02 16:54:42:5442"}
{"level":"\u001b[32minfo\u001b[39m","message":"\u001b[32m📚 API Documentation: http://localhost:3000/api-docs\u001b[39m","timestamp":"2025-12-02 16:54:42:5442"}
{"level":"\u001b[32minfo\u001b[39m","message":"\u001b[32m🔍 API v1: http://localhost:3000/api/v1\u001b[39m","timestamp":"2025-12-02 16:54:42:5442"}
{"level":"\u001b[32minfo\u001b[39m","message":"\u001b[32m❤️  Health check: http://localhost:3000/health\u001b[39m","timestamp":"2025-12-02 16:54:42:5442"}
{"level":"\u001b[37mdebug\u001b[39m","message":"\u001b[37mExecuting (default): SELECT 1+1 AS result\u001b[39m","timestamp":"2025-12-02 16:54:42:5442"}
{"level":"\u001b[32minfo\u001b[39m","message":"\u001b[32m✅ Database connection established successfully\u001b[39m","timestamp":"2025-12-02 16:54:42:5442"}
{"level":"\u001b[32minfo\u001b[39m","message":"\u001b[32m📊 Connected to: dev-cmdv@localhost\u001b[39m","timestamp":"2025-12-02 16:54:42:5442"}
{"level":"\u001b[32minfo\u001b[39m","message":"\u001b[32m🚀 Server is running on port 3000\u001b[39m","timestamp":"2025-12-02 16:55:00:550"}
{"level":"\u001b[32minfo\u001b[39m","message":"\u001b[32m📚 API Documentation: http://localhost:3000/api-docs\u001b[39m","timestamp":"2025-12-02 16:55:00:550"}
{"level":"\u001b[32minfo\u001b[39m","message":"\u001b[32m🔍 API v1: http://localhost:3000/api/v1\u001b[39m","timestamp":"2025-12-02 16:55:00:550"}
{"level":"\u001b[32minfo\u001b[39m","message":"\u001b[32m❤️  Health check: http://localhost:3000/health\u001b[39m","timestamp":"2025-12-02 16:55:00:550"}
{"level":"\u001b[37mdebug\u001b[39m","message":"\u001b[37mExecuting (default): SELECT 1+1 AS result\u001b[39m","timestamp":"2025-12-02 16:55:00:550"}
{"level":"\u001b[32minfo\u001b[39m","message":"\u001b[32m✅ Database connection established successfully\u001b[39m","timestamp":"2025-12-02 16:55:00:550"}
{"level":"\u001b[32minfo\u001b[39m","message":"\u001b[32m📊 Connected to: dev-cmdv@localhost\u001b[39m","timestamp":"2025-12-02 16:55:00:550"}
{"level":"\u001b[37mdebug\u001b[39m","message":"\u001b[37mExecuting (default): SELECT count(\"purchase_orders\".\"id\") AS \"count\" FROM \"inventory\".\"purchase_orders\" AS \"purchase_orders\" LEFT OUTER JOIN \"inventory\".\"suppliers\" AS \"supplier\" ON \"purchase_orders\".\"supplier_id\" = \"supplier\".\"id\" LEFT OUTER JOIN \"inventory\".\"warehouses\" AS \"warehouse\" ON \"purchase_orders\".\"warehouse_id\" = \"warehouse\".\"id\" LEFT OUTER JOIN \"core\".\"users\" AS \"created_by_user\" ON \"purchase_orders\".\"created_by\" = \"created_by_user\".\"id\";\u001b[39m","timestamp":"2025-12-02 16:55:02:552"}
{"level":"\u001b[37mdebug\u001b[39m","message":"\u001b[37mExecuting (default): SELECT \"purchase_orders\".\"id\", \"purchase_orders\".\"po_number\", \"purchase_orders\".\"supplier_id\", \"purchase_orders\".\"warehouse_id\", \"purchase_orders\".\"order_date\", \"purchase_orders\".\"expected_delivery_date\", \"purchase_orders\".\"actual_delivery_date\", \"purchase_orders\".\"subtotal\", \"purchase_orders\".\"tax\", \"purchase_orders\".\"discount\", \"purchase_orders\".\"shipping_cost\", \"purchase_orders\".\"total\", \"purchase_orders\".\"payment_terms\", \"purchase_orders\".\"status\", \"purchase_orders\".\"notes\", \"purchase_orders\".\"created_by\", \"purchase_orders\".\"approved_by\", \"purchase_orders\".\"approved_at\", \"purchase_orders\".\"created_at\" AS \"createdAt\", \"purchase_orders\".\"updated_at\" AS \"updatedAt\", \"supplier\".\"id\" AS \"supplier.id\", \"supplier\".\"name\" AS \"supplier.name\", \"supplier\".\"code\" AS \"supplier.code\", \"warehouse\".\"id\" AS \"warehouse.id\", \"warehouse\".\"name\" AS \"warehouse.name\", \"warehouse\".\"code\" AS \"warehouse.code\", \"created_by_user\".\"id\" AS \"created_by_user.id\", \"created_by_user\".\"full_name\" AS \"created_by_user.full_name\" FROM \"inventory\".\"purchase_orders\" AS \"purchase_orders\" LEFT OUTER JOIN \"inventory\".\"suppliers\" AS \"supplier\" ON \"purchase_orders\".\"supplier_id\" = \"supplier\".\"id\" LEFT OUTER JOIN \"inventory\".\"warehouses\" AS \"warehouse\" ON \"purchase_orders\".\"warehouse_id\" = \"warehouse\".\"id\" LEFT OUTER JOIN \"core\".\"users\" AS \"created_by_user\" ON \"purchase_orders\".\"created_by\" = \"created_by_user\".\"id\" ORDER BY \"createdAt\" DESC LIMIT 25 OFFSET 0;\u001b[39m","timestamp":"2025-12-02 16:55:02:552"}
{"level":"\u001b[31merror\u001b[39m","message":"\u001b[31mError finding purchase orders:SequelizeDatabaseError: column supplier.name does not exist\u001b[39m","timestamp":"2025-12-02 16:55:02:552"}
{"level":"\u001b[32minfo\u001b[39m","message":"\u001b[32m\u001b[0mGET /api/v1/inventory/purchase-orders?page=1&limit=25 \u001b[31m500\u001b[0m 67.991 ms - 87\u001b[0m\u001b[39m","timestamp":"2025-12-02 16:55:02:552"}
{"level":"\u001b[32minfo\u001b[39m","message":"\u001b[32m🚀 Server is running on port 3000\u001b[39m","timestamp":"2025-12-02 16:55:20:5520"}
{"level":"\u001b[32minfo\u001b[39m","message":"\u001b[32m📚 API Documentation: http://localhost:3000/api-docs\u001b[39m","timestamp":"2025-12-02 16:55:20:5520"}
{"level":"\u001b[32minfo\u001b[39m","message":"\u001b[32m🔍 API v1: http://localhost:3000/api/v1\u001b[39m","timestamp":"2025-12-02 16:55:20:5520"}
{"level":"\u001b[32minfo\u001b[39m","message":"\u001b[32m❤️  Health check: http://localhost:3000/health\u001b[39m","timestamp":"2025-12-02 16:55:20:5520"}
{"level":"\u001b[37mdebug\u001b[39m","message":"\u001b[37mExecuting (default): SELECT 1+1 AS result\u001b[39m","timestamp":"2025-12-02 16:55:20:5520"}
{"level":"\u001b[32minfo\u001b[39m","message":"\u001b[32m✅ Database connection established successfully\u001b[39m","timestamp":"2025-12-02 16:55:20:5520"}
{"level":"\u001b[32minfo\u001b[39m","message":"\u001b[32m📊 Connected to: dev-cmdv@localhost\u001b[39m","timestamp":"2025-12-02 16:55:20:5520"}
{"level":"\u001b[37mdebug\u001b[39m","message":"\u001b[37mExecuting (default): SELECT count(\"purchase_orders\".\"id\") AS \"count\" FROM \"inventory\".\"purchase_orders\" AS \"purchase_orders\" LEFT OUTER JOIN \"inventory\".\"suppliers\" AS \"supplier\" ON \"purchase_orders\".\"supplier_id\" = \"supplier\".\"id\" LEFT OUTER JOIN \"inventory\".\"warehouses\" AS \"warehouse\" ON \"purchase_orders\".\"warehouse_id\" = \"warehouse\".\"id\" LEFT OUTER JOIN \"core\".\"users\" AS \"created_by_user\" ON \"purchase_orders\".\"created_by\" = \"created_by_user\".\"id\";\u001b[39m","timestamp":"2025-12-02 16:55:21:5521"}
{"level":"\u001b[37mdebug\u001b[39m","message":"\u001b[37mExecuting (default): SELECT \"purchase_orders\".\"id\", \"purchase_orders\".\"po_number\", \"purchase_orders\".\"supplier_id\", \"purchase_orders\".\"warehouse_id\", \"purchase_orders\".\"order_date\", \"purchase_orders\".\"expected_delivery_date\", \"purchase_orders\".\"actual_delivery_date\", \"purchase_orders\".\"subtotal\", \"purchase_orders\".\"tax\", \"purchase_orders\".\"discount\", \"purchase_orders\".\"shipping_cost\", \"purchase_orders\".\"total\", \"purchase_orders\".\"payment_terms\", \"purchase_orders\".\"status\", \"purchase_orders\".\"notes\", \"purchase_orders\".\"created_by\", \"purchase_orders\".\"approved_by\", \"purchase_orders\".\"approved_at\", \"purchase_orders\".\"created_at\" AS \"createdAt\", \"purchase_orders\".\"updated_at\" AS \"updatedAt\", \"supplier\".\"id\" AS \"supplier.id\", \"supplier\".\"business_name\" AS \"supplier.business_name\", \"supplier\".\"code\" AS \"supplier.code\", \"warehouse\".\"id\" AS \"warehouse.id\", \"warehouse\".\"name\" AS \"warehouse.name\", \"warehouse\".\"code\" AS \"warehouse.code\", \"created_by_user\".\"id\" AS \"created_by_user.id\", \"created_by_user\".\"full_name\" AS \"created_by_user.full_name\" FROM \"inventory\".\"purchase_orders\" AS \"purchase_orders\" LEFT OUTER JOIN \"inventory\".\"suppliers\" AS \"supplier\" ON \"purchase_orders\".\"supplier_id\" = \"supplier\".\"id\" LEFT OUTER JOIN \"inventory\".\"warehouses\" AS \"warehouse\" ON \"purchase_orders\".\"warehouse_id\" = \"warehouse\".\"id\" LEFT OUTER JOIN \"core\".\"users\" AS \"created_by_user\" ON \"purchase_orders\".\"created_by\" = \"created_by_user\".\"id\" ORDER BY \"createdAt\" DESC LIMIT 25 OFFSET 0;\u001b[39m","timestamp":"2025-12-02 16:55:21:5521"}
{"level":"\u001b[32minfo\u001b[39m","message":"\u001b[32m\u001b[0mGET /api/v1/inventory/purchase-orders?page=1&limit=25 \u001b[32m200\u001b[0m 38.920 ms - 129\u001b[0m\u001b[39m","timestamp":"2025-12-02 16:55:21:5521"}
{"level":"\u001b[32minfo\u001b[39m","message":"\u001b[32m🚀 Server is running on port 3000\u001b[39m","timestamp":"2025-12-02 16:55:37:5537"}
{"level":"\u001b[32minfo\u001b[39m","message":"\u001b[32m📚 API Documentation: http://localhost:3000/api-docs\u001b[39m","timestamp":"2025-12-02 16:55:37:5537"}
{"level":"\u001b[32minfo\u001b[39m","message":"\u001b[32m🔍 API v1: http://localhost:3000/api/v1\u001b[39m","timestamp":"2025-12-02 16:55:37:5537"}
{"level":"\u001b[32minfo\u001b[39m","message":"\u001b[32m❤️  Health check: http://localhost:3000/health\u001b[39m","timestamp":"2025-12-02 16:55:37:5537"}
{"level":"\u001b[37mdebug\u001b[39m","message":"\u001b[37mExecuting (default): SELECT 1+1 AS result\u001b[39m","timestamp":"2025-12-02 16:55:37:5537"}
{"level":"\u001b[32minfo\u001b[39m","message":"\u001b[32m✅ Database connection established successfully\u001b[39m","timestamp":"2025-12-02 16:55:37:5537"}
{"level":"\u001b[32minfo\u001b[39m","message":"\u001b[32m📊 Connected to: dev-cmdv@localhost\u001b[39m","timestamp":"2025-12-02 16:55:37:5537"}
{"level":"\u001b[32minfo\u001b[39m","message":"\u001b[32m🚀 Server is running on port 3000\u001b[39m","timestamp":"2025-12-02 16:59:05:595"}
{"level":"\u001b[32minfo\u001b[39m","message":"\u001b[32m📚 API Documentation: http://localhost:3000/api-docs\u001b[39m","timestamp":"2025-12-02 16:59:05:595"}
{"level":"\u001b[32minfo\u001b[39m","message":"\u001b[32m🔍 API v1: http://localhost:3000/api/v1\u001b[39m","timestamp":"2025-12-02 16:59:05:595"}
{"level":"\u001b[32minfo\u001b[39m","message":"\u001b[32m❤️  Health check: http://localhost:3000/health\u001b[39m","timestamp":"2025-12-02 16:59:05:595"}
{"level":"\u001b[37mdebug\u001b[39m","message":"\u001b[37mExecuting (default): SELECT 1+1 AS result\u001b[39m","timestamp":"2025-12-02 16:59:05:595"}
{"level":"\u001b[32minfo\u001b[39m","message":"\u001b[32m✅ Database connection established successfully\u001b[39m","timestamp":"2025-12-02 16:59:05:595"}
{"level":"\u001b[32minfo\u001b[39m","message":"\u001b[32m📊 Connected to: dev-cmdv@localhost\u001b[39m","timestamp":"2025-12-02 16:59:05:595"}
{"level":"\u001b[32minfo\u001b[39m","message":"\u001b[32m🚀 Server is running on port 3000\u001b[39m","timestamp":"2025-12-02 17:00:16:016"}
{"level":"\u001b[32minfo\u001b[39m","message":"\u001b[32m📚 API Documentation: http://localhost:3000/api-docs\u001b[39m","timestamp":"2025-12-02 17:00:16:016"}
{"level":"\u001b[32minfo\u001b[39m","message":"\u001b[32m🔍 API v1: http://localhost:3000/api/v1\u001b[39m","timestamp":"2025-12-02 17:00:16:016"}
{"level":"\u001b[32minfo\u001b[39m","message":"\u001b[32m❤️  Health check: http://localhost:3000/health\u001b[39m","timestamp":"2025-12-02 17:00:16:016"}
{"level":"\u001b[37mdebug\u001b[39m","message":"\u001b[37mExecuting (default): SELECT 1+1 AS result\u001b[39m","timestamp":"2025-12-02 17:00:16:016"}
{"level":"\u001b[32minfo\u001b[39m","message":"\u001b[32m✅ Database connection established successfully\u001b[39m","timestamp":"2025-12-02 17:00:16:016"}
{"level":"\u001b[32minfo\u001b[39m","message":"\u001b[32m📊 Connected to: dev-cmdv@localhost\u001b[39m","timestamp":"2025-12-02 17:00:16:016"}
{"level":"\u001b[32minfo\u001b[39m","message":"\u001b[32m\u001b[0mGET /api/v1/inventory/purchase-orders/po-number/ponumber \u001b[31m500\u001b[0m 15.559 ms - 86\u001b[0m\u001b[39m","timestamp":"2025-12-02 17:00:33:033"}
{"level":"\u001b[32minfo\u001b[39m","message":"\u001b[32m\u001b[0mGET /api/v1/inventory/purchase-orders/po-number/:poNumber \u001b[31m500\u001b[0m 2.850 ms - 86\u001b[0m\u001b[39m","timestamp":"2025-12-02 17:00:58:058"}
{"level":"\u001b[32minfo\u001b[39m","message":"\u001b[32m\u001b[0mGET /api/v1/inventory/purchase-orders/po-number/12341234 \u001b[31m500\u001b[0m 1.459 ms - 86\u001b[0m\u001b[39m","timestamp":"2025-12-02 17:01:01:11"}
{"level":"\u001b[32minfo\u001b[39m","message":"\u001b[32m🚀 Server is running on port 3000\u001b[39m","timestamp":"2025-12-02 17:02:30:230"}
{"level":"\u001b[32minfo\u001b[39m","message":"\u001b[32m📚 API Documentation: http://localhost:3000/api-docs\u001b[39m","timestamp":"2025-12-02 17:02:30:230"}
{"level":"\u001b[32minfo\u001b[39m","message":"\u001b[32m🔍 API v1: http://localhost:3000/api/v1\u001b[39m","timestamp":"2025-12-02 17:02:30:230"}
{"level":"\u001b[32minfo\u001b[39m","message":"\u001b[32m❤️  Health check: http://localhost:3000/health\u001b[39m","timestamp":"2025-12-02 17:02:30:230"}
{"level":"\u001b[32minfo\u001b[39m","message":"\u001b[32m🚀 Server is running on port 3000\u001b[39m","timestamp":"2025-12-02 17:02:34:234"}
{"level":"\u001b[32minfo\u001b[39m","message":"\u001b[32m📚 API Documentation: http://localhost:3000/api-docs\u001b[39m","timestamp":"2025-12-02 17:02:34:234"}
{"level":"\u001b[32minfo\u001b[39m","message":"\u001b[32m🔍 API v1: http://localhost:3000/api/v1\u001b[39m","timestamp":"2025-12-02 17:02:34:234"}
{"level":"\u001b[32minfo\u001b[39m","message":"\u001b[32m❤️  Health check: http://localhost:3000/health\u001b[39m","timestamp":"2025-12-02 17:02:34:234"}
{"level":"\u001b[37mdebug\u001b[39m","message":"\u001b[37mExecuting (default): SELECT 1+1 AS result\u001b[39m","timestamp":"2025-12-02 17:02:34:234"}
{"level":"\u001b[32minfo\u001b[39m","message":"\u001b[32m✅ Database connection established successfully\u001b[39m","timestamp":"2025-12-02 17:02:34:234"}
{"level":"\u001b[32minfo\u001b[39m","message":"\u001b[32m📊 Connected to: dev-cmdv@localhost\u001b[39m","timestamp":"2025-12-02 17:02:34:234"}
{"level":"\u001b[37mdebug\u001b[39m","message":"\u001b[37mExecuting (default): SELECT \"id\", \"po_number\", \"supplier_id\", \"warehouse_id\", \"order_date\", \"expected_delivery_date\", \"actual_delivery_date\", \"subtotal\", \"tax\", \"discount\", \"shipping_cost\", \"total\", \"payment_terms\", \"status\", \"notes\", \"created_by\", \"approved_by\", \"approved_at\", \"created_at\" AS \"createdAt\", \"updated_at\" AS \"updatedAt\" FROM \"inventory\".\"purchase_orders\" AS \"purchase_orders\" WHERE \"purchase_orders\".\"po_number\" = '12341234';\u001b[39m","timestamp":"2025-12-02 17:04:21:421"}
{"level":"\u001b[32minfo\u001b[39m","message":"\u001b[32m\u001b[0mGET /api/v1/inventory/purchase-orders/po-number/12341234 \u001b[33m404\u001b[0m 80.331 ms - 77\u001b[0m\u001b[39m","timestamp":"2025-12-02 17:04:21:421"}
{"level":"\u001b[37mdebug\u001b[39m","message":"\u001b[37mExecuting (11b1f701-95e1-433c-8158-3ed8c8f8d40f): START TRANSACTION;\u001b[39m","timestamp":"2025-12-02 17:34:12:3412"}
{"level":"\u001b[37mdebug\u001b[39m","message":"\u001b[37mExecuting (11b1f701-95e1-433c-8158-3ed8c8f8d40f): INSERT INTO \"inventory\".\"purchase_orders\" (\"id\",\"po_number\",\"supplier_id\",\"warehouse_id\",\"order_date\",\"expected_delivery_date\",\"subtotal\",\"tax\",\"discount\",\"shipping_cost\",\"total\",\"payment_terms\",\"status\",\"notes\",\"created_by\",\"created_at\",\"updated_at\") VALUES ($1,$2,$3,$4,CURRENT_DATE,$5,$6,$7,$8,$9,$10,$11,$12,$13,$14,$15,$16) RETURNING \"id\",\"po_number\",\"supplier_id\",\"warehouse_id\",\"order_date\",\"expected_delivery_date\",\"actual_delivery_date\",\"subtotal\",\"tax\",\"discount\",\"shipping_cost\",\"total\",\"payment_terms\",\"status\",\"notes\",\"created_by\",\"approved_by\",\"approved_at\",\"created_at\",\"updated_at\";\u001b[39m","timestamp":"2025-12-02 17:34:12:3412"}
{"level":"\u001b[37mdebug\u001b[39m","message":"\u001b[37mExecuting (11b1f701-95e1-433c-8158-3ed8c8f8d40f): INSERT INTO \"inventory\".\"purchase_order_details\" (\"id\",\"purchase_order_id\",\"product_id\",\"quantity\",\"unit_cost\",\"subtotal\",\"tax\",\"total\",\"received_quantity\") VALUES ($1,$2,$3,$4,$5,$6,$7,$8,$9) RETURNING \"id\",\"purchase_order_id\",\"product_id\",\"quantity\",\"unit_cost\",\"subtotal\",\"tax\",\"total\",\"received_quantity\",\"expiration_date\",\"batch_number\",\"notes\";\u001b[39m","timestamp":"2025-12-02 17:34:12:3412"}
{"level":"\u001b[37mdebug\u001b[39m","message":"\u001b[37mExecuting (11b1f701-95e1-433c-8158-3ed8c8f8d40f): ROLLBACK;\u001b[39m","timestamp":"2025-12-02 17:34:12:3412"}
{"level":"\u001b[31merror\u001b[39m","message":"\u001b[31mError creating purchase order:\u001b[39m","name":"SequelizeDatabaseError","original":{"code":"22P02","file":"uuid.c","length":129,"line":"133","name":"error","parameters":["","fdde4582-0f71-4d0c-90f1-ea684628fc6e","393f7a7e-bb88-4c60-bf03-d16fb8c3bb7d",25,45.75,1143.75,0,1143.75,0],"routine":"string_to_uuid","severity":"ERROR","sql":"INSERT INTO \"inventory\".\"purchase_order_details\" (\"id\",\"purchase_order_id\",\"product_id\",\"quantity\",\"unit_cost\",\"subtotal\",\"tax\",\"total\",\"received_quantity\") VALUES ($1,$2,$3,$4,$5,$6,$7,$8,$9) RETURNING \"id\",\"purchase_order_id\",\"product_id\",\"quantity\",\"unit_cost\",\"subtotal\",\"tax\",\"total\",\"received_quantity\",\"expiration_date\",\"batch_number\",\"notes\";","where":"unnamed portal parameter $1 = ''"},"parameters":["","fdde4582-0f71-4d0c-90f1-ea684628fc6e","393f7a7e-bb88-4c60-bf03-d16fb8c3bb7d",25,45.75,1143.75,0,1143.75,0],"parent":{"code":"22P02","file":"uuid.c","length":129,"line":"133","name":"error","parameters":["","fdde4582-0f71-4d0c-90f1-ea684628fc6e","393f7a7e-bb88-4c60-bf03-d16fb8c3bb7d",25,45.75,1143.75,0,1143.75,0],"routine":"string_to_uuid","severity":"ERROR","sql":"INSERT INTO \"inventory\".\"purchase_order_details\" (\"id\",\"purchase_order_id\",\"product_id\",\"quantity\",\"unit_cost\",\"subtotal\",\"tax\",\"total\",\"received_quantity\") VALUES ($1,$2,$3,$4,$5,$6,$7,$8,$9) RETURNING \"id\",\"purchase_order_id\",\"product_id\",\"quantity\",\"unit_cost\",\"subtotal\",\"tax\",\"total\",\"received_quantity\",\"expiration_date\",\"batch_number\",\"notes\";","where":"unnamed portal parameter $1 = ''"},"sql":"INSERT INTO \"inventory\".\"purchase_order_details\" (\"id\",\"purchase_order_id\",\"product_id\",\"quantity\",\"unit_cost\",\"subtotal\",\"tax\",\"total\",\"received_quantity\") VALUES ($1,$2,$3,$4,$5,$6,$7,$8,$9) RETURNING \"id\",\"purchase_order_id\",\"product_id\",\"quantity\",\"unit_cost\",\"subtotal\",\"tax\",\"total\",\"received_quantity\",\"expiration_date\",\"batch_number\",\"notes\";","timestamp":"2025-12-02 17:34:12:3412"}
{"level":"\u001b[32minfo\u001b[39m","message":"\u001b[32m\u001b[0mPOST /api/v1/inventory/purchase-orders/ \u001b[31m500\u001b[0m 469.395 ms - 84\u001b[0m\u001b[39m","timestamp":"2025-12-02 17:34:12:3412"}
{"level":"\u001b[32minfo\u001b[39m","message":"\u001b[32m🚀 Server is running on port 3000\u001b[39m","timestamp":"2025-12-02 17:35:38:3538"}
{"level":"\u001b[32minfo\u001b[39m","message":"\u001b[32m📚 API Documentation: http://localhost:3000/api-docs\u001b[39m","timestamp":"2025-12-02 17:35:38:3538"}
{"level":"\u001b[32minfo\u001b[39m","message":"\u001b[32m🔍 API v1: http://localhost:3000/api/v1\u001b[39m","timestamp":"2025-12-02 17:35:38:3538"}
{"level":"\u001b[32minfo\u001b[39m","message":"\u001b[32m❤️  Health check: http://localhost:3000/health\u001b[39m","timestamp":"2025-12-02 17:35:38:3538"}
{"level":"\u001b[37mdebug\u001b[39m","message":"\u001b[37mExecuting (default): SELECT 1+1 AS result\u001b[39m","timestamp":"2025-12-02 17:35:38:3538"}
{"level":"\u001b[32minfo\u001b[39m","message":"\u001b[32m✅ Database connection established successfully\u001b[39m","timestamp":"2025-12-02 17:35:38:3538"}
{"level":"\u001b[32minfo\u001b[39m","message":"\u001b[32m📊 Connected to: dev-cmdv@localhost\u001b[39m","timestamp":"2025-12-02 17:35:38:3538"}
{"level":"\u001b[37mdebug\u001b[39m","message":"\u001b[37mExecuting (894c04f4-77f5-4107-88ac-9d609327ed69): START TRANSACTION;\u001b[39m","timestamp":"2025-12-02 17:35:46:3546"}
{"level":"\u001b[37mdebug\u001b[39m","message":"\u001b[37mExecuting (894c04f4-77f5-4107-88ac-9d609327ed69): INSERT INTO \"inventory\".\"purchase_orders\" (\"id\",\"po_number\",\"supplier_id\",\"warehouse_id\",\"order_date\",\"expected_delivery_date\",\"subtotal\",\"tax\",\"discount\",\"shipping_cost\",\"total\",\"payment_terms\",\"status\",\"notes\",\"created_by\",\"created_at\",\"updated_at\") VALUES ($1,$2,$3,$4,CURRENT_DATE,$5,$6,$7,$8,$9,$10,$11,$12,$13,$14,$15,$16) RETURNING \"id\",\"po_number\",\"supplier_id\",\"warehouse_id\",\"order_date\",\"expected_delivery_date\",\"actual_delivery_date\",\"subtotal\",\"tax\",\"discount\",\"shipping_cost\",\"total\",\"payment_terms\",\"status\",\"notes\",\"created_by\",\"approved_by\",\"approved_at\",\"created_at\",\"updated_at\";\u001b[39m","timestamp":"2025-12-02 17:35:46:3546"}
{"level":"\u001b[37mdebug\u001b[39m","message":"\u001b[37mExecuting (894c04f4-77f5-4107-88ac-9d609327ed69): INSERT INTO \"inventory\".\"purchase_order_details\" (\"id\",\"purchase_order_id\",\"product_id\",\"quantity\",\"unit_cost\",\"subtotal\",\"tax\",\"total\",\"received_quantity\") VALUES ($1,$2,$3,$4,$5,$6,$7,$8,$9) RETURNING \"id\",\"purchase_order_id\",\"product_id\",\"quantity\",\"unit_cost\",\"subtotal\",\"tax\",\"total\",\"received_quantity\",\"expiration_date\",\"batch_number\",\"notes\";\u001b[39m","timestamp":"2025-12-02 17:35:46:3546"}
{"level":"\u001b[37mdebug\u001b[39m","message":"\u001b[37mExecuting (894c04f4-77f5-4107-88ac-9d609327ed69): ROLLBACK;\u001b[39m","timestamp":"2025-12-02 17:35:46:3546"}
{"level":"\u001b[31merror\u001b[39m","message":"\u001b[31mError creating purchase order:SequelizeDatabaseError: invalid input syntax for type uuid: \"\"\u001b[39m","timestamp":"2025-12-02 17:35:46:3546"}
{"level":"\u001b[32minfo\u001b[39m","message":"\u001b[32m\u001b[0mPOST /api/v1/inventory/purchase-orders/ \u001b[31m500\u001b[0m 95.617 ms - 84\u001b[0m\u001b[39m","timestamp":"2025-12-02 17:35:46:3546"}
{"level":"\u001b[32minfo\u001b[39m","message":"\u001b[32m🚀 Server is running on port 3000\u001b[39m","timestamp":"2025-12-02 17:38:18:3818"}
{"level":"\u001b[32minfo\u001b[39m","message":"\u001b[32m📚 API Documentation: http://localhost:3000/api-docs\u001b[39m","timestamp":"2025-12-02 17:38:18:3818"}
{"level":"\u001b[32minfo\u001b[39m","message":"\u001b[32m🔍 API v1: http://localhost:3000/api/v1\u001b[39m","timestamp":"2025-12-02 17:38:18:3818"}
{"level":"\u001b[32minfo\u001b[39m","message":"\u001b[32m❤️  Health check: http://localhost:3000/health\u001b[39m","timestamp":"2025-12-02 17:38:18:3818"}
{"level":"\u001b[37mdebug\u001b[39m","message":"\u001b[37mExecuting (default): SELECT 1+1 AS result\u001b[39m","timestamp":"2025-12-02 17:38:18:3818"}
{"level":"\u001b[32minfo\u001b[39m","message":"\u001b[32m✅ Database connection established successfully\u001b[39m","timestamp":"2025-12-02 17:38:18:3818"}
{"level":"\u001b[32minfo\u001b[39m","message":"\u001b[32m📊 Connected to: dev-cmdv@localhost\u001b[39m","timestamp":"2025-12-02 17:38:18:3818"}
{"level":"\u001b[37mdebug\u001b[39m","message":"\u001b[37mExecuting (1ca65396-8dd2-454c-8a30-891b83fde2ce): START TRANSACTION;\u001b[39m","timestamp":"2025-12-02 17:38:18:3818"}
{"level":"\u001b[37mdebug\u001b[39m","message":"\u001b[37mExecuting (1ca65396-8dd2-454c-8a30-891b83fde2ce): INSERT INTO \"inventory\".\"purchase_orders\" (\"id\",\"po_number\",\"supplier_id\",\"warehouse_id\",\"order_date\",\"expected_delivery_date\",\"subtotal\",\"tax\",\"discount\",\"shipping_cost\",\"total\",\"payment_terms\",\"status\",\"notes\",\"created_by\",\"created_at\",\"updated_at\") VALUES ($1,$2,$3,$4,CURRENT_DATE,$5,$6,$7,$8,$9,$10,$11,$12,$13,$14,$15,$16) RETURNING \"id\",\"po_number\",\"supplier_id\",\"warehouse_id\",\"order_date\",\"expected_delivery_date\",\"actual_delivery_date\",\"subtotal\",\"tax\",\"discount\",\"shipping_cost\",\"total\",\"payment_terms\",\"status\",\"notes\",\"created_by\",\"approved_by\",\"approved_at\",\"created_at\",\"updated_at\";\u001b[39m","timestamp":"2025-12-02 17:38:18:3818"}
{"level":"\u001b[37mdebug\u001b[39m","message":"\u001b[37mExecuting (1ca65396-8dd2-454c-8a30-891b83fde2ce): INSERT INTO \"inventory\".\"purchase_order_details\" (\"id\",\"purchase_order_id\",\"product_id\",\"quantity\",\"unit_cost\",\"subtotal\",\"tax\",\"total\",\"received_quantity\") VALUES ($1,$2,$3,$4,$5,$6,$7,$8,$9) RETURNING \"id\",\"purchase_order_id\",\"product_id\",\"quantity\",\"unit_cost\",\"subtotal\",\"tax\",\"total\",\"received_quantity\",\"expiration_date\",\"batch_number\",\"notes\";\u001b[39m","timestamp":"2025-12-02 17:38:18:3818"}
{"level":"\u001b[37mdebug\u001b[39m","message":"\u001b[37mExecuting (1ca65396-8dd2-454c-8a30-891b83fde2ce): ROLLBACK;\u001b[39m","timestamp":"2025-12-02 17:38:18:3818"}
{"level":"\u001b[31merror\u001b[39m","message":"\u001b[31mError creating purchase order:SequelizeDatabaseError: invalid input syntax for type uuid: \"\"\u001b[39m","timestamp":"2025-12-02 17:38:18:3818"}
{"level":"\u001b[32minfo\u001b[39m","message":"\u001b[32m\u001b[0mPOST /api/v1/inventory/purchase-orders/ \u001b[31m500\u001b[0m 128.469 ms - 84\u001b[0m\u001b[39m","timestamp":"2025-12-02 17:38:18:3818"}
{"level":"\u001b[32minfo\u001b[39m","message":"\u001b[32m🚀 Server is running on port 3000\u001b[39m","timestamp":"2025-12-02 17:38:56:3856"}
{"level":"\u001b[32minfo\u001b[39m","message":"\u001b[32m📚 API Documentation: http://localhost:3000/api-docs\u001b[39m","timestamp":"2025-12-02 17:38:56:3856"}
{"level":"\u001b[32minfo\u001b[39m","message":"\u001b[32m🔍 API v1: http://localhost:3000/api/v1\u001b[39m","timestamp":"2025-12-02 17:38:56:3856"}
{"level":"\u001b[32minfo\u001b[39m","message":"\u001b[32m❤️  Health check: http://localhost:3000/health\u001b[39m","timestamp":"2025-12-02 17:38:56:3856"}
{"level":"\u001b[37mdebug\u001b[39m","message":"\u001b[37mExecuting (default): SELECT 1+1 AS result\u001b[39m","timestamp":"2025-12-02 17:38:56:3856"}
{"level":"\u001b[32minfo\u001b[39m","message":"\u001b[32m✅ Database connection established successfully\u001b[39m","timestamp":"2025-12-02 17:38:56:3856"}
{"level":"\u001b[32minfo\u001b[39m","message":"\u001b[32m📊 Connected to: dev-cmdv@localhost\u001b[39m","timestamp":"2025-12-02 17:38:56:3856"}
{"level":"\u001b[32minfo\u001b[39m","message":"\u001b[32m🚀 Server is running on port 3000\u001b[39m","timestamp":"2025-12-02 17:39:20:3920"}
{"level":"\u001b[32minfo\u001b[39m","message":"\u001b[32m📚 API Documentation: http://localhost:3000/api-docs\u001b[39m","timestamp":"2025-12-02 17:39:20:3920"}
{"level":"\u001b[32minfo\u001b[39m","message":"\u001b[32m🔍 API v1: http://localhost:3000/api/v1\u001b[39m","timestamp":"2025-12-02 17:39:20:3920"}
{"level":"\u001b[32minfo\u001b[39m","message":"\u001b[32m❤️  Health check: http://localhost:3000/health\u001b[39m","timestamp":"2025-12-02 17:39:20:3920"}
{"level":"\u001b[37mdebug\u001b[39m","message":"\u001b[37mExecuting (default): SELECT 1+1 AS result\u001b[39m","timestamp":"2025-12-02 17:39:20:3920"}
{"level":"\u001b[32minfo\u001b[39m","message":"\u001b[32m✅ Database connection established successfully\u001b[39m","timestamp":"2025-12-02 17:39:20:3920"}
{"level":"\u001b[32minfo\u001b[39m","message":"\u001b[32m📊 Connected to: dev-cmdv@localhost\u001b[39m","timestamp":"2025-12-02 17:39:20:3920"}
{"level":"\u001b[37mdebug\u001b[39m","message":"\u001b[37mExecuting (e1ab78d3-1850-435f-b9ab-4f8680fa1770): START TRANSACTION;\u001b[39m","timestamp":"2025-12-02 17:39:23:3923"}
{"level":"\u001b[37mdebug\u001b[39m","message":"\u001b[37mExecuting (e1ab78d3-1850-435f-b9ab-4f8680fa1770): INSERT INTO \"inventory\".\"purchase_orders\" (\"id\",\"po_number\",\"supplier_id\",\"warehouse_id\",\"order_date\",\"expected_delivery_date\",\"subtotal\",\"tax\",\"discount\",\"shipping_cost\",\"total\",\"payment_terms\",\"status\",\"notes\",\"created_by\",\"created_at\",\"updated_at\") VALUES ($1,$2,$3,$4,CURRENT_DATE,$5,$6,$7,$8,$9,$10,$11,$12,$13,$14,$15,$16) RETURNING \"id\",\"po_number\",\"supplier_id\",\"warehouse_id\",\"order_date\",\"expected_delivery_date\",\"actual_delivery_date\",\"subtotal\",\"tax\",\"discount\",\"shipping_cost\",\"total\",\"payment_terms\",\"status\",\"notes\",\"created_by\",\"approved_by\",\"approved_at\",\"created_at\",\"updated_at\";\u001b[39m","timestamp":"2025-12-02 17:39:23:3923"}
{"level":"\u001b[37mdebug\u001b[39m","message":"\u001b[37mExecuting (e1ab78d3-1850-435f-b9ab-4f8680fa1770): INSERT INTO \"inventory\".\"purchase_order_details\" (\"id\",\"purchase_order_id\",\"product_id\",\"quantity\",\"unit_cost\",\"subtotal\",\"tax\",\"total\",\"received_quantity\") VALUES ($1,$2,$3,$4,$5,$6,$7,$8,$9) RETURNING \"id\",\"purchase_order_id\",\"product_id\",\"quantity\",\"unit_cost\",\"subtotal\",\"tax\",\"total\",\"received_quantity\",\"expiration_date\",\"batch_number\",\"notes\";\u001b[39m","timestamp":"2025-12-02 17:39:23:3923"}
{"level":"\u001b[37mdebug\u001b[39m","message":"\u001b[37mExecuting (e1ab78d3-1850-435f-b9ab-4f8680fa1770): ROLLBACK;\u001b[39m","timestamp":"2025-12-02 17:39:23:3923"}
{"level":"\u001b[31merror\u001b[39m","message":"\u001b[31mError creating purchase order:SequelizeDatabaseError: invalid input syntax for type uuid: \"\"\u001b[39m","timestamp":"2025-12-02 17:39:23:3923"}
{"level":"\u001b[32minfo\u001b[39m","message":"\u001b[32m\u001b[0mPOST /api/v1/inventory/purchase-orders/ \u001b[31m500\u001b[0m 93.558 ms - 84\u001b[0m\u001b[39m","timestamp":"2025-12-02 17:39:23:3923"}
{"level":"\u001b[32minfo\u001b[39m","message":"\u001b[32m🚀 Server is running on port 3000\u001b[39m","timestamp":"2025-12-02 17:39:39:3939"}
{"level":"\u001b[32minfo\u001b[39m","message":"\u001b[32m📚 API Documentation: http://localhost:3000/api-docs\u001b[39m","timestamp":"2025-12-02 17:39:39:3939"}
{"level":"\u001b[32minfo\u001b[39m","message":"\u001b[32m🔍 API v1: http://localhost:3000/api/v1\u001b[39m","timestamp":"2025-12-02 17:39:39:3939"}
{"level":"\u001b[32minfo\u001b[39m","message":"\u001b[32m❤️  Health check: http://localhost:3000/health\u001b[39m","timestamp":"2025-12-02 17:39:39:3939"}
{"level":"\u001b[37mdebug\u001b[39m","message":"\u001b[37mExecuting (default): SELECT 1+1 AS result\u001b[39m","timestamp":"2025-12-02 17:39:39:3939"}
{"level":"\u001b[32minfo\u001b[39m","message":"\u001b[32m✅ Database connection established successfully\u001b[39m","timestamp":"2025-12-02 17:39:39:3939"}
{"level":"\u001b[32minfo\u001b[39m","message":"\u001b[32m📊 Connected to: dev-cmdv@localhost\u001b[39m","timestamp":"2025-12-02 17:39:39:3939"}
{"level":"\u001b[32minfo\u001b[39m","message":"\u001b[32m🚀 Server is running on port 3000\u001b[39m","timestamp":"2025-12-02 17:46:35:4635"}
{"level":"\u001b[32minfo\u001b[39m","message":"\u001b[32m📚 API Documentation: http://localhost:3000/api-docs\u001b[39m","timestamp":"2025-12-02 17:46:35:4635"}
{"level":"\u001b[32minfo\u001b[39m","message":"\u001b[32m🔍 API v1: http://localhost:3000/api/v1\u001b[39m","timestamp":"2025-12-02 17:46:35:4635"}
{"level":"\u001b[32minfo\u001b[39m","message":"\u001b[32m❤️  Health check: http://localhost:3000/health\u001b[39m","timestamp":"2025-12-02 17:46:35:4635"}
{"level":"\u001b[37mdebug\u001b[39m","message":"\u001b[37mExecuting (default): SELECT 1+1 AS result\u001b[39m","timestamp":"2025-12-02 17:46:35:4635"}
{"level":"\u001b[32minfo\u001b[39m","message":"\u001b[32m✅ Database connection established successfully\u001b[39m","timestamp":"2025-12-02 17:46:35:4635"}
{"level":"\u001b[32minfo\u001b[39m","message":"\u001b[32m📊 Connected to: dev-cmdv@localhost\u001b[39m","timestamp":"2025-12-02 17:46:35:4635"}
{"level":"\u001b[37mdebug\u001b[39m","message":"\u001b[37mExecuting (ef8c7739-9458-4f2d-9bac-7ccc7e2165e5): START TRANSACTION;\u001b[39m","timestamp":"2025-12-02 17:46:40:4640"}
{"level":"\u001b[37mdebug\u001b[39m","message":"\u001b[37mExecuting (ef8c7739-9458-4f2d-9bac-7ccc7e2165e5): INSERT INTO \"inventory\".\"purchase_orders\" (\"id\",\"po_number\",\"supplier_id\",\"warehouse_id\",\"order_date\",\"expected_delivery_date\",\"subtotal\",\"tax\",\"discount\",\"shipping_cost\",\"total\",\"payment_terms\",\"status\",\"notes\",\"created_by\",\"created_at\",\"updated_at\") VALUES ($1,$2,$3,$4,CURRENT_DATE,$5,$6,$7,$8,$9,$10,$11,$12,$13,$14,$15,$16) RETURNING \"id\",\"po_number\",\"supplier_id\",\"warehouse_id\",\"order_date\",\"expected_delivery_date\",\"actual_delivery_date\",\"subtotal\",\"tax\",\"discount\",\"shipping_cost\",\"total\",\"payment_terms\",\"status\",\"notes\",\"created_by\",\"approved_by\",\"approved_at\",\"created_at\",\"updated_at\";\u001b[39m","timestamp":"2025-12-02 17:46:40:4640"}
{"level":"\u001b[37mdebug\u001b[39m","message":"\u001b[37mExecuting (ef8c7739-9458-4f2d-9bac-7ccc7e2165e5): INSERT INTO \"inventory\".\"purchase_order_details\" (\"id\",\"purchase_order_id\",\"product_id\",\"quantity\",\"unit_cost\",\"subtotal\",\"tax\",\"total\",\"received_quantity\") VALUES ($1,$2,$3,$4,$5,$6,$7,$8,$9) RETURNING \"id\",\"purchase_order_id\",\"product_id\",\"quantity\",\"unit_cost\",\"subtotal\",\"tax\",\"total\",\"received_quantity\",\"expiration_date\",\"batch_number\",\"notes\";\u001b[39m","timestamp":"2025-12-02 17:46:40:4640"}
{"level":"\u001b[37mdebug\u001b[39m","message":"\u001b[37mExecuting (ef8c7739-9458-4f2d-9bac-7ccc7e2165e5): INSERT INTO \"inventory\".\"purchase_order_details\" (\"id\",\"purchase_order_id\",\"product_id\",\"quantity\",\"unit_cost\",\"subtotal\",\"tax\",\"total\",\"received_quantity\") VALUES ($1,$2,$3,$4,$5,$6,$7,$8,$9) RETURNING \"id\",\"purchase_order_id\",\"product_id\",\"quantity\",\"unit_cost\",\"subtotal\",\"tax\",\"total\",\"received_quantity\",\"expiration_date\",\"batch_number\",\"notes\";\u001b[39m","timestamp":"2025-12-02 17:46:40:4640"}
{"level":"\u001b[37mdebug\u001b[39m","message":"\u001b[37mExecuting (ef8c7739-9458-4f2d-9bac-7ccc7e2165e5): ROLLBACK;\u001b[39m","timestamp":"2025-12-02 17:46:40:4640"}
{"level":"\u001b[31merror\u001b[39m","message":"\u001b[31mError creating purchase order:SequelizeUniqueConstraintError: Validation error\u001b[39m","timestamp":"2025-12-02 17:46:40:4640"}
{"level":"\u001b[32minfo\u001b[39m","message":"\u001b[32m\u001b[0mPOST /api/v1/inventory/purchase-orders/ \u001b[31m500\u001b[0m 185.067 ms - 84\u001b[0m\u001b[39m","timestamp":"2025-12-02 17:46:40:4640"}
{"level":"\u001b[32minfo\u001b[39m","message":"\u001b[32m🚀 Server is running on port 3000\u001b[39m","timestamp":"2025-12-02 17:47:25:4725"}
{"level":"\u001b[32minfo\u001b[39m","message":"\u001b[32m📚 API Documentation: http://localhost:3000/api-docs\u001b[39m","timestamp":"2025-12-02 17:47:25:4725"}
{"level":"\u001b[32minfo\u001b[39m","message":"\u001b[32m🔍 API v1: http://localhost:3000/api/v1\u001b[39m","timestamp":"2025-12-02 17:47:25:4725"}
{"level":"\u001b[32minfo\u001b[39m","message":"\u001b[32m❤️  Health check: http://localhost:3000/health\u001b[39m","timestamp":"2025-12-02 17:47:25:4725"}
{"level":"\u001b[37mdebug\u001b[39m","message":"\u001b[37mExecuting (default): SELECT 1+1 AS result\u001b[39m","timestamp":"2025-12-02 17:47:26:4726"}
{"level":"\u001b[32minfo\u001b[39m","message":"\u001b[32m✅ Database connection established successfully\u001b[39m","timestamp":"2025-12-02 17:47:26:4726"}
{"level":"\u001b[32minfo\u001b[39m","message":"\u001b[32m📊 Connected to: dev-cmdv@localhost\u001b[39m","timestamp":"2025-12-02 17:47:26:4726"}
{"level":"\u001b[37mdebug\u001b[39m","message":"\u001b[37mExecuting (0f9898b3-6a71-4615-80b7-d86164d42e1e): START TRANSACTION;\u001b[39m","timestamp":"2025-12-02 17:47:32:4732"}
{"level":"\u001b[37mdebug\u001b[39m","message":"\u001b[37mExecuting (0f9898b3-6a71-4615-80b7-d86164d42e1e): INSERT INTO \"inventory\".\"purchase_orders\" (\"id\",\"po_number\",\"supplier_id\",\"warehouse_id\",\"order_date\",\"expected_delivery_date\",\"subtotal\",\"tax\",\"discount\",\"shipping_cost\",\"total\",\"payment_terms\",\"status\",\"notes\",\"created_by\",\"created_at\",\"updated_at\") VALUES ($1,$2,$3,$4,CURRENT_DATE,$5,$6,$7,$8,$9,$10,$11,$12,$13,$14,$15,$16) RETURNING \"id\",\"po_number\",\"supplier_id\",\"warehouse_id\",\"order_date\",\"expected_delivery_date\",\"actual_delivery_date\",\"subtotal\",\"tax\",\"discount\",\"shipping_cost\",\"total\",\"payment_terms\",\"status\",\"notes\",\"created_by\",\"approved_by\",\"approved_at\",\"created_at\",\"updated_at\";\u001b[39m","timestamp":"2025-12-02 17:47:32:4732"}
{"level":"\u001b[37mdebug\u001b[39m","message":"\u001b[37mExecuting (0f9898b3-6a71-4615-80b7-d86164d42e1e): INSERT INTO \"inventory\".\"purchase_order_details\" (\"id\",\"purchase_order_id\",\"product_id\",\"quantity\",\"unit_cost\",\"subtotal\",\"tax\",\"total\",\"received_quantity\") VALUES ($1,$2,$3,$4,$5,$6,$7,$8,$9) RETURNING \"id\",\"purchase_order_id\",\"product_id\",\"quantity\",\"unit_cost\",\"subtotal\",\"tax\",\"total\",\"received_quantity\",\"expiration_date\",\"batch_number\",\"notes\";\u001b[39m","timestamp":"2025-12-02 17:47:32:4732"}
{"level":"\u001b[37mdebug\u001b[39m","message":"\u001b[37mExecuting (0f9898b3-6a71-4615-80b7-d86164d42e1e): INSERT INTO \"inventory\".\"purchase_order_details\" (\"id\",\"purchase_order_id\",\"product_id\",\"quantity\",\"unit_cost\",\"subtotal\",\"tax\",\"total\",\"received_quantity\") VALUES ($1,$2,$3,$4,$5,$6,$7,$8,$9) RETURNING \"id\",\"purchase_order_id\",\"product_id\",\"quantity\",\"unit_cost\",\"subtotal\",\"tax\",\"total\",\"received_quantity\",\"expiration_date\",\"batch_number\",\"notes\";\u001b[39m","timestamp":"2025-12-02 17:47:32:4732"}
{"level":"\u001b[37mdebug\u001b[39m","message":"\u001b[37mExecuting (0f9898b3-6a71-4615-80b7-d86164d42e1e): COMMIT;\u001b[39m","timestamp":"2025-12-02 17:47:32:4732"}
{"level":"\u001b[37mdebug\u001b[39m","message":"\u001b[37mExecuting (default): SELECT \"purchase_orders\".\"id\", \"purchase_orders\".\"po_number\", \"purchase_orders\".\"supplier_id\", \"purchase_orders\".\"warehouse_id\", \"purchase_orders\".\"order_date\", \"purchase_orders\".\"expected_delivery_date\", \"purchase_orders\".\"actual_delivery_date\", \"purchase_orders\".\"subtotal\", \"purchase_orders\".\"tax\", \"purchase_orders\".\"discount\", \"purchase_orders\".\"shipping_cost\", \"purchase_orders\".\"total\", \"purchase_orders\".\"payment_terms\", \"purchase_orders\".\"status\", \"purchase_orders\".\"notes\", \"purchase_orders\".\"created_by\", \"purchase_orders\".\"approved_by\", \"purchase_orders\".\"approved_at\", \"purchase_orders\".\"created_at\" AS \"createdAt\", \"purchase_orders\".\"updated_at\" AS \"updatedAt\", \"supplier\".\"id\" AS \"supplier.id\", \"supplier\".\"business_name\" AS \"supplier.business_name\", \"supplier\".\"code\" AS \"supplier.code\", \"warehouse\".\"id\" AS \"warehouse.id\", \"warehouse\".\"name\" AS \"warehouse.name\", \"warehouse\".\"code\" AS \"warehouse.code\", \"purchase_order_details\".\"id\" AS \"purchase_order_details.id\", \"purchase_order_details\".\"purchase_order_id\" AS \"purchase_order_details.purchase_order_id\", \"purchase_order_details\".\"product_id\" AS \"purchase_order_details.product_id\", \"purchase_order_details\".\"quantity\" AS \"purchase_order_details.quantity\", \"purchase_order_details\".\"unit_cost\" AS \"purchase_order_details.unit_cost\", \"purchase_order_details\".\"subtotal\" AS \"purchase_order_details.subtotal\", \"purchase_order_details\".\"tax\" AS \"purchase_order_details.tax\", \"purchase_order_details\".\"total\" AS \"purchase_order_details.total\", \"purchase_order_details\".\"received_quantity\" AS \"purchase_order_details.received_quantity\", \"purchase_order_details\".\"expiration_date\" AS \"purchase_order_details.expiration_date\", \"purchase_order_details\".\"batch_number\" AS \"purchase_order_details.batch_number\", \"purchase_order_details\".\"notes\" AS \"purchase_order_details.notes\", \"purchase_order_details->product\".\"id\" AS \"purchase_order_details.product.id\", \"purchase_order_details->product\".\"name\" AS \"purchase_order_details.product.name\", \"purchase_order_details->product\".\"code\" AS \"purchase_order_details.product.code\", \"created_by_user\".\"id\" AS \"created_by_user.id\", \"created_by_user\".\"full_name\" AS \"created_by_user.full_name\" FROM \"inventory\".\"purchase_orders\" AS \"purchase_orders\" LEFT OUTER JOIN \"inventory\".\"suppliers\" AS \"supplier\" ON \"purchase_orders\".\"supplier_id\" = \"supplier\".\"id\" LEFT OUTER JOIN \"inventory\".\"warehouses\" AS \"warehouse\" ON \"purchase_orders\".\"warehouse_id\" = \"warehouse\".\"id\" LEFT OUTER JOIN \"inventory\".\"purchase_order_details\" AS \"purchase_order_details\" ON \"purchase_orders\".\"id\" = \"purchase_order_details\".\"purchase_order_id\" LEFT OUTER JOIN \"inventory\".\"products\" AS \"purchase_order_details->product\" ON \"purchase_order_details\".\"product_id\" = \"purchase_order_details->product\".\"id\" LEFT OUTER JOIN \"core\".\"users\" AS \"created_by_user\" ON \"purchase_orders\".\"created_by\" = \"created_by_user\".\"id\" WHERE \"purchase_orders\".\"id\" = '814ca0a8-e554-47ab-ab13-e747a73563c4';\u001b[39m","timestamp":"2025-12-02 17:47:32:4732"}
{"level":"\u001b[32minfo\u001b[39m","message":"\u001b[32m\u001b[0mPOST /api/v1/inventory/purchase-orders/ \u001b[31m500\u001b[0m 102.613 ms - 104\u001b[0m\u001b[39m","timestamp":"2025-12-02 17:47:32:4732"}
{"level":"\u001b[32minfo\u001b[39m","message":"\u001b[32m🚀 Server is running on port 3000\u001b[39m","timestamp":"2025-12-02 17:50:15:5015"}
{"level":"\u001b[32minfo\u001b[39m","message":"\u001b[32m📚 API Documentation: http://localhost:3000/api-docs\u001b[39m","timestamp":"2025-12-02 17:50:15:5015"}
{"level":"\u001b[32minfo\u001b[39m","message":"\u001b[32m🔍 API v1: http://localhost:3000/api/v1\u001b[39m","timestamp":"2025-12-02 17:50:15:5015"}
{"level":"\u001b[32minfo\u001b[39m","message":"\u001b[32m❤️  Health check: http://localhost:3000/health\u001b[39m","timestamp":"2025-12-02 17:50:15:5015"}
{"level":"\u001b[37mdebug\u001b[39m","message":"\u001b[37mExecuting (default): SELECT 1+1 AS result\u001b[39m","timestamp":"2025-12-02 17:50:16:5016"}
{"level":"\u001b[32minfo\u001b[39m","message":"\u001b[32m✅ Database connection established successfully\u001b[39m","timestamp":"2025-12-02 17:50:16:5016"}
{"level":"\u001b[32minfo\u001b[39m","message":"\u001b[32m📊 Connected to: dev-cmdv@localhost\u001b[39m","timestamp":"2025-12-02 17:50:16:5016"}
{"level":"\u001b[32minfo\u001b[39m","message":"\u001b[32m🚀 Server is running on port 3000\u001b[39m","timestamp":"2025-12-02 17:51:41:5141"}
{"level":"\u001b[32minfo\u001b[39m","message":"\u001b[32m📚 API Documentation: http://localhost:3000/api-docs\u001b[39m","timestamp":"2025-12-02 17:51:41:5141"}
{"level":"\u001b[32minfo\u001b[39m","message":"\u001b[32m🔍 API v1: http://localhost:3000/api/v1\u001b[39m","timestamp":"2025-12-02 17:51:41:5141"}
{"level":"\u001b[32minfo\u001b[39m","message":"\u001b[32m❤️  Health check: http://localhost:3000/health\u001b[39m","timestamp":"2025-12-02 17:51:41:5141"}
{"level":"\u001b[37mdebug\u001b[39m","message":"\u001b[37mExecuting (default): SELECT 1+1 AS result\u001b[39m","timestamp":"2025-12-02 17:51:41:5141"}
{"level":"\u001b[32minfo\u001b[39m","message":"\u001b[32m✅ Database connection established successfully\u001b[39m","timestamp":"2025-12-02 17:51:41:5141"}
{"level":"\u001b[32minfo\u001b[39m","message":"\u001b[32m📊 Connected to: dev-cmdv@localhost\u001b[39m","timestamp":"2025-12-02 17:51:41:5141"}
{"level":"\u001b[32minfo\u001b[39m","message":"\u001b[32m🚀 Server is running on port 3000\u001b[39m","timestamp":"2025-12-02 17:51:53:5153"}
{"level":"\u001b[32minfo\u001b[39m","message":"\u001b[32m📚 API Documentation: http://localhost:3000/api-docs\u001b[39m","timestamp":"2025-12-02 17:51:53:5153"}
{"level":"\u001b[32minfo\u001b[39m","message":"\u001b[32m🔍 API v1: http://localhost:3000/api/v1\u001b[39m","timestamp":"2025-12-02 17:51:53:5153"}
{"level":"\u001b[32minfo\u001b[39m","message":"\u001b[32m❤️  Health check: http://localhost:3000/health\u001b[39m","timestamp":"2025-12-02 17:51:53:5153"}
{"level":"\u001b[37mdebug\u001b[39m","message":"\u001b[37mExecuting (default): SELECT 1+1 AS result\u001b[39m","timestamp":"2025-12-02 17:51:54:5154"}
{"level":"\u001b[32minfo\u001b[39m","message":"\u001b[32m✅ Database connection established successfully\u001b[39m","timestamp":"2025-12-02 17:51:54:5154"}
{"level":"\u001b[32minfo\u001b[39m","message":"\u001b[32m📊 Connected to: dev-cmdv@localhost\u001b[39m","timestamp":"2025-12-02 17:51:54:5154"}
{"level":"\u001b[32minfo\u001b[39m","message":"\u001b[32m🚀 Server is running on port 3000\u001b[39m","timestamp":"2025-12-02 17:52:18:5218"}
{"level":"\u001b[32minfo\u001b[39m","message":"\u001b[32m📚 API Documentation: http://localhost:3000/api-docs\u001b[39m","timestamp":"2025-12-02 17:52:18:5218"}
{"level":"\u001b[32minfo\u001b[39m","message":"\u001b[32m🔍 API v1: http://localhost:3000/api/v1\u001b[39m","timestamp":"2025-12-02 17:52:18:5218"}
{"level":"\u001b[32minfo\u001b[39m","message":"\u001b[32m❤️  Health check: http://localhost:3000/health\u001b[39m","timestamp":"2025-12-02 17:52:18:5218"}
{"level":"\u001b[37mdebug\u001b[39m","message":"\u001b[37mExecuting (default): SELECT 1+1 AS result\u001b[39m","timestamp":"2025-12-02 17:52:18:5218"}
{"level":"\u001b[32minfo\u001b[39m","message":"\u001b[32m✅ Database connection established successfully\u001b[39m","timestamp":"2025-12-02 17:52:18:5218"}
{"level":"\u001b[32minfo\u001b[39m","message":"\u001b[32m📊 Connected to: dev-cmdv@localhost\u001b[39m","timestamp":"2025-12-02 17:52:18:5218"}
{"level":"\u001b[32minfo\u001b[39m","message":"\u001b[32m🚀 Server is running on port 3000\u001b[39m","timestamp":"2025-12-02 17:53:34:5334"}
{"level":"\u001b[32minfo\u001b[39m","message":"\u001b[32m📚 API Documentation: http://localhost:3000/api-docs\u001b[39m","timestamp":"2025-12-02 17:53:34:5334"}
{"level":"\u001b[32minfo\u001b[39m","message":"\u001b[32m🔍 API v1: http://localhost:3000/api/v1\u001b[39m","timestamp":"2025-12-02 17:53:34:5334"}
{"level":"\u001b[32minfo\u001b[39m","message":"\u001b[32m❤️  Health check: http://localhost:3000/health\u001b[39m","timestamp":"2025-12-02 17:53:34:5334"}
{"level":"\u001b[37mdebug\u001b[39m","message":"\u001b[37mExecuting (default): SELECT 1+1 AS result\u001b[39m","timestamp":"2025-12-02 17:53:35:5335"}
{"level":"\u001b[32minfo\u001b[39m","message":"\u001b[32m✅ Database connection established successfully\u001b[39m","timestamp":"2025-12-02 17:53:35:5335"}
{"level":"\u001b[32minfo\u001b[39m","message":"\u001b[32m📊 Connected to: dev-cmdv@localhost\u001b[39m","timestamp":"2025-12-02 17:53:35:5335"}
{"level":"\u001b[32minfo\u001b[39m","message":"\u001b[32m🚀 Server is running on port 3000\u001b[39m","timestamp":"2025-12-02 17:56:49:5649"}
{"level":"\u001b[32minfo\u001b[39m","message":"\u001b[32m📚 API Documentation: http://localhost:3000/api-docs\u001b[39m","timestamp":"2025-12-02 17:56:49:5649"}
{"level":"\u001b[32minfo\u001b[39m","message":"\u001b[32m🔍 API v1: http://localhost:3000/api/v1\u001b[39m","timestamp":"2025-12-02 17:56:49:5649"}
{"level":"\u001b[32minfo\u001b[39m","message":"\u001b[32m❤️  Health check: http://localhost:3000/health\u001b[39m","timestamp":"2025-12-02 17:56:49:5649"}
{"level":"\u001b[37mdebug\u001b[39m","message":"\u001b[37mExecuting (default): SELECT 1+1 AS result\u001b[39m","timestamp":"2025-12-02 17:56:49:5649"}
{"level":"\u001b[32minfo\u001b[39m","message":"\u001b[32m✅ Database connection established successfully\u001b[39m","timestamp":"2025-12-02 17:56:49:5649"}
{"level":"\u001b[32minfo\u001b[39m","message":"\u001b[32m📊 Connected to: dev-cmdv@localhost\u001b[39m","timestamp":"2025-12-02 17:56:49:5649"}
{"level":"\u001b[37mdebug\u001b[39m","message":"\u001b[37mExecuting (7baaa22d-f123-467d-8b53-b01c2277cdb3): START TRANSACTION;\u001b[39m","timestamp":"2025-12-02 17:59:35:5935"}
{"level":"\u001b[37mdebug\u001b[39m","message":"\u001b[37mExecuting (7baaa22d-f123-467d-8b53-b01c2277cdb3): INSERT INTO \"inventory\".\"purchase_orders\" (\"id\",\"po_number\",\"supplier_id\",\"warehouse_id\",\"order_date\",\"expected_delivery_date\",\"subtotal\",\"tax\",\"discount\",\"shipping_cost\",\"total\",\"payment_terms\",\"status\",\"notes\",\"created_by\",\"created_at\",\"updated_at\") VALUES ($1,$2,$3,$4,CURRENT_DATE,$5,$6,$7,$8,$9,$10,$11,$12,$13,$14,$15,$16) RETURNING \"id\",\"po_number\",\"supplier_id\",\"warehouse_id\",\"order_date\",\"expected_delivery_date\",\"actual_delivery_date\",\"subtotal\",\"tax\",\"discount\",\"shipping_cost\",\"total\",\"payment_terms\",\"status\",\"notes\",\"created_by\",\"approved_by\",\"approved_at\",\"created_at\",\"updated_at\";\u001b[39m","timestamp":"2025-12-02 17:59:35:5935"}
{"level":"\u001b[37mdebug\u001b[39m","message":"\u001b[37mExecuting (7baaa22d-f123-467d-8b53-b01c2277cdb3): INSERT INTO \"inventory\".\"purchase_order_details\" (\"id\",\"purchase_order_id\",\"product_id\",\"quantity\",\"unit_cost\",\"subtotal\",\"tax\",\"total\",\"received_quantity\") VALUES ($1,$2,$3,$4,$5,$6,$7,$8,$9) RETURNING \"id\",\"purchase_order_id\",\"product_id\",\"quantity\",\"unit_cost\",\"subtotal\",\"tax\",\"total\",\"received_quantity\",\"expiration_date\",\"batch_number\",\"notes\";\u001b[39m","timestamp":"2025-12-02 17:59:35:5935"}
{"level":"\u001b[37mdebug\u001b[39m","message":"\u001b[37mExecuting (7baaa22d-f123-467d-8b53-b01c2277cdb3): COMMIT;\u001b[39m","timestamp":"2025-12-02 17:59:35:5935"}
{"level":"\u001b[37mdebug\u001b[39m","message":"\u001b[37mExecuting (default): SELECT \"purchase_orders\".\"id\", \"purchase_orders\".\"po_number\", \"purchase_orders\".\"supplier_id\", \"purchase_orders\".\"warehouse_id\", \"purchase_orders\".\"order_date\", \"purchase_orders\".\"expected_delivery_date\", \"purchase_orders\".\"actual_delivery_date\", \"purchase_orders\".\"subtotal\", \"purchase_orders\".\"tax\", \"purchase_orders\".\"discount\", \"purchase_orders\".\"shipping_cost\", \"purchase_orders\".\"total\", \"purchase_orders\".\"payment_terms\", \"purchase_orders\".\"status\", \"purchase_orders\".\"notes\", \"purchase_orders\".\"created_by\", \"purchase_orders\".\"approved_by\", \"purchase_orders\".\"approved_at\", \"purchase_orders\".\"created_at\" AS \"createdAt\", \"purchase_orders\".\"updated_at\" AS \"updatedAt\", \"supplier\".\"id\" AS \"supplier.id\", \"supplier\".\"business_name\" AS \"supplier.business_name\", \"supplier\".\"code\" AS \"supplier.code\", \"warehouse\".\"id\" AS \"warehouse.id\", \"warehouse\".\"name\" AS \"warehouse.name\", \"warehouse\".\"code\" AS \"warehouse.code\", \"purchase_order_details\".\"id\" AS \"purchase_order_details.id\", \"purchase_order_details\".\"purchase_order_id\" AS \"purchase_order_details.purchase_order_id\", \"purchase_order_details\".\"product_id\" AS \"purchase_order_details.product_id\", \"purchase_order_details\".\"quantity\" AS \"purchase_order_details.quantity\", \"purchase_order_details\".\"unit_cost\" AS \"purchase_order_details.unit_cost\", \"purchase_order_details\".\"subtotal\" AS \"purchase_order_details.subtotal\", \"purchase_order_details\".\"tax\" AS \"purchase_order_details.tax\", \"purchase_order_details\".\"total\" AS \"purchase_order_details.total\", \"purchase_order_details\".\"received_quantity\" AS \"purchase_order_details.received_quantity\", \"purchase_order_details\".\"expiration_date\" AS \"purchase_order_details.expiration_date\", \"purchase_order_details\".\"batch_number\" AS \"purchase_order_details.batch_number\", \"purchase_order_details\".\"notes\" AS \"purchase_order_details.notes\", \"purchase_order_details->product\".\"id\" AS \"purchase_order_details.product.id\", \"purchase_order_details->product\".\"name\" AS \"purchase_order_details.product.name\", \"purchase_order_details->product\".\"code\" AS \"purchase_order_details.product.code\", \"created_by_user\".\"id\" AS \"created_by_user.id\", \"created_by_user\".\"full_name\" AS \"created_by_user.full_name\" FROM \"inventory\".\"purchase_orders\" AS \"purchase_orders\" LEFT OUTER JOIN \"inventory\".\"suppliers\" AS \"supplier\" ON \"purchase_orders\".\"supplier_id\" = \"supplier\".\"id\" LEFT OUTER JOIN \"inventory\".\"warehouses\" AS \"warehouse\" ON \"purchase_orders\".\"warehouse_id\" = \"warehouse\".\"id\" LEFT OUTER JOIN \"inventory\".\"purchase_order_details\" AS \"purchase_order_details\" ON \"purchase_orders\".\"id\" = \"purchase_order_details\".\"purchase_order_id\" LEFT OUTER JOIN \"inventory\".\"products\" AS \"purchase_order_details->product\" ON \"purchase_order_details\".\"product_id\" = \"purchase_order_details->product\".\"id\" LEFT OUTER JOIN \"core\".\"users\" AS \"created_by_user\" ON \"purchase_orders\".\"created_by\" = \"created_by_user\".\"id\" WHERE \"purchase_orders\".\"id\" = 'bb09c631-4502-41c0-be5f-037b6b7a24f8';\u001b[39m","timestamp":"2025-12-02 17:59:35:5935"}
{"level":"\u001b[32minfo\u001b[39m","message":"\u001b[32m\u001b[0mPOST /api/v1/inventory/purchase-orders/ \u001b[32m201\u001b[0m 217.870 ms - 796\u001b[0m\u001b[39m","timestamp":"2025-12-02 17:59:35:5935"}
{"level":"\u001b[37mdebug\u001b[39m","message":"\u001b[37mExecuting (fd31b772-47a6-4028-a1b7-c8cd2c6315d1): START TRANSACTION;\u001b[39m","timestamp":"2025-12-02 18:01:40:140"}
{"level":"\u001b[37mdebug\u001b[39m","message":"\u001b[37mExecuting (fd31b772-47a6-4028-a1b7-c8cd2c6315d1): INSERT INTO \"inventory\".\"purchase_orders\" (\"id\",\"po_number\",\"supplier_id\",\"warehouse_id\",\"order_date\",\"expected_delivery_date\",\"subtotal\",\"tax\",\"discount\",\"shipping_cost\",\"total\",\"payment_terms\",\"status\",\"notes\",\"created_by\",\"created_at\",\"updated_at\") VALUES ($1,$2,$3,$4,CURRENT_DATE,$5,$6,$7,$8,$9,$10,$11,$12,$13,$14,$15,$16) RETURNING \"id\",\"po_number\",\"supplier_id\",\"warehouse_id\",\"order_date\",\"expected_delivery_date\",\"actual_delivery_date\",\"subtotal\",\"tax\",\"discount\",\"shipping_cost\",\"total\",\"payment_terms\",\"status\",\"notes\",\"created_by\",\"approved_by\",\"approved_at\",\"created_at\",\"updated_at\";\u001b[39m","timestamp":"2025-12-02 18:01:40:140"}
{"level":"\u001b[37mdebug\u001b[39m","message":"\u001b[37mExecuting (fd31b772-47a6-4028-a1b7-c8cd2c6315d1): INSERT INTO \"inventory\".\"purchase_order_details\" (\"id\",\"purchase_order_id\",\"product_id\",\"quantity\",\"unit_cost\",\"subtotal\",\"tax\",\"total\",\"received_quantity\",\"expiration_date\",\"batch_number\",\"notes\") VALUES ($1,$2,$3,$4,$5,$6,$7,$8,$9,$10,$11,$12) RETURNING \"id\",\"purchase_order_id\",\"product_id\",\"quantity\",\"unit_cost\",\"subtotal\",\"tax\",\"total\",\"received_quantity\",\"expiration_date\",\"batch_number\",\"notes\";\u001b[39m","timestamp":"2025-12-02 18:01:40:140"}
{"level":"\u001b[37mdebug\u001b[39m","message":"\u001b[37mExecuting (fd31b772-47a6-4028-a1b7-c8cd2c6315d1): COMMIT;\u001b[39m","timestamp":"2025-12-02 18:01:40:140"}
{"level":"\u001b[37mdebug\u001b[39m","message":"\u001b[37mExecuting (default): SELECT \"purchase_orders\".\"id\", \"purchase_orders\".\"po_number\", \"purchase_orders\".\"supplier_id\", \"purchase_orders\".\"warehouse_id\", \"purchase_orders\".\"order_date\", \"purchase_orders\".\"expected_delivery_date\", \"purchase_orders\".\"actual_delivery_date\", \"purchase_orders\".\"subtotal\", \"purchase_orders\".\"tax\", \"purchase_orders\".\"discount\", \"purchase_orders\".\"shipping_cost\", \"purchase_orders\".\"total\", \"purchase_orders\".\"payment_terms\", \"purchase_orders\".\"status\", \"purchase_orders\".\"notes\", \"purchase_orders\".\"created_by\", \"purchase_orders\".\"approved_by\", \"purchase_orders\".\"approved_at\", \"purchase_orders\".\"created_at\" AS \"createdAt\", \"purchase_orders\".\"updated_at\" AS \"updatedAt\", \"supplier\".\"id\" AS \"supplier.id\", \"supplier\".\"business_name\" AS \"supplier.business_name\", \"supplier\".\"code\" AS \"supplier.code\", \"warehouse\".\"id\" AS \"warehouse.id\", \"warehouse\".\"name\" AS \"warehouse.name\", \"warehouse\".\"code\" AS \"warehouse.code\", \"purchase_order_details\".\"id\" AS \"purchase_order_details.id\", \"purchase_order_details\".\"purchase_order_id\" AS \"purchase_order_details.purchase_order_id\", \"purchase_order_details\".\"product_id\" AS \"purchase_order_details.product_id\", \"purchase_order_details\".\"quantity\" AS \"purchase_order_details.quantity\", \"purchase_order_details\".\"unit_cost\" AS \"purchase_order_details.unit_cost\", \"purchase_order_details\".\"subtotal\" AS \"purchase_order_details.subtotal\", \"purchase_order_details\".\"tax\" AS \"purchase_order_details.tax\", \"purchase_order_details\".\"total\" AS \"purchase_order_details.total\", \"purchase_order_details\".\"received_quantity\" AS \"purchase_order_details.received_quantity\", \"purchase_order_details\".\"expiration_date\" AS \"purchase_order_details.expiration_date\", \"purchase_order_details\".\"batch_number\" AS \"purchase_order_details.batch_number\", \"purchase_order_details\".\"notes\" AS \"purchase_order_details.notes\", \"purchase_order_details->product\".\"id\" AS \"purchase_order_details.product.id\", \"purchase_order_details->product\".\"name\" AS \"purchase_order_details.product.name\", \"purchase_order_details->product\".\"code\" AS \"purchase_order_details.product.code\", \"created_by_user\".\"id\" AS \"created_by_user.id\", \"created_by_user\".\"full_name\" AS \"created_by_user.full_name\" FROM \"inventory\".\"purchase_orders\" AS \"purchase_orders\" LEFT OUTER JOIN \"inventory\".\"suppliers\" AS \"supplier\" ON \"purchase_orders\".\"supplier_id\" = \"supplier\".\"id\" LEFT OUTER JOIN \"inventory\".\"warehouses\" AS \"warehouse\" ON \"purchase_orders\".\"warehouse_id\" = \"warehouse\".\"id\" LEFT OUTER JOIN \"inventory\".\"purchase_order_details\" AS \"purchase_order_details\" ON \"purchase_orders\".\"id\" = \"purchase_order_details\".\"purchase_order_id\" LEFT OUTER JOIN \"inventory\".\"products\" AS \"purchase_order_details->product\" ON \"purchase_order_details\".\"product_id\" = \"purchase_order_details->product\".\"id\" LEFT OUTER JOIN \"core\".\"users\" AS \"created_by_user\" ON \"purchase_orders\".\"created_by\" = \"created_by_user\".\"id\" WHERE \"purchase_orders\".\"id\" = '5ad06b66-dc52-4f70-aae4-74fb2ab7fca2';\u001b[39m","timestamp":"2025-12-02 18:01:40:140"}
{"level":"\u001b[32minfo\u001b[39m","message":"\u001b[32m\u001b[0mPOST /api/v1/inventory/purchase-orders/ \u001b[32m201\u001b[0m 242.217 ms - 830\u001b[0m\u001b[39m","timestamp":"2025-12-02 18:01:40:140"}
{"level":"\u001b[32minfo\u001b[39m","message":"\u001b[32m🚀 Server is running on port 3000\u001b[39m","timestamp":"2025-12-02 18:05:30:530"}
{"level":"\u001b[32minfo\u001b[39m","message":"\u001b[32m📚 API Documentation: http://localhost:3000/api-docs\u001b[39m","timestamp":"2025-12-02 18:05:30:530"}
{"level":"\u001b[32minfo\u001b[39m","message":"\u001b[32m🔍 API v1: http://localhost:3000/api/v1\u001b[39m","timestamp":"2025-12-02 18:05:30:530"}
{"level":"\u001b[32minfo\u001b[39m","message":"\u001b[32m❤️  Health check: http://localhost:3000/health\u001b[39m","timestamp":"2025-12-02 18:05:30:530"}
{"level":"\u001b[37mdebug\u001b[39m","message":"\u001b[37mExecuting (default): SELECT 1+1 AS result\u001b[39m","timestamp":"2025-12-02 18:05:30:530"}
{"level":"\u001b[32minfo\u001b[39m","message":"\u001b[32m✅ Database connection established successfully\u001b[39m","timestamp":"2025-12-02 18:05:30:530"}
{"level":"\u001b[32minfo\u001b[39m","message":"\u001b[32m📊 Connected to: dev-cmdv@localhost\u001b[39m","timestamp":"2025-12-02 18:05:30:530"}
{"level":"\u001b[37mdebug\u001b[39m","message":"\u001b[37mExecuting (default): SELECT \"purchase_orders\".\"id\", \"purchase_orders\".\"po_number\", \"purchase_orders\".\"supplier_id\", \"purchase_orders\".\"warehouse_id\", \"purchase_orders\".\"order_date\", \"purchase_orders\".\"expected_delivery_date\", \"purchase_orders\".\"actual_delivery_date\", \"purchase_orders\".\"subtotal\", \"purchase_orders\".\"tax\", \"purchase_orders\".\"discount\", \"purchase_orders\".\"shipping_cost\", \"purchase_orders\".\"total\", \"purchase_orders\".\"payment_terms\", \"purchase_orders\".\"status\", \"purchase_orders\".\"notes\", \"purchase_orders\".\"created_by\", \"purchase_orders\".\"approved_by\", \"purchase_orders\".\"approved_at\", \"purchase_orders\".\"created_at\" AS \"createdAt\", \"purchase_orders\".\"updated_at\" AS \"updatedAt\", \"supplier\".\"id\" AS \"supplier.id\", \"supplier\".\"business_name\" AS \"supplier.business_name\", \"supplier\".\"code\" AS \"supplier.code\", \"warehouse\".\"id\" AS \"warehouse.id\", \"warehouse\".\"name\" AS \"warehouse.name\", \"warehouse\".\"code\" AS \"warehouse.code\", \"purchase_order_details\".\"id\" AS \"purchase_order_details.id\", \"purchase_order_details\".\"purchase_order_id\" AS \"purchase_order_details.purchase_order_id\", \"purchase_order_details\".\"product_id\" AS \"purchase_order_details.product_id\", \"purchase_order_details\".\"quantity\" AS \"purchase_order_details.quantity\", \"purchase_order_details\".\"unit_cost\" AS \"purchase_order_details.unit_cost\", \"purchase_order_details\".\"subtotal\" AS \"purchase_order_details.subtotal\", \"purchase_order_details\".\"tax\" AS \"purchase_order_details.tax\", \"purchase_order_details\".\"total\" AS \"purchase_order_details.total\", \"purchase_order_details\".\"received_quantity\" AS \"purchase_order_details.received_quantity\", \"purchase_order_details\".\"expiration_date\" AS \"purchase_order_details.expiration_date\", \"purchase_order_details\".\"batch_number\" AS \"purchase_order_details.batch_number\", \"purchase_order_details\".\"notes\" AS \"purchase_order_details.notes\", \"purchase_order_details->product\".\"id\" AS \"purchase_order_details.product.id\", \"purchase_order_details->product\".\"name\" AS \"purchase_order_details.product.name\", \"purchase_order_details->product\".\"code\" AS \"purchase_order_details.product.code\", \"created_by_user\".\"id\" AS \"created_by_user.id\", \"created_by_user\".\"full_name\" AS \"created_by_user.full_name\" FROM \"inventory\".\"purchase_orders\" AS \"purchase_orders\" LEFT OUTER JOIN \"inventory\".\"suppliers\" AS \"supplier\" ON \"purchase_orders\".\"supplier_id\" = \"supplier\".\"id\" LEFT OUTER JOIN \"inventory\".\"warehouses\" AS \"warehouse\" ON \"purchase_orders\".\"warehouse_id\" = \"warehouse\".\"id\" LEFT OUTER JOIN \"inventory\".\"purchase_order_details\" AS \"purchase_order_details\" ON \"purchase_orders\".\"id\" = \"purchase_order_details\".\"purchase_order_id\" LEFT OUTER JOIN \"inventory\".\"products\" AS \"purchase_order_details->product\" ON \"purchase_order_details\".\"product_id\" = \"purchase_order_details->product\".\"id\" LEFT OUTER JOIN \"core\".\"users\" AS \"created_by_user\" ON \"purchase_orders\".\"created_by\" = \"created_by_user\".\"id\" WHERE \"purchase_orders\".\"id\" = '814ca0a8-e554-47ab-ab13-e747a73563c4';\u001b[39m","timestamp":"2025-12-02 18:10:00:100"}
{"level":"\u001b[32minfo\u001b[39m","message":"\u001b[32m\u001b[0mPOST /api/v1/inventory/purchase-orders/814ca0a8-e554-47ab-ab13-e747a73563c4/receive \u001b[33m400\u001b[0m 155.383 ms - 92\u001b[0m\u001b[39m","timestamp":"2025-12-02 18:10:00:100"}
{"level":"\u001b[32minfo\u001b[39m","message":"\u001b[32m🚀 Server is running on port 3000\u001b[39m","timestamp":"2025-12-02 18:14:31:1431"}
{"level":"\u001b[32minfo\u001b[39m","message":"\u001b[32m📚 API Documentation: http://localhost:3000/api-docs\u001b[39m","timestamp":"2025-12-02 18:14:31:1431"}
{"level":"\u001b[32minfo\u001b[39m","message":"\u001b[32m🔍 API v1: http://localhost:3000/api/v1\u001b[39m","timestamp":"2025-12-02 18:14:31:1431"}
{"level":"\u001b[32minfo\u001b[39m","message":"\u001b[32m❤️  Health check: http://localhost:3000/health\u001b[39m","timestamp":"2025-12-02 18:14:31:1431"}
{"level":"\u001b[37mdebug\u001b[39m","message":"\u001b[37mExecuting (default): SELECT 1+1 AS result\u001b[39m","timestamp":"2025-12-02 18:14:31:1431"}
{"level":"\u001b[32minfo\u001b[39m","message":"\u001b[32m✅ Database connection established successfully\u001b[39m","timestamp":"2025-12-02 18:14:31:1431"}
{"level":"\u001b[32minfo\u001b[39m","message":"\u001b[32m📊 Connected to: dev-cmdv@localhost\u001b[39m","timestamp":"2025-12-02 18:14:31:1431"}
{"level":"\u001b[32minfo\u001b[39m","message":"\u001b[32m🚀 Server is running on port 3000\u001b[39m","timestamp":"2025-12-02 18:14:59:1459"}
{"level":"\u001b[32minfo\u001b[39m","message":"\u001b[32m📚 API Documentation: http://localhost:3000/api-docs\u001b[39m","timestamp":"2025-12-02 18:14:59:1459"}
{"level":"\u001b[32minfo\u001b[39m","message":"\u001b[32m🔍 API v1: http://localhost:3000/api/v1\u001b[39m","timestamp":"2025-12-02 18:14:59:1459"}
{"level":"\u001b[32minfo\u001b[39m","message":"\u001b[32m❤️  Health check: http://localhost:3000/health\u001b[39m","timestamp":"2025-12-02 18:14:59:1459"}
{"level":"\u001b[37mdebug\u001b[39m","message":"\u001b[37mExecuting (default): SELECT 1+1 AS result\u001b[39m","timestamp":"2025-12-02 18:14:59:1459"}
{"level":"\u001b[32minfo\u001b[39m","message":"\u001b[32m✅ Database connection established successfully\u001b[39m","timestamp":"2025-12-02 18:14:59:1459"}
{"level":"\u001b[32minfo\u001b[39m","message":"\u001b[32m📊 Connected to: dev-cmdv@localhost\u001b[39m","timestamp":"2025-12-02 18:14:59:1459"}
{"level":"\u001b[32minfo\u001b[39m","message":"\u001b[32m🚀 Server is running on port 3000\u001b[39m","timestamp":"2025-12-02 18:15:27:1527"}
{"level":"\u001b[32minfo\u001b[39m","message":"\u001b[32m📚 API Documentation: http://localhost:3000/api-docs\u001b[39m","timestamp":"2025-12-02 18:15:27:1527"}
{"level":"\u001b[32minfo\u001b[39m","message":"\u001b[32m🔍 API v1: http://localhost:3000/api/v1\u001b[39m","timestamp":"2025-12-02 18:15:28:1528"}
{"level":"\u001b[32minfo\u001b[39m","message":"\u001b[32m❤️  Health check: http://localhost:3000/health\u001b[39m","timestamp":"2025-12-02 18:15:28:1528"}
{"level":"\u001b[37mdebug\u001b[39m","message":"\u001b[37mExecuting (default): SELECT 1+1 AS result\u001b[39m","timestamp":"2025-12-02 18:15:28:1528"}
{"level":"\u001b[32minfo\u001b[39m","message":"\u001b[32m✅ Database connection established successfully\u001b[39m","timestamp":"2025-12-02 18:15:28:1528"}
{"level":"\u001b[32minfo\u001b[39m","message":"\u001b[32m📊 Connected to: dev-cmdv@localhost\u001b[39m","timestamp":"2025-12-02 18:15:28:1528"}
{"level":"\u001b[37mdebug\u001b[39m","message":"\u001b[37mExecuting (default): SELECT \"purchase_orders\".\"id\", \"purchase_orders\".\"po_number\", \"purchase_orders\".\"supplier_id\", \"purchase_orders\".\"warehouse_id\", \"purchase_orders\".\"order_date\", \"purchase_orders\".\"expected_delivery_date\", \"purchase_orders\".\"actual_delivery_date\", \"purchase_orders\".\"subtotal\", \"purchase_orders\".\"tax\", \"purchase_orders\".\"discount\", \"purchase_orders\".\"shipping_cost\", \"purchase_orders\".\"total\", \"purchase_orders\".\"payment_terms\", \"purchase_orders\".\"status\", \"purchase_orders\".\"notes\", \"purchase_orders\".\"created_by\", \"purchase_orders\".\"approved_by\", \"purchase_orders\".\"approved_at\", \"purchase_orders\".\"created_at\" AS \"createdAt\", \"purchase_orders\".\"updated_at\" AS \"updatedAt\", \"supplier\".\"id\" AS \"supplier.id\", \"supplier\".\"business_name\" AS \"supplier.business_name\", \"supplier\".\"code\" AS \"supplier.code\", \"warehouse\".\"id\" AS \"warehouse.id\", \"warehouse\".\"name\" AS \"warehouse.name\", \"warehouse\".\"code\" AS \"warehouse.code\", \"purchase_order_details\".\"id\" AS \"purchase_order_details.id\", \"purchase_order_details\".\"purchase_order_id\" AS \"purchase_order_details.purchase_order_id\", \"purchase_order_details\".\"product_id\" AS \"purchase_order_details.product_id\", \"purchase_order_details\".\"quantity\" AS \"purchase_order_details.quantity\", \"purchase_order_details\".\"unit_cost\" AS \"purchase_order_details.unit_cost\", \"purchase_order_details\".\"subtotal\" AS \"purchase_order_details.subtotal\", \"purchase_order_details\".\"tax\" AS \"purchase_order_details.tax\", \"purchase_order_details\".\"total\" AS \"purchase_order_details.total\", \"purchase_order_details\".\"received_quantity\" AS \"purchase_order_details.received_quantity\", \"purchase_order_details\".\"expiration_date\" AS \"purchase_order_details.expiration_date\", \"purchase_order_details\".\"batch_number\" AS \"purchase_order_details.batch_number\", \"purchase_order_details\".\"notes\" AS \"purchase_order_details.notes\", \"purchase_order_details->product\".\"id\" AS \"purchase_order_details.product.id\", \"purchase_order_details->product\".\"name\" AS \"purchase_order_details.product.name\", \"purchase_order_details->product\".\"code\" AS \"purchase_order_details.product.code\", \"created_by_user\".\"id\" AS \"created_by_user.id\", \"created_by_user\".\"full_name\" AS \"created_by_user.full_name\" FROM \"inventory\".\"purchase_orders\" AS \"purchase_orders\" LEFT OUTER JOIN \"inventory\".\"suppliers\" AS \"supplier\" ON \"purchase_orders\".\"supplier_id\" = \"supplier\".\"id\" LEFT OUTER JOIN \"inventory\".\"warehouses\" AS \"warehouse\" ON \"purchase_orders\".\"warehouse_id\" = \"warehouse\".\"id\" LEFT OUTER JOIN \"inventory\".\"purchase_order_details\" AS \"purchase_order_details\" ON \"purchase_orders\".\"id\" = \"purchase_order_details\".\"purchase_order_id\" LEFT OUTER JOIN \"inventory\".\"products\" AS \"purchase_order_details->product\" ON \"purchase_order_details\".\"product_id\" = \"purchase_order_details->product\".\"id\" LEFT OUTER JOIN \"core\".\"users\" AS \"created_by_user\" ON \"purchase_orders\".\"created_by\" = \"created_by_user\".\"id\" WHERE \"purchase_orders\".\"id\" = '814ca0a8-e554-47ab-ab13-e747a73563c4';\u001b[39m","timestamp":"2025-12-02 18:18:41:1841"}
{"level":"\u001b[37mdebug\u001b[39m","message":"\u001b[37mExecuting (default): UPDATE \"inventory\".\"purchase_orders\" SET \"status\"=$1,\"updated_at\"=$2 WHERE \"id\" = $3\u001b[39m","timestamp":"2025-12-02 18:18:41:1841"}
{"level":"\u001b[37mdebug\u001b[39m","message":"\u001b[37mExecuting (default): SELECT \"purchase_orders\".\"id\", \"purchase_orders\".\"po_number\", \"purchase_orders\".\"supplier_id\", \"purchase_orders\".\"warehouse_id\", \"purchase_orders\".\"order_date\", \"purchase_orders\".\"expected_delivery_date\", \"purchase_orders\".\"actual_delivery_date\", \"purchase_orders\".\"subtotal\", \"purchase_orders\".\"tax\", \"purchase_orders\".\"discount\", \"purchase_orders\".\"shipping_cost\", \"purchase_orders\".\"total\", \"purchase_orders\".\"payment_terms\", \"purchase_orders\".\"status\", \"purchase_orders\".\"notes\", \"purchase_orders\".\"created_by\", \"purchase_orders\".\"approved_by\", \"purchase_orders\".\"approved_at\", \"purchase_orders\".\"created_at\" AS \"createdAt\", \"purchase_orders\".\"updated_at\" AS \"updatedAt\", \"supplier\".\"id\" AS \"supplier.id\", \"supplier\".\"business_name\" AS \"supplier.business_name\", \"supplier\".\"code\" AS \"supplier.code\", \"warehouse\".\"id\" AS \"warehouse.id\", \"warehouse\".\"name\" AS \"warehouse.name\", \"warehouse\".\"code\" AS \"warehouse.code\", \"purchase_order_details\".\"id\" AS \"purchase_order_details.id\", \"purchase_order_details\".\"purchase_order_id\" AS \"purchase_order_details.purchase_order_id\", \"purchase_order_details\".\"product_id\" AS \"purchase_order_details.product_id\", \"purchase_order_details\".\"quantity\" AS \"purchase_order_details.quantity\", \"purchase_order_details\".\"unit_cost\" AS \"purchase_order_details.unit_cost\", \"purchase_order_details\".\"subtotal\" AS \"purchase_order_details.subtotal\", \"purchase_order_details\".\"tax\" AS \"purchase_order_details.tax\", \"purchase_order_details\".\"total\" AS \"purchase_order_details.total\", \"purchase_order_details\".\"received_quantity\" AS \"purchase_order_details.received_quantity\", \"purchase_order_details\".\"expiration_date\" AS \"purchase_order_details.expiration_date\", \"purchase_order_details\".\"batch_number\" AS \"purchase_order_details.batch_number\", \"purchase_order_details\".\"notes\" AS \"purchase_order_details.notes\", \"purchase_order_details->product\".\"id\" AS \"purchase_order_details.product.id\", \"purchase_order_details->product\".\"name\" AS \"purchase_order_details.product.name\", \"purchase_order_details->product\".\"code\" AS \"purchase_order_details.product.code\", \"created_by_user\".\"id\" AS \"created_by_user.id\", \"created_by_user\".\"full_name\" AS \"created_by_user.full_name\" FROM \"inventory\".\"purchase_orders\" AS \"purchase_orders\" LEFT OUTER JOIN \"inventory\".\"suppliers\" AS \"supplier\" ON \"purchase_orders\".\"supplier_id\" = \"supplier\".\"id\" LEFT OUTER JOIN \"inventory\".\"warehouses\" AS \"warehouse\" ON \"purchase_orders\".\"warehouse_id\" = \"warehouse\".\"id\" LEFT OUTER JOIN \"inventory\".\"purchase_order_details\" AS \"purchase_order_details\" ON \"purchase_orders\".\"id\" = \"purchase_order_details\".\"purchase_order_id\" LEFT OUTER JOIN \"inventory\".\"products\" AS \"purchase_order_details->product\" ON \"purchase_order_details\".\"product_id\" = \"purchase_order_details->product\".\"id\" LEFT OUTER JOIN \"core\".\"users\" AS \"created_by_user\" ON \"purchase_orders\".\"created_by\" = \"created_by_user\".\"id\" WHERE \"purchase_orders\".\"id\" = '814ca0a8-e554-47ab-ab13-e747a73563c4';\u001b[39m","timestamp":"2025-12-02 18:18:42:1842"}
{"level":"\u001b[32minfo\u001b[39m","message":"\u001b[32m\u001b[0mPATCH /api/v1/inventory/purchase-orders/814ca0a8-e554-47ab-ab13-e747a73563c4/status \u001b[32m200\u001b[0m 223.945 ms - 1097\u001b[0m\u001b[39m","timestamp":"2025-12-02 18:18:42:1842"}
{"level":"\u001b[32minfo\u001b[39m","message":"\u001b[32m🚀 Server is running on port 3000\u001b[39m","timestamp":"2025-12-02 18:37:12:3712"}
{"level":"\u001b[32minfo\u001b[39m","message":"\u001b[32m📚 API Documentation: http://localhost:3000/api-docs\u001b[39m","timestamp":"2025-12-02 18:37:12:3712"}
{"level":"\u001b[32minfo\u001b[39m","message":"\u001b[32m🔍 API v1: http://localhost:3000/api/v1\u001b[39m","timestamp":"2025-12-02 18:37:12:3712"}
{"level":"\u001b[32minfo\u001b[39m","message":"\u001b[32m❤️  Health check: http://localhost:3000/health\u001b[39m","timestamp":"2025-12-02 18:37:12:3712"}
{"level":"\u001b[37mdebug\u001b[39m","message":"\u001b[37mExecuting (default): SELECT 1+1 AS result\u001b[39m","timestamp":"2025-12-02 18:37:12:3712"}
{"level":"\u001b[32minfo\u001b[39m","message":"\u001b[32m✅ Database connection established successfully\u001b[39m","timestamp":"2025-12-02 18:37:12:3712"}
{"level":"\u001b[32minfo\u001b[39m","message":"\u001b[32m📊 Connected to: dev-cmdv@localhost\u001b[39m","timestamp":"2025-12-02 18:37:12:3712"}
{"level":"\u001b[37mdebug\u001b[39m","message":"\u001b[37mExecuting (default): SELECT \"purchase_orders\".\"id\", \"purchase_orders\".\"po_number\", \"purchase_orders\".\"supplier_id\", \"purchase_orders\".\"warehouse_id\", \"purchase_orders\".\"order_date\", \"purchase_orders\".\"expected_delivery_date\", \"purchase_orders\".\"actual_delivery_date\", \"purchase_orders\".\"subtotal\", \"purchase_orders\".\"tax\", \"purchase_orders\".\"discount\", \"purchase_orders\".\"shipping_cost\", \"purchase_orders\".\"total\", \"purchase_orders\".\"payment_terms\", \"purchase_orders\".\"status\", \"purchase_orders\".\"notes\", \"purchase_orders\".\"created_by\", \"purchase_orders\".\"approved_by\", \"purchase_orders\".\"approved_at\", \"purchase_orders\".\"created_at\" AS \"createdAt\", \"purchase_orders\".\"updated_at\" AS \"updatedAt\", \"supplier\".\"id\" AS \"supplier.id\", \"supplier\".\"business_name\" AS \"supplier.business_name\", \"supplier\".\"code\" AS \"supplier.code\", \"warehouse\".\"id\" AS \"warehouse.id\", \"warehouse\".\"name\" AS \"warehouse.name\", \"warehouse\".\"code\" AS \"warehouse.code\", \"purchase_order_details\".\"id\" AS \"purchase_order_details.id\", \"purchase_order_details\".\"purchase_order_id\" AS \"purchase_order_details.purchase_order_id\", \"purchase_order_details\".\"product_id\" AS \"purchase_order_details.product_id\", \"purchase_order_details\".\"quantity\" AS \"purchase_order_details.quantity\", \"purchase_order_details\".\"unit_cost\" AS \"purchase_order_details.unit_cost\", \"purchase_order_details\".\"subtotal\" AS \"purchase_order_details.subtotal\", \"purchase_order_details\".\"tax\" AS \"purchase_order_details.tax\", \"purchase_order_details\".\"total\" AS \"purchase_order_details.total\", \"purchase_order_details\".\"received_quantity\" AS \"purchase_order_details.received_quantity\", \"purchase_order_details\".\"expiration_date\" AS \"purchase_order_details.expiration_date\", \"purchase_order_details\".\"batch_number\" AS \"purchase_order_details.batch_number\", \"purchase_order_details\".\"notes\" AS \"purchase_order_details.notes\", \"purchase_order_details->product\".\"id\" AS \"purchase_order_details.product.id\", \"purchase_order_details->product\".\"name\" AS \"purchase_order_details.product.name\", \"purchase_order_details->product\".\"code\" AS \"purchase_order_details.product.code\", \"created_by_user\".\"id\" AS \"created_by_user.id\", \"created_by_user\".\"full_name\" AS \"created_by_user.full_name\" FROM \"inventory\".\"purchase_orders\" AS \"purchase_orders\" LEFT OUTER JOIN \"inventory\".\"suppliers\" AS \"supplier\" ON \"purchase_orders\".\"supplier_id\" = \"supplier\".\"id\" LEFT OUTER JOIN \"inventory\".\"warehouses\" AS \"warehouse\" ON \"purchase_orders\".\"warehouse_id\" = \"warehouse\".\"id\" LEFT OUTER JOIN \"inventory\".\"purchase_order_details\" AS \"purchase_order_details\" ON \"purchase_orders\".\"id\" = \"purchase_order_details\".\"purchase_order_id\" LEFT OUTER JOIN \"inventory\".\"products\" AS \"purchase_order_details->product\" ON \"purchase_order_details\".\"product_id\" = \"purchase_order_details->product\".\"id\" LEFT OUTER JOIN \"core\".\"users\" AS \"created_by_user\" ON \"purchase_orders\".\"created_by\" = \"created_by_user\".\"id\" WHERE \"purchase_orders\".\"id\" = '814ca0a8-e554-47ab-ab13-e747a73563c4';\u001b[39m","timestamp":"2025-12-02 18:37:42:3742"}
{"level":"\u001b[37mdebug\u001b[39m","message":"\u001b[37mExecuting (d4afd04b-49e3-4901-a7af-7ef964bcdf56): START TRANSACTION;\u001b[39m","timestamp":"2025-12-02 18:37:42:3742"}
{"level":"\u001b[37mdebug\u001b[39m","message":"\u001b[37mExecuting (default): INSERT INTO \"inventory\".\"stock_movements\" (\"id\",\"movement_number\",\"movement_type\",\"warehouse_id\",\"product_id\",\"quantity\",\"unit_cost\",\"reference_type\",\"reference_id\",\"batch_number\",\"expiration_date\",\"notes\",\"movement_date\") VALUES ($1,$2,$3,$4,$5,$6,$7,$8,$9,$10,$11,$12,CURRENT_TIMESTAMP) RETURNING \"id\",\"movement_number\",\"movement_type\",\"warehouse_id\",\"product_id\",\"quantity\",\"unit_cost\",\"reference_type\",\"reference_id\",\"batch_number\",\"expiration_date\",\"notes\",\"movement_date\",\"created_by\";\u001b[39m","timestamp":"2025-12-02 18:37:42:3742"}
{"level":"\u001b[37mdebug\u001b[39m","message":"\u001b[37mExecuting (default): UPDATE \"inventory\".\"purchase_order_details\" SET \"received_quantity\"=$1 WHERE \"id\" = $2\u001b[39m","timestamp":"2025-12-02 18:37:42:3742"}
{"level":"\u001b[37mdebug\u001b[39m","message":"\u001b[37mExecuting (default): INSERT INTO \"inventory\".\"stock_movements\" (\"id\",\"movement_number\",\"movement_type\",\"warehouse_id\",\"product_id\",\"quantity\",\"unit_cost\",\"reference_type\",\"reference_id\",\"batch_number\",\"expiration_date\",\"notes\",\"movement_date\") VALUES ($1,$2,$3,$4,$5,$6,$7,$8,$9,$10,$11,$12,CURRENT_TIMESTAMP) RETURNING \"id\",\"movement_number\",\"movement_type\",\"warehouse_id\",\"product_id\",\"quantity\",\"unit_cost\",\"reference_type\",\"reference_id\",\"batch_number\",\"expiration_date\",\"notes\",\"movement_date\",\"created_by\";\u001b[39m","timestamp":"2025-12-02 18:37:42:3742"}
{"level":"\u001b[37mdebug\u001b[39m","message":"\u001b[37mExecuting (default): UPDATE \"inventory\".\"purchase_order_details\" SET \"received_quantity\"=$1 WHERE \"id\" = $2\u001b[39m","timestamp":"2025-12-02 18:37:42:3742"}
{"level":"\u001b[37mdebug\u001b[39m","message":"\u001b[37mExecuting (default): UPDATE \"inventory\".\"purchase_orders\" SET \"status\"=$1,\"approved_by\"=$2,\"approved_at\"=$3,\"updated_at\"=$4 WHERE \"id\" = $5\u001b[39m","timestamp":"2025-12-02 18:37:42:3742"}
{"level":"\u001b[37mdebug\u001b[39m","message":"\u001b[37mExecuting (d4afd04b-49e3-4901-a7af-7ef964bcdf56): COMMIT;\u001b[39m","timestamp":"2025-12-02 18:37:42:3742"}
{"level":"\u001b[37mdebug\u001b[39m","message":"\u001b[37mExecuting (default): SELECT \"purchase_orders\".\"id\", \"purchase_orders\".\"po_number\", \"purchase_orders\".\"supplier_id\", \"purchase_orders\".\"warehouse_id\", \"purchase_orders\".\"order_date\", \"purchase_orders\".\"expected_delivery_date\", \"purchase_orders\".\"actual_delivery_date\", \"purchase_orders\".\"subtotal\", \"purchase_orders\".\"tax\", \"purchase_orders\".\"discount\", \"purchase_orders\".\"shipping_cost\", \"purchase_orders\".\"total\", \"purchase_orders\".\"payment_terms\", \"purchase_orders\".\"status\", \"purchase_orders\".\"notes\", \"purchase_orders\".\"created_by\", \"purchase_orders\".\"approved_by\", \"purchase_orders\".\"approved_at\", \"purchase_orders\".\"created_at\" AS \"createdAt\", \"purchase_orders\".\"updated_at\" AS \"updatedAt\", \"supplier\".\"id\" AS \"supplier.id\", \"supplier\".\"business_name\" AS \"supplier.business_name\", \"supplier\".\"code\" AS \"supplier.code\", \"warehouse\".\"id\" AS \"warehouse.id\", \"warehouse\".\"name\" AS \"warehouse.name\", \"warehouse\".\"code\" AS \"warehouse.code\", \"purchase_order_details\".\"id\" AS \"purchase_order_details.id\", \"purchase_order_details\".\"purchase_order_id\" AS \"purchase_order_details.purchase_order_id\", \"purchase_order_details\".\"product_id\" AS \"purchase_order_details.product_id\", \"purchase_order_details\".\"quantity\" AS \"purchase_order_details.quantity\", \"purchase_order_details\".\"unit_cost\" AS \"purchase_order_details.unit_cost\", \"purchase_order_details\".\"subtotal\" AS \"purchase_order_details.subtotal\", \"purchase_order_details\".\"tax\" AS \"purchase_order_details.tax\", \"purchase_order_details\".\"total\" AS \"purchase_order_details.total\", \"purchase_order_details\".\"received_quantity\" AS \"purchase_order_details.received_quantity\", \"purchase_order_details\".\"expiration_date\" AS \"purchase_order_details.expiration_date\", \"purchase_order_details\".\"batch_number\" AS \"purchase_order_details.batch_number\", \"purchase_order_details\".\"notes\" AS \"purchase_order_details.notes\", \"purchase_order_details->product\".\"id\" AS \"purchase_order_details.product.id\", \"purchase_order_details->product\".\"name\" AS \"purchase_order_details.product.name\", \"purchase_order_details->product\".\"code\" AS \"purchase_order_details.product.code\", \"created_by_user\".\"id\" AS \"created_by_user.id\", \"created_by_user\".\"full_name\" AS \"created_by_user.full_name\" FROM \"inventory\".\"purchase_orders\" AS \"purchase_orders\" LEFT OUTER JOIN \"inventory\".\"suppliers\" AS \"supplier\" ON \"purchase_orders\".\"supplier_id\" = \"supplier\".\"id\" LEFT OUTER JOIN \"inventory\".\"warehouses\" AS \"warehouse\" ON \"purchase_orders\".\"warehouse_id\" = \"warehouse\".\"id\" LEFT OUTER JOIN \"inventory\".\"purchase_order_details\" AS \"purchase_order_details\" ON \"purchase_orders\".\"id\" = \"purchase_order_details\".\"purchase_order_id\" LEFT OUTER JOIN \"inventory\".\"products\" AS \"purchase_order_details->product\" ON \"purchase_order_details\".\"product_id\" = \"purchase_order_details->product\".\"id\" LEFT OUTER JOIN \"core\".\"users\" AS \"created_by_user\" ON \"purchase_orders\".\"created_by\" = \"created_by_user\".\"id\" WHERE \"purchase_orders\".\"id\" = '814ca0a8-e554-47ab-ab13-e747a73563c4';\u001b[39m","timestamp":"2025-12-02 18:37:42:3742"}
{"level":"\u001b[32minfo\u001b[39m","message":"\u001b[32m\u001b[0mPOST /api/v1/inventory/purchase-orders/814ca0a8-e554-47ab-ab13-e747a73563c4/receive \u001b[32m200\u001b[0m 386.903 ms - 1094\u001b[0m\u001b[39m","timestamp":"2025-12-02 18:37:42:3742"}
{"level":"\u001b[32minfo\u001b[39m","message":"\u001b[32m\u001b[0mGET /admin/settings \u001b[33m404\u001b[0m 31.630 ms - 153\u001b[0m\u001b[39m","timestamp":"2025-12-02 19:02:12:212"}
{"level":"\u001b[32minfo\u001b[39m","message":"\u001b[32m🚀 Server is running on port 3000\u001b[39m","timestamp":"2025-12-02 19:06:28:628"}
{"level":"\u001b[32minfo\u001b[39m","message":"\u001b[32m📚 API Documentation: http://localhost:3000/api-docs\u001b[39m","timestamp":"2025-12-02 19:06:28:628"}
{"level":"\u001b[32minfo\u001b[39m","message":"\u001b[32m🔍 API v1: http://localhost:3000/api/v1\u001b[39m","timestamp":"2025-12-02 19:06:28:628"}
{"level":"\u001b[32minfo\u001b[39m","message":"\u001b[32m❤️  Health check: http://localhost:3000/health\u001b[39m","timestamp":"2025-12-02 19:06:28:628"}
{"level":"\u001b[37mdebug\u001b[39m","message":"\u001b[37mExecuting (default): SELECT 1+1 AS result\u001b[39m","timestamp":"2025-12-02 19:06:28:628"}
{"level":"\u001b[32minfo\u001b[39m","message":"\u001b[32m✅ Database connection established successfully\u001b[39m","timestamp":"2025-12-02 19:06:28:628"}
{"level":"\u001b[32minfo\u001b[39m","message":"\u001b[32m📊 Connected to: dev-cmdv@localhost\u001b[39m","timestamp":"2025-12-02 19:06:28:628"}
{"level":"\u001b[37mdebug\u001b[39m","message":"\u001b[37mExecuting (default): SELECT count(\"stock_movements\".\"id\") AS \"count\" FROM \"inventory\".\"stock_movements\" AS \"stock_movements\" LEFT OUTER JOIN \"inventory\".\"warehouses\" AS \"warehouse\" ON \"stock_movements\".\"warehouse_id\" = \"warehouse\".\"id\" LEFT OUTER JOIN \"inventory\".\"products\" AS \"product\" ON \"stock_movements\".\"product_id\" = \"product\".\"id\" LEFT OUTER JOIN \"core\".\"users\" AS \"created_by_user\" ON \"stock_movements\".\"created_by\" = \"created_by_user\".\"id\" WHERE \"stock_movements\".\"movement_type\" = 'reception';\u001b[39m","timestamp":"2025-12-02 19:20:12:2012"}
{"level":"\u001b[37mdebug\u001b[39m","message":"\u001b[37mExecuting (default): SELECT \"stock_movements\".\"id\", \"stock_movements\".\"movement_number\", \"stock_movements\".\"movement_type\", \"stock_movements\".\"warehouse_id\", \"stock_movements\".\"product_id\", \"stock_movements\".\"quantity\", \"stock_movements\".\"unit_cost\", \"stock_movements\".\"reference_type\", \"stock_movements\".\"reference_id\", \"stock_movements\".\"batch_number\", \"stock_movements\".\"expiration_date\", \"stock_movements\".\"notes\", \"stock_movements\".\"movement_date\", \"stock_movements\".\"created_by\", \"warehouse\".\"id\" AS \"warehouse.id\", \"warehouse\".\"name\" AS \"warehouse.name\", \"warehouse\".\"code\" AS \"warehouse.code\", \"product\".\"id\" AS \"product.id\", \"product\".\"name\" AS \"product.name\", \"product\".\"code\" AS \"product.code\", \"created_by_user\".\"id\" AS \"created_by_user.id\", \"created_by_user\".\"full_name\" AS \"created_by_user.full_name\" FROM \"inventory\".\"stock_movements\" AS \"stock_movements\" LEFT OUTER JOIN \"inventory\".\"warehouses\" AS \"warehouse\" ON \"stock_movements\".\"warehouse_id\" = \"warehouse\".\"id\" LEFT OUTER JOIN \"inventory\".\"products\" AS \"product\" ON \"stock_movements\".\"product_id\" = \"product\".\"id\" LEFT OUTER JOIN \"core\".\"users\" AS \"created_by_user\" ON \"stock_movements\".\"created_by\" = \"created_by_user\".\"id\" WHERE \"stock_movements\".\"movement_type\" = 'reception' ORDER BY \"stock_movements\".\"movement_date\" DESC LIMIT 25 OFFSET 0;\u001b[39m","timestamp":"2025-12-02 19:20:12:2012"}
{"level":"\u001b[32minfo\u001b[39m","message":"\u001b[32m\u001b[0mGET /api/v1/inventory/stock-movements?movementType=reception&page=1&limit=25 \u001b[32m200\u001b[0m 300.897 ms - 1478\u001b[0m\u001b[39m","timestamp":"2025-12-02 19:20:12:2012"}
{"level":"\u001b[37mdebug\u001b[39m","message":"\u001b[37mExecuting (default): SELECT count(\"stock_movements\".\"id\") AS \"count\" FROM \"inventory\".\"stock_movements\" AS \"stock_movements\" LEFT OUTER JOIN \"inventory\".\"warehouses\" AS \"warehouse\" ON \"stock_movements\".\"warehouse_id\" = \"warehouse\".\"id\" LEFT OUTER JOIN \"inventory\".\"products\" AS \"product\" ON \"stock_movements\".\"product_id\" = \"product\".\"id\" LEFT OUTER JOIN \"core\".\"users\" AS \"created_by_user\" ON \"stock_movements\".\"created_by\" = \"created_by_user\".\"id\" WHERE \"stock_movements\".\"warehouse_id\" = '43bbb488-92e2-47eb-8216-4010158feb19';\u001b[39m","timestamp":"2025-12-02 19:20:23:2023"}
{"level":"\u001b[37mdebug\u001b[39m","message":"\u001b[37mExecuting (default): SELECT \"stock_movements\".\"id\", \"stock_movements\".\"movement_number\", \"stock_movements\".\"movement_type\", \"stock_movements\".\"warehouse_id\", \"stock_movements\".\"product_id\", \"stock_movements\".\"quantity\", \"stock_movements\".\"unit_cost\", \"stock_movements\".\"reference_type\", \"stock_movements\".\"reference_id\", \"stock_movements\".\"batch_number\", \"stock_movements\".\"expiration_date\", \"stock_movements\".\"notes\", \"stock_movements\".\"movement_date\", \"stock_movements\".\"created_by\", \"warehouse\".\"id\" AS \"warehouse.id\", \"warehouse\".\"name\" AS \"warehouse.name\", \"warehouse\".\"code\" AS \"warehouse.code\", \"product\".\"id\" AS \"product.id\", \"product\".\"name\" AS \"product.name\", \"product\".\"code\" AS \"product.code\", \"created_by_user\".\"id\" AS \"created_by_user.id\", \"created_by_user\".\"full_name\" AS \"created_by_user.full_name\" FROM \"inventory\".\"stock_movements\" AS \"stock_movements\" LEFT OUTER JOIN \"inventory\".\"warehouses\" AS \"warehouse\" ON \"stock_movements\".\"warehouse_id\" = \"warehouse\".\"id\" LEFT OUTER JOIN \"inventory\".\"products\" AS \"product\" ON \"stock_movements\".\"product_id\" = \"product\".\"id\" LEFT OUTER JOIN \"core\".\"users\" AS \"created_by_user\" ON \"stock_movements\".\"created_by\" = \"created_by_user\".\"id\" WHERE \"stock_movements\".\"warehouse_id\" = '43bbb488-92e2-47eb-8216-4010158feb19' ORDER BY \"stock_movements\".\"movement_date\" DESC LIMIT 25 OFFSET 0;\u001b[39m","timestamp":"2025-12-02 19:20:23:2023"}
{"level":"\u001b[32minfo\u001b[39m","message":"\u001b[32m\u001b[0mGET /api/v1/inventory/stock-movements?warehouseId=43bbb488-92e2-47eb-8216-4010158feb19&page=1&limit=25 \u001b[32m200\u001b[0m 60.707 ms - 1478\u001b[0m\u001b[39m","timestamp":"2025-12-02 19:20:23:2023"}
{"level":"\u001b[37mdebug\u001b[39m","message":"\u001b[37mExecuting (default): SELECT count(\"stock_movements\".\"id\") AS \"count\" FROM \"inventory\".\"stock_movements\" AS \"stock_movements\" LEFT OUTER JOIN \"inventory\".\"warehouses\" AS \"warehouse\" ON \"stock_movements\".\"warehouse_id\" = \"warehouse\".\"id\" LEFT OUTER JOIN \"inventory\".\"products\" AS \"product\" ON \"stock_movements\".\"product_id\" = \"product\".\"id\" LEFT OUTER JOIN \"core\".\"users\" AS \"created_by_user\" ON \"stock_movements\".\"created_by\" = \"created_by_user\".\"id\" WHERE \"stock_movements\".\"warehouse_id\" = '43bbb488-92e2-47eb-8216-4010158feb19' AND \"stock_movements\".\"product_id\" = 'fe5af97c-10e3-4d8e-8864-fef46b4f9d36';\u001b[39m","timestamp":"2025-12-02 19:20:32:2032"}
{"level":"\u001b[37mdebug\u001b[39m","message":"\u001b[37mExecuting (default): SELECT \"stock_movements\".\"id\", \"stock_movements\".\"movement_number\", \"stock_movements\".\"movement_type\", \"stock_movements\".\"warehouse_id\", \"stock_movements\".\"product_id\", \"stock_movements\".\"quantity\", \"stock_movements\".\"unit_cost\", \"stock_movements\".\"reference_type\", \"stock_movements\".\"reference_id\", \"stock_movements\".\"batch_number\", \"stock_movements\".\"expiration_date\", \"stock_movements\".\"notes\", \"stock_movements\".\"movement_date\", \"stock_movements\".\"created_by\", \"warehouse\".\"id\" AS \"warehouse.id\", \"warehouse\".\"name\" AS \"warehouse.name\", \"warehouse\".\"code\" AS \"warehouse.code\", \"product\".\"id\" AS \"product.id\", \"product\".\"name\" AS \"product.name\", \"product\".\"code\" AS \"product.code\", \"created_by_user\".\"id\" AS \"created_by_user.id\", \"created_by_user\".\"full_name\" AS \"created_by_user.full_name\" FROM \"inventory\".\"stock_movements\" AS \"stock_movements\" LEFT OUTER JOIN \"inventory\".\"warehouses\" AS \"warehouse\" ON \"stock_movements\".\"warehouse_id\" = \"warehouse\".\"id\" LEFT OUTER JOIN \"inventory\".\"products\" AS \"product\" ON \"stock_movements\".\"product_id\" = \"product\".\"id\" LEFT OUTER JOIN \"core\".\"users\" AS \"created_by_user\" ON \"stock_movements\".\"created_by\" = \"created_by_user\".\"id\" WHERE \"stock_movements\".\"warehouse_id\" = '43bbb488-92e2-47eb-8216-4010158feb19' AND \"stock_movements\".\"product_id\" = 'fe5af97c-10e3-4d8e-8864-fef46b4f9d36' ORDER BY \"stock_movements\".\"movement_date\" DESC LIMIT 25 OFFSET 0;\u001b[39m","timestamp":"2025-12-02 19:20:32:2032"}
{"level":"\u001b[32minfo\u001b[39m","message":"\u001b[32m\u001b[0mGET /api/v1/inventory/stock-movements?warehouseId=43bbb488-92e2-47eb-8216-4010158feb19&productId=fe5af97c-10e3-4d8e-8864-fef46b4f9d36&page=1&limit=25 \u001b[32m200\u001b[0m 18.587 ms - 813\u001b[0m\u001b[39m","timestamp":"2025-12-02 19:20:32:2032"}
{"level":"\u001b[37mdebug\u001b[39m","message":"\u001b[37mExecuting (default): SELECT count(\"stock_movements\".\"id\") AS \"count\" FROM \"inventory\".\"stock_movements\" AS \"stock_movements\" LEFT OUTER JOIN \"inventory\".\"warehouses\" AS \"warehouse\" ON \"stock_movements\".\"warehouse_id\" = \"warehouse\".\"id\" LEFT OUTER JOIN \"inventory\".\"products\" AS \"product\" ON \"stock_movements\".\"product_id\" = \"product\".\"id\" LEFT OUTER JOIN \"core\".\"users\" AS \"created_by_user\" ON \"stock_movements\".\"created_by\" = \"created_by_user\".\"id\" WHERE \"stock_movements\".\"warehouse_id\" = '43bbb488-92e2-47eb-8216-4010158feb19' AND \"stock_movements\".\"product_id\" = 'fe5af97c-10e3-4d8e-8864-fef46b4f9d36' AND \"stock_movements\".\"movement_type\" = 'reception' AND (\"stock_movements\".\"movement_date\" >= '2025-11-01 00:00:00.000 +00:00' AND \"stock_movements\".\"movement_date\" <= '2025-12-01 05:59:59.000 +00:00');\u001b[39m","timestamp":"2025-12-02 19:21:46:2146"}
{"level":"\u001b[37mdebug\u001b[39m","message":"\u001b[37mExecuting (default): SELECT \"stock_movements\".\"id\", \"stock_movements\".\"movement_number\", \"stock_movements\".\"movement_type\", \"stock_movements\".\"warehouse_id\", \"stock_movements\".\"product_id\", \"stock_movements\".\"quantity\", \"stock_movements\".\"unit_cost\", \"stock_movements\".\"reference_type\", \"stock_movements\".\"reference_id\", \"stock_movements\".\"batch_number\", \"stock_movements\".\"expiration_date\", \"stock_movements\".\"notes\", \"stock_movements\".\"movement_date\", \"stock_movements\".\"created_by\", \"warehouse\".\"id\" AS \"warehouse.id\", \"warehouse\".\"name\" AS \"warehouse.name\", \"warehouse\".\"code\" AS \"warehouse.code\", \"product\".\"id\" AS \"product.id\", \"product\".\"name\" AS \"product.name\", \"product\".\"code\" AS \"product.code\", \"created_by_user\".\"id\" AS \"created_by_user.id\", \"created_by_user\".\"full_name\" AS \"created_by_user.full_name\" FROM \"inventory\".\"stock_movements\" AS \"stock_movements\" LEFT OUTER JOIN \"inventory\".\"warehouses\" AS \"warehouse\" ON \"stock_movements\".\"warehouse_id\" = \"warehouse\".\"id\" LEFT OUTER JOIN \"inventory\".\"products\" AS \"product\" ON \"stock_movements\".\"product_id\" = \"product\".\"id\" LEFT OUTER JOIN \"core\".\"users\" AS \"created_by_user\" ON \"stock_movements\".\"created_by\" = \"created_by_user\".\"id\" WHERE \"stock_movements\".\"warehouse_id\" = '43bbb488-92e2-47eb-8216-4010158feb19' AND \"stock_movements\".\"product_id\" = 'fe5af97c-10e3-4d8e-8864-fef46b4f9d36' AND \"stock_movements\".\"movement_type\" = 'reception' AND (\"stock_movements\".\"movement_date\" >= '2025-11-01 00:00:00.000 +00:00' AND \"stock_movements\".\"movement_date\" <= '2025-12-01 05:59:59.000 +00:00') ORDER BY \"stock_movements\".\"movement_date\" DESC LIMIT 25 OFFSET 0;\u001b[39m","timestamp":"2025-12-02 19:21:46:2146"}
{"level":"\u001b[32minfo\u001b[39m","message":"\u001b[32m\u001b[0mGET /api/v1/inventory/stock-movements?warehouseId=43bbb488-92e2-47eb-8216-4010158feb19&productId=fe5af97c-10e3-4d8e-8864-fef46b4f9d36&movementType=reception&dateFrom=2025-11-01&dateTo=2025-11-30&page=1&limit=25 \u001b[32m200\u001b[0m 65.719 ms - 132\u001b[0m\u001b[39m","timestamp":"2025-12-02 19:21:46:2146"}
{"level":"\u001b[37mdebug\u001b[39m","message":"\u001b[37mExecuting (default): SELECT count(\"stock_movements\".\"id\") AS \"count\" FROM \"inventory\".\"stock_movements\" AS \"stock_movements\" LEFT OUTER JOIN \"inventory\".\"warehouses\" AS \"warehouse\" ON \"stock_movements\".\"warehouse_id\" = \"warehouse\".\"id\" LEFT OUTER JOIN \"inventory\".\"products\" AS \"product\" ON \"stock_movements\".\"product_id\" = \"product\".\"id\" LEFT OUTER JOIN \"core\".\"users\" AS \"created_by_user\" ON \"stock_movements\".\"created_by\" = \"created_by_user\".\"id\" WHERE \"stock_movements\".\"warehouse_id\" = '43bbb488-92e2-47eb-8216-4010158feb19' AND \"stock_movements\".\"product_id\" = 'fe5af97c-10e3-4d8e-8864-fef46b4f9d36' AND \"stock_movements\".\"movement_type\" = 'reception' AND (\"stock_movements\".\"movement_date\" >= '2025-12-03 00:00:00.000 +00:00' AND \"stock_movements\".\"movement_date\" <= '2025-12-05 05:59:59.000 +00:00');\u001b[39m","timestamp":"2025-12-02 19:22:03:223"}
{"level":"\u001b[37mdebug\u001b[39m","message":"\u001b[37mExecuting (default): SELECT \"stock_movements\".\"id\", \"stock_movements\".\"movement_number\", \"stock_movements\".\"movement_type\", \"stock_movements\".\"warehouse_id\", \"stock_movements\".\"product_id\", \"stock_movements\".\"quantity\", \"stock_movements\".\"unit_cost\", \"stock_movements\".\"reference_type\", \"stock_movements\".\"reference_id\", \"stock_movements\".\"batch_number\", \"stock_movements\".\"expiration_date\", \"stock_movements\".\"notes\", \"stock_movements\".\"movement_date\", \"stock_movements\".\"created_by\", \"warehouse\".\"id\" AS \"warehouse.id\", \"warehouse\".\"name\" AS \"warehouse.name\", \"warehouse\".\"code\" AS \"warehouse.code\", \"product\".\"id\" AS \"product.id\", \"product\".\"name\" AS \"product.name\", \"product\".\"code\" AS \"product.code\", \"created_by_user\".\"id\" AS \"created_by_user.id\", \"created_by_user\".\"full_name\" AS \"created_by_user.full_name\" FROM \"inventory\".\"stock_movements\" AS \"stock_movements\" LEFT OUTER JOIN \"inventory\".\"warehouses\" AS \"warehouse\" ON \"stock_movements\".\"warehouse_id\" = \"warehouse\".\"id\" LEFT OUTER JOIN \"inventory\".\"products\" AS \"product\" ON \"stock_movements\".\"product_id\" = \"product\".\"id\" LEFT OUTER JOIN \"core\".\"users\" AS \"created_by_user\" ON \"stock_movements\".\"created_by\" = \"created_by_user\".\"id\" WHERE \"stock_movements\".\"warehouse_id\" = '43bbb488-92e2-47eb-8216-4010158feb19' AND \"stock_movements\".\"product_id\" = 'fe5af97c-10e3-4d8e-8864-fef46b4f9d36' AND \"stock_movements\".\"movement_type\" = 'reception' AND (\"stock_movements\".\"movement_date\" >= '2025-12-03 00:00:00.000 +00:00' AND \"stock_movements\".\"movement_date\" <= '2025-12-05 05:59:59.000 +00:00') ORDER BY \"stock_movements\".\"movement_date\" DESC LIMIT 25 OFFSET 0;\u001b[39m","timestamp":"2025-12-02 19:22:03:223"}
{"level":"\u001b[32minfo\u001b[39m","message":"\u001b[32m\u001b[0mGET /api/v1/inventory/stock-movements?warehouseId=43bbb488-92e2-47eb-8216-4010158feb19&productId=fe5af97c-10e3-4d8e-8864-fef46b4f9d36&movementType=reception&dateFrom=2025-12-03&dateTo=2025-12-04&page=1&limit=25 \u001b[32m200\u001b[0m 53.392 ms - 813\u001b[0m\u001b[39m","timestamp":"2025-12-02 19:22:03:223"}
{"level":"\u001b[37mdebug\u001b[39m","message":"\u001b[37mExecuting (default): SELECT count(\"stock_movements\".\"id\") AS \"count\" FROM \"inventory\".\"stock_movements\" AS \"stock_movements\" LEFT OUTER JOIN \"inventory\".\"warehouses\" AS \"warehouse\" ON \"stock_movements\".\"warehouse_id\" = \"warehouse\".\"id\" LEFT OUTER JOIN \"inventory\".\"products\" AS \"product\" ON \"stock_movements\".\"product_id\" = \"product\".\"id\" LEFT OUTER JOIN \"core\".\"users\" AS \"created_by_user\" ON \"stock_movements\".\"created_by\" = \"created_by_user\".\"id\" WHERE \"stock_movements\".\"warehouse_id\" = '43bbb488-92e2-47eb-8216-4010158feb19' AND \"stock_movements\".\"movement_type\" = 'reception' AND (\"stock_movements\".\"movement_date\" >= '2025-12-03 00:00:00.000 +00:00' AND \"stock_movements\".\"movement_date\" <= '2025-12-05 05:59:59.000 +00:00');\u001b[39m","timestamp":"2025-12-02 19:22:12:2212"}
{"level":"\u001b[37mdebug\u001b[39m","message":"\u001b[37mExecuting (default): SELECT \"stock_movements\".\"id\", \"stock_movements\".\"movement_number\", \"stock_movements\".\"movement_type\", \"stock_movements\".\"warehouse_id\", \"stock_movements\".\"product_id\", \"stock_movements\".\"quantity\", \"stock_movements\".\"unit_cost\", \"stock_movements\".\"reference_type\", \"stock_movements\".\"reference_id\", \"stock_movements\".\"batch_number\", \"stock_movements\".\"expiration_date\", \"stock_movements\".\"notes\", \"stock_movements\".\"movement_date\", \"stock_movements\".\"created_by\", \"warehouse\".\"id\" AS \"warehouse.id\", \"warehouse\".\"name\" AS \"warehouse.name\", \"warehouse\".\"code\" AS \"warehouse.code\", \"product\".\"id\" AS \"product.id\", \"product\".\"name\" AS \"product.name\", \"product\".\"code\" AS \"product.code\", \"created_by_user\".\"id\" AS \"created_by_user.id\", \"created_by_user\".\"full_name\" AS \"created_by_user.full_name\" FROM \"inventory\".\"stock_movements\" AS \"stock_movements\" LEFT OUTER JOIN \"inventory\".\"warehouses\" AS \"warehouse\" ON \"stock_movements\".\"warehouse_id\" = \"warehouse\".\"id\" LEFT OUTER JOIN \"inventory\".\"products\" AS \"product\" ON \"stock_movements\".\"product_id\" = \"product\".\"id\" LEFT OUTER JOIN \"core\".\"users\" AS \"created_by_user\" ON \"stock_movements\".\"created_by\" = \"created_by_user\".\"id\" WHERE \"stock_movements\".\"warehouse_id\" = '43bbb488-92e2-47eb-8216-4010158feb19' AND \"stock_movements\".\"movement_type\" = 'reception' AND (\"stock_movements\".\"movement_date\" >= '2025-12-03 00:00:00.000 +00:00' AND \"stock_movements\".\"movement_date\" <= '2025-12-05 05:59:59.000 +00:00') ORDER BY \"stock_movements\".\"movement_date\" DESC LIMIT 25 OFFSET 0;\u001b[39m","timestamp":"2025-12-02 19:22:12:2212"}
{"level":"\u001b[32minfo\u001b[39m","message":"\u001b[32m\u001b[0mGET /api/v1/inventory/stock-movements?warehouseId=43bbb488-92e2-47eb-8216-4010158feb19&movementType=reception&dateFrom=2025-12-03&dateTo=2025-12-04&page=1&limit=25 \u001b[32m200\u001b[0m 15.520 ms - 1478\u001b[0m\u001b[39m","timestamp":"2025-12-02 19:22:12:2212"}
{"level":"\u001b[37mdebug\u001b[39m","message":"\u001b[37mExecuting (default): SELECT \"stock_movements\".\"id\", \"stock_movements\".\"movement_number\", \"stock_movements\".\"movement_type\", \"stock_movements\".\"warehouse_id\", \"stock_movements\".\"product_id\", \"stock_movements\".\"quantity\", \"stock_movements\".\"unit_cost\", \"stock_movements\".\"reference_type\", \"stock_movements\".\"reference_id\", \"stock_movements\".\"batch_number\", \"stock_movements\".\"expiration_date\", \"stock_movements\".\"notes\", \"stock_movements\".\"movement_date\", \"stock_movements\".\"created_by\", \"warehouse\".\"id\" AS \"warehouse.id\", \"warehouse\".\"name\" AS \"warehouse.name\", \"warehouse\".\"code\" AS \"warehouse.code\", \"product\".\"id\" AS \"product.id\", \"product\".\"name\" AS \"product.name\", \"product\".\"code\" AS \"product.code\", \"created_by_user\".\"id\" AS \"created_by_user.id\", \"created_by_user\".\"full_name\" AS \"created_by_user.full_name\" FROM \"inventory\".\"stock_movements\" AS \"stock_movements\" LEFT OUTER JOIN \"inventory\".\"warehouses\" AS \"warehouse\" ON \"stock_movements\".\"warehouse_id\" = \"warehouse\".\"id\" LEFT OUTER JOIN \"inventory\".\"products\" AS \"product\" ON \"stock_movements\".\"product_id\" = \"product\".\"id\" LEFT OUTER JOIN \"core\".\"users\" AS \"created_by_user\" ON \"stock_movements\".\"created_by\" = \"created_by_user\".\"id\" WHERE \"stock_movements\".\"id\" = 'ad14910e-c5c7-4688-aab4-95dfc1a2548f';\u001b[39m","timestamp":"2025-12-02 19:24:05:245"}
{"level":"\u001b[32minfo\u001b[39m","message":"\u001b[32m\u001b[0mGET /api/v1/inventory/stock-movements/ad14910e-c5c7-4688-aab4-95dfc1a2548f \u001b[32m200\u001b[0m 48.016 ms - 749\u001b[0m\u001b[39m","timestamp":"2025-12-02 19:24:05:245"}
{"level":"\u001b[32minfo\u001b[39m","message":"\u001b[32m🚀 Server is running on port 3000\u001b[39m","timestamp":"2025-12-03 20:26:39:2639"}
{"level":"\u001b[32minfo\u001b[39m","message":"\u001b[32m📚 API Documentation: http://localhost:3000/api-docs\u001b[39m","timestamp":"2025-12-03 20:26:39:2639"}
{"level":"\u001b[32minfo\u001b[39m","message":"\u001b[32m🔍 API v1: http://localhost:3000/api/v1\u001b[39m","timestamp":"2025-12-03 20:26:39:2639"}
{"level":"\u001b[32minfo\u001b[39m","message":"\u001b[32m❤️  Health check: http://localhost:3000/health\u001b[39m","timestamp":"2025-12-03 20:26:39:2639"}
{"level":"\u001b[37mdebug\u001b[39m","message":"\u001b[37mExecuting (default): SELECT 1+1 AS result\u001b[39m","timestamp":"2025-12-03 20:26:39:2639"}
{"level":"\u001b[32minfo\u001b[39m","message":"\u001b[32m✅ Database connection established successfully\u001b[39m","timestamp":"2025-12-03 20:26:39:2639"}
{"level":"\u001b[32minfo\u001b[39m","message":"\u001b[32m📊 Connected to: dev-cmdv@localhost\u001b[39m","timestamp":"2025-12-03 20:26:39:2639"}
{"level":"\u001b[37mdebug\u001b[39m","message":"\u001b[37mExecuting (default): SELECT count(*) AS \"count\" FROM \"medical\".\"patients\" AS \"patients\" WHERE (\"patients\".\"first_name\" ILIKE '%eduardo%' OR \"patients\".\"last_name\" ILIKE '%eduardo%' OR \"patients\".\"file_number\" ILIKE '%eduardo%' OR \"patients\".\"identification_number\" ILIKE '%eduardo%') AND \"patients\".\"gender\" = 'male' AND \"patients\".\"is_active\" = true AND \"patients\".\"city\" ILIKE '%Santa Lucia Cotz%' AND \"patients\".\"state\" ILIKE '%Escuintla%';\u001b[39m","timestamp":"2025-12-03 22:32:23:3223"}
{"level":"\u001b[37mdebug\u001b[39m","message":"\u001b[37mExecuting (default): SELECT \"id\", \"file_number\", \"first_name\", \"last_name\", \"identification_number\", \"date_of_birth\", \"gender\", \"blood_type\", \"phone\", \"mobile\", \"email\", \"address\", \"city\", \"state\", \"zip_code\", \"emergency_contact_name\", \"emergency_contact_phone\", \"emergency_contact_relationship\", \"allergies\", \"chronic_conditions\", \"current_medications\", \"insurance_company\", \"insurance_policy_number\", \"is_active\", \"notes\", \"createdAt\", \"updatedAt\" FROM \"medical\".\"patients\" AS \"patients\" WHERE (\"patients\".\"first_name\" ILIKE '%eduardo%' OR \"patients\".\"last_name\" ILIKE '%eduardo%' OR \"patients\".\"file_number\" ILIKE '%eduardo%' OR \"patients\".\"identification_number\" ILIKE '%eduardo%') AND \"patients\".\"gender\" = 'male' AND \"patients\".\"is_active\" = true AND \"patients\".\"city\" ILIKE '%Santa Lucia Cotz%' AND \"patients\".\"state\" ILIKE '%Escuintla%' ORDER BY \"patients\".\"created_at\" DESC LIMIT 50 OFFSET 0;\u001b[39m","timestamp":"2025-12-03 22:32:23:3223"}
{"level":"\u001b[31merror\u001b[39m","message":"\u001b[31mError finding patients: SequelizeDatabaseError: column \"createdAt\" does not exist\u001b[39m","timestamp":"2025-12-03 22:32:23:3223"}
{"level":"\u001b[32minfo\u001b[39m","message":"\u001b[32m\u001b[0mGET /api/v1/medical/patients/?page=1&limit=50&gender=male&search=eduardo&isActive=true&city=Santa%20Lucia%20Cotz&state=Escuintla \u001b[31m500\u001b[0m 837.770 ms - 80\u001b[0m\u001b[39m","timestamp":"2025-12-03 22:32:23:3223"}
{"level":"\u001b[32minfo\u001b[39m","message":"\u001b[32m🚀 Server is running on port 3000\u001b[39m","timestamp":"2025-12-03 22:33:24:3324"}
{"level":"\u001b[32minfo\u001b[39m","message":"\u001b[32m📚 API Documentation: http://localhost:3000/api-docs\u001b[39m","timestamp":"2025-12-03 22:33:24:3324"}
{"level":"\u001b[32minfo\u001b[39m","message":"\u001b[32m🔍 API v1: http://localhost:3000/api/v1\u001b[39m","timestamp":"2025-12-03 22:33:24:3324"}
{"level":"\u001b[32minfo\u001b[39m","message":"\u001b[32m❤️  Health check: http://localhost:3000/health\u001b[39m","timestamp":"2025-12-03 22:33:24:3324"}
{"level":"\u001b[37mdebug\u001b[39m","message":"\u001b[37mExecuting (default): SELECT 1+1 AS result\u001b[39m","timestamp":"2025-12-03 22:33:24:3324"}
{"level":"\u001b[32minfo\u001b[39m","message":"\u001b[32m✅ Database connection established successfully\u001b[39m","timestamp":"2025-12-03 22:33:24:3324"}
{"level":"\u001b[32minfo\u001b[39m","message":"\u001b[32m📊 Connected to: dev-cmdv@localhost\u001b[39m","timestamp":"2025-12-03 22:33:24:3324"}
{"level":"\u001b[37mdebug\u001b[39m","message":"\u001b[37mExecuting (default): SELECT count(*) AS \"count\" FROM \"medical\".\"patients\" AS \"patients\" WHERE (\"patients\".\"first_name\" ILIKE '%eduardo%' OR \"patients\".\"last_name\" ILIKE '%eduardo%' OR \"patients\".\"file_number\" ILIKE '%eduardo%' OR \"patients\".\"identification_number\" ILIKE '%eduardo%') AND \"patients\".\"gender\" = 'male' AND \"patients\".\"is_active\" = true AND \"patients\".\"city\" ILIKE '%Santa Lucia Cotz%' AND \"patients\".\"state\" ILIKE '%Escuintla%';\u001b[39m","timestamp":"2025-12-03 22:33:27:3327"}
{"level":"\u001b[37mdebug\u001b[39m","message":"\u001b[37mExecuting (default): SELECT \"id\", \"file_number\", \"first_name\", \"last_name\", \"identification_number\", \"date_of_birth\", \"gender\", \"blood_type\", \"phone\", \"mobile\", \"email\", \"address\", \"city\", \"state\", \"zip_code\", \"emergency_contact_name\", \"emergency_contact_phone\", \"emergency_contact_relationship\", \"allergies\", \"chronic_conditions\", \"current_medications\", \"insurance_company\", \"insurance_policy_number\", \"is_active\", \"notes\", \"created_at\" AS \"createdAt\", \"updated_at\" AS \"updatedAt\" FROM \"medical\".\"patients\" AS \"patients\" WHERE (\"patients\".\"first_name\" ILIKE '%eduardo%' OR \"patients\".\"last_name\" ILIKE '%eduardo%' OR \"patients\".\"file_number\" ILIKE '%eduardo%' OR \"patients\".\"identification_number\" ILIKE '%eduardo%') AND \"patients\".\"gender\" = 'male' AND \"patients\".\"is_active\" = true AND \"patients\".\"city\" ILIKE '%Santa Lucia Cotz%' AND \"patients\".\"state\" ILIKE '%Escuintla%' ORDER BY \"createdAt\" DESC LIMIT 50 OFFSET 0;\u001b[39m","timestamp":"2025-12-03 22:33:27:3327"}
{"level":"\u001b[32minfo\u001b[39m","message":"\u001b[32m\u001b[0mGET /api/v1/medical/patients/?page=1&limit=50&gender=male&search=eduardo&isActive=true&city=Santa%20Lucia%20Cotz&state=Escuintla \u001b[32m200\u001b[0m 49.336 ms - 128\u001b[0m\u001b[39m","timestamp":"2025-12-03 22:33:27:3327"}
{"level":"\u001b[37mdebug\u001b[39m","message":"\u001b[37mExecuting (default): SELECT \"id\", \"file_number\", \"first_name\", \"last_name\", \"identification_number\", \"date_of_birth\", \"gender\", \"blood_type\", \"phone\", \"mobile\", \"email\", \"address\", \"city\", \"state\", \"zip_code\", \"emergency_contact_name\", \"emergency_contact_phone\", \"emergency_contact_relationship\", \"allergies\", \"chronic_conditions\", \"current_medications\", \"insurance_company\", \"insurance_policy_number\", \"is_active\", \"notes\", \"created_at\" AS \"createdAt\", \"updated_at\" AS \"updatedAt\" FROM \"medical\".\"patients\" AS \"patients\" WHERE \"patients\".\"id\" = 'ad14910e-c5c7-4688-aab4-95dfc1a2548f';\u001b[39m","timestamp":"2025-12-03 22:34:44:3444"}
{"level":"\u001b[32minfo\u001b[39m","message":"\u001b[32m\u001b[0mGET /api/v1/medical/patients/ad14910e-c5c7-4688-aab4-95dfc1a2548f \u001b[33m404\u001b[0m 36.432 ms - 70\u001b[0m\u001b[39m","timestamp":"2025-12-03 22:34:44:3444"}
{"level":"\u001b[37mdebug\u001b[39m","message":"\u001b[37mExecuting (default): SELECT \"id\", \"file_number\", \"first_name\", \"last_name\", \"identification_number\", \"date_of_birth\", \"gender\", \"blood_type\", \"phone\", \"mobile\", \"email\", \"address\", \"city\", \"state\", \"zip_code\", \"emergency_contact_name\", \"emergency_contact_phone\", \"emergency_contact_relationship\", \"allergies\", \"chronic_conditions\", \"current_medications\", \"insurance_company\", \"insurance_policy_number\", \"is_active\", \"notes\", \"created_by\", \"created_at\" AS \"createdAt\", \"updated_at\" AS \"updatedAt\" FROM \"medical\".\"patients\" AS \"patients\" WHERE \"patients\".\"identification_number\" = '3001-12345-0101';\u001b[39m","timestamp":"2025-12-03 22:36:26:3626"}
{"level":"\u001b[37mdebug\u001b[39m","message":"\u001b[37mExecuting (default): SELECT \"id\", \"file_number\", \"first_name\", \"last_name\", \"identification_number\", \"date_of_birth\", \"gender\", \"blood_type\", \"phone\", \"mobile\", \"email\", \"address\", \"city\", \"state\", \"zip_code\", \"emergency_contact_name\", \"emergency_contact_phone\", \"emergency_contact_relationship\", \"allergies\", \"chronic_conditions\", \"current_medications\", \"insurance_company\", \"insurance_policy_number\", \"is_active\", \"notes\", \"created_by\", \"created_at\" AS \"createdAt\", \"updated_at\" AS \"updatedAt\" FROM \"medical\".\"patients\" AS \"patients\" WHERE \"patients\".\"file_number\" LIKE 'PAT-2025-%' ORDER BY \"createdAt\" DESC LIMIT 1;\u001b[39m","timestamp":"2025-12-03 22:36:26:3626"}
{"level":"\u001b[31merror\u001b[39m","message":"\u001b[31mError creating patient: TypeError: values.map is not a function\u001b[39m","timestamp":"2025-12-03 22:36:26:3626"}
{"level":"\u001b[32minfo\u001b[39m","message":"\u001b[32m\u001b[0mPOST /api/v1/medical/patients \u001b[31m500\u001b[0m 88.871 ms - 77\u001b[0m\u001b[39m","timestamp":"2025-12-03 22:36:26:3626"}
{"level":"\u001b[37mdebug\u001b[39m","message":"\u001b[37mExecuting (default): SELECT \"id\", \"file_number\", \"first_name\", \"last_name\", \"identification_number\", \"date_of_birth\", \"gender\", \"blood_type\", \"phone\", \"mobile\", \"email\", \"address\", \"city\", \"state\", \"zip_code\", \"emergency_contact_name\", \"emergency_contact_phone\", \"emergency_contact_relationship\", \"allergies\", \"chronic_conditions\", \"current_medications\", \"insurance_company\", \"insurance_policy_number\", \"is_active\", \"notes\", \"created_by\", \"created_at\" AS \"createdAt\", \"updated_at\" AS \"updatedAt\" FROM \"medical\".\"patients\" AS \"patients\" WHERE \"patients\".\"identification_number\" = '3001-12345-0101';\u001b[39m","timestamp":"2025-12-03 22:38:09:389"}
{"level":"\u001b[37mdebug\u001b[39m","message":"\u001b[37mExecuting (default): SELECT \"id\", \"file_number\", \"first_name\", \"last_name\", \"identification_number\", \"date_of_birth\", \"gender\", \"blood_type\", \"phone\", \"mobile\", \"email\", \"address\", \"city\", \"state\", \"zip_code\", \"emergency_contact_name\", \"emergency_contact_phone\", \"emergency_contact_relationship\", \"allergies\", \"chronic_conditions\", \"current_medications\", \"insurance_company\", \"insurance_policy_number\", \"is_active\", \"notes\", \"created_by\", \"created_at\" AS \"createdAt\", \"updated_at\" AS \"updatedAt\" FROM \"medical\".\"patients\" AS \"patients\" WHERE \"patients\".\"file_number\" LIKE 'PAT-2025-%' ORDER BY \"createdAt\" DESC LIMIT 1;\u001b[39m","timestamp":"2025-12-03 22:38:09:389"}
{"level":"\u001b[31merror\u001b[39m","message":"\u001b[31mError creating patient: TypeError: values.map is not a function\u001b[39m","timestamp":"2025-12-03 22:38:09:389"}
{"level":"\u001b[32minfo\u001b[39m","message":"\u001b[32m\u001b[0mPOST /api/v1/medical/patients \u001b[31m500\u001b[0m 87.057 ms - 77\u001b[0m\u001b[39m","timestamp":"2025-12-03 22:38:09:389"}
{"level":"\u001b[32minfo\u001b[39m","message":"\u001b[32m🚀 Server is running on port 3000\u001b[39m","timestamp":"2025-12-03 22:40:52:4052"}
{"level":"\u001b[32minfo\u001b[39m","message":"\u001b[32m📚 API Documentation: http://localhost:3000/api-docs\u001b[39m","timestamp":"2025-12-03 22:40:52:4052"}
{"level":"\u001b[32minfo\u001b[39m","message":"\u001b[32m🔍 API v1: http://localhost:3000/api/v1\u001b[39m","timestamp":"2025-12-03 22:40:52:4052"}
{"level":"\u001b[32minfo\u001b[39m","message":"\u001b[32m❤️  Health check: http://localhost:3000/health\u001b[39m","timestamp":"2025-12-03 22:40:52:4052"}
{"level":"\u001b[37mdebug\u001b[39m","message":"\u001b[37mExecuting (default): SELECT 1+1 AS result\u001b[39m","timestamp":"2025-12-03 22:40:53:4053"}
{"level":"\u001b[32minfo\u001b[39m","message":"\u001b[32m✅ Database connection established successfully\u001b[39m","timestamp":"2025-12-03 22:40:53:4053"}
{"level":"\u001b[32minfo\u001b[39m","message":"\u001b[32m📊 Connected to: dev-cmdv@localhost\u001b[39m","timestamp":"2025-12-03 22:40:53:4053"}
{"level":"\u001b[32minfo\u001b[39m","message":"\u001b[32m🚀 Server is running on port 3000\u001b[39m","timestamp":"2025-12-03 22:42:31:4231"}
{"level":"\u001b[32minfo\u001b[39m","message":"\u001b[32m📚 API Documentation: http://localhost:3000/api-docs\u001b[39m","timestamp":"2025-12-03 22:42:31:4231"}
{"level":"\u001b[32minfo\u001b[39m","message":"\u001b[32m🔍 API v1: http://localhost:3000/api/v1\u001b[39m","timestamp":"2025-12-03 22:42:31:4231"}
{"level":"\u001b[32minfo\u001b[39m","message":"\u001b[32m❤️  Health check: http://localhost:3000/health\u001b[39m","timestamp":"2025-12-03 22:42:31:4231"}
{"level":"\u001b[37mdebug\u001b[39m","message":"\u001b[37mExecuting (default): SELECT 1+1 AS result\u001b[39m","timestamp":"2025-12-03 22:42:31:4231"}
{"level":"\u001b[32minfo\u001b[39m","message":"\u001b[32m✅ Database connection established successfully\u001b[39m","timestamp":"2025-12-03 22:42:31:4231"}
{"level":"\u001b[32minfo\u001b[39m","message":"\u001b[32m📊 Connected to: dev-cmdv@localhost\u001b[39m","timestamp":"2025-12-03 22:42:31:4231"}
{"level":"\u001b[37mdebug\u001b[39m","message":"\u001b[37mExecuting (default): SELECT \"id\", \"file_number\", \"first_name\", \"last_name\", \"identification_number\", \"date_of_birth\", \"gender\", \"blood_type\", \"phone\", \"mobile\", \"email\", \"address\", \"city\", \"state\", \"zip_code\", \"emergency_contact_name\", \"emergency_contact_phone\", \"emergency_contact_relationship\", \"allergies\", \"chronic_conditions\", \"current_medications\", \"insurance_company\", \"insurance_policy_number\", \"is_active\", \"notes\", \"created_by\", \"created_at\" AS \"createdAt\", \"updated_at\" AS \"updatedAt\" FROM \"medical\".\"patients\" AS \"patients\" WHERE \"patients\".\"identification_number\" = '3001-12345-0101';\u001b[39m","timestamp":"2025-12-03 22:42:35:4235"}
{"level":"\u001b[37mdebug\u001b[39m","message":"\u001b[37mExecuting (default): SELECT \"id\", \"file_number\", \"first_name\", \"last_name\", \"identification_number\", \"date_of_birth\", \"gender\", \"blood_type\", \"phone\", \"mobile\", \"email\", \"address\", \"city\", \"state\", \"zip_code\", \"emergency_contact_name\", \"emergency_contact_phone\", \"emergency_contact_relationship\", \"allergies\", \"chronic_conditions\", \"current_medications\", \"insurance_company\", \"insurance_policy_number\", \"is_active\", \"notes\", \"created_by\", \"created_at\" AS \"createdAt\", \"updated_at\" AS \"updatedAt\" FROM \"medical\".\"patients\" AS \"patients\" WHERE \"patients\".\"file_number\" LIKE 'PAT-2025-%' ORDER BY \"createdAt\" DESC LIMIT 1;\u001b[39m","timestamp":"2025-12-03 22:42:35:4235"}
{"level":"\u001b[37mdebug\u001b[39m","message":"\u001b[37mExecuting (default): INSERT INTO \"medical\".\"patients\" (\"id\",\"file_number\",\"first_name\",\"last_name\",\"identification_number\",\"date_of_birth\",\"gender\",\"blood_type\",\"phone\",\"mobile\",\"email\",\"address\",\"city\",\"state\",\"zip_code\",\"emergency_contact_name\",\"emergency_contact_phone\",\"emergency_contact_relationship\",\"insurance_company\",\"insurance_policy_number\",\"is_active\",\"notes\",\"created_by\",\"created_at\",\"updated_at\") VALUES ($1,$2,$3,$4,$5,$6,$7,$8,$9,$10,$11,$12,$13,$14,$15,$16,$17,$18,$19,$20,$21,$22,$23,$24,$25) RETURNING \"id\",\"file_number\",\"first_name\",\"last_name\",\"identification_number\",\"date_of_birth\",\"gender\",\"blood_type\",\"phone\",\"mobile\",\"email\",\"address\",\"city\",\"state\",\"zip_code\",\"emergency_contact_name\",\"emergency_contact_phone\",\"emergency_contact_relationship\",\"allergies\",\"chronic_conditions\",\"current_medications\",\"insurance_company\",\"insurance_policy_number\",\"is_active\",\"notes\",\"created_by\",\"created_at\",\"updated_at\";\u001b[39m","timestamp":"2025-12-03 22:42:35:4235"}
{"level":"\u001b[32minfo\u001b[39m","message":"\u001b[32m\u001b[0mPOST /api/v1/medical/patients \u001b[32m201\u001b[0m 121.560 ms - 801\u001b[0m\u001b[39m","timestamp":"2025-12-03 22:42:35:4235"}
{"level":"\u001b[37mdebug\u001b[39m","message":"\u001b[37mExecuting (default): SELECT count(*) AS \"count\" FROM \"medical\".\"patients\" AS \"patients\" WHERE (\"patients\".\"first_name\" ILIKE '%eduardo%' OR \"patients\".\"last_name\" ILIKE '%eduardo%' OR \"patients\".\"file_number\" ILIKE '%eduardo%' OR \"patients\".\"identification_number\" ILIKE '%eduardo%') AND \"patients\".\"gender\" = 'male' AND \"patients\".\"is_active\" = true AND \"patients\".\"city\" ILIKE '%Santa Lucia Cotz%' AND \"patients\".\"state\" ILIKE '%Escuintla%';\u001b[39m","timestamp":"2025-12-03 22:42:44:4244"}
{"level":"\u001b[37mdebug\u001b[39m","message":"\u001b[37mExecuting (default): SELECT \"id\", \"file_number\", \"first_name\", \"last_name\", \"identification_number\", \"date_of_birth\", \"gender\", \"blood_type\", \"phone\", \"mobile\", \"email\", \"address\", \"city\", \"state\", \"zip_code\", \"emergency_contact_name\", \"emergency_contact_phone\", \"emergency_contact_relationship\", \"allergies\", \"chronic_conditions\", \"current_medications\", \"insurance_company\", \"insurance_policy_number\", \"is_active\", \"notes\", \"created_at\" AS \"createdAt\", \"updated_at\" AS \"updatedAt\" FROM \"medical\".\"patients\" AS \"patients\" WHERE (\"patients\".\"first_name\" ILIKE '%eduardo%' OR \"patients\".\"last_name\" ILIKE '%eduardo%' OR \"patients\".\"file_number\" ILIKE '%eduardo%' OR \"patients\".\"identification_number\" ILIKE '%eduardo%') AND \"patients\".\"gender\" = 'male' AND \"patients\".\"is_active\" = true AND \"patients\".\"city\" ILIKE '%Santa Lucia Cotz%' AND \"patients\".\"state\" ILIKE '%Escuintla%' ORDER BY \"createdAt\" DESC LIMIT 50 OFFSET 0;\u001b[39m","timestamp":"2025-12-03 22:42:44:4244"}
{"level":"\u001b[32minfo\u001b[39m","message":"\u001b[32m\u001b[0mGET /api/v1/medical/patients/?page=1&limit=50&gender=male&search=eduardo&isActive=true&city=Santa%20Lucia%20Cotz&state=Escuintla \u001b[32m200\u001b[0m 25.978 ms - 128\u001b[0m\u001b[39m","timestamp":"2025-12-03 22:42:44:4244"}
{"level":"\u001b[37mdebug\u001b[39m","message":"\u001b[37mExecuting (default): SELECT count(*) AS \"count\" FROM \"medical\".\"patients\" AS \"patients\" WHERE \"patients\".\"is_active\" = true;\u001b[39m","timestamp":"2025-12-03 22:42:52:4252"}
{"level":"\u001b[37mdebug\u001b[39m","message":"\u001b[37mExecuting (default): SELECT \"id\", \"file_number\", \"first_name\", \"last_name\", \"identification_number\", \"date_of_birth\", \"gender\", \"blood_type\", \"phone\", \"mobile\", \"email\", \"address\", \"city\", \"state\", \"zip_code\", \"emergency_contact_name\", \"emergency_contact_phone\", \"emergency_contact_relationship\", \"allergies\", \"chronic_conditions\", \"current_medications\", \"insurance_company\", \"insurance_policy_number\", \"is_active\", \"notes\", \"created_at\" AS \"createdAt\", \"updated_at\" AS \"updatedAt\" FROM \"medical\".\"patients\" AS \"patients\" WHERE \"patients\".\"is_active\" = true ORDER BY \"createdAt\" DESC LIMIT 50 OFFSET 0;\u001b[39m","timestamp":"2025-12-03 22:42:52:4252"}
{"level":"\u001b[32minfo\u001b[39m","message":"\u001b[32m\u001b[0mGET /api/v1/medical/patients/?page=1&limit=50 \u001b[32m200\u001b[0m 9.004 ms - 853\u001b[0m\u001b[39m","timestamp":"2025-12-03 22:42:52:4252"}
{"level":"\u001b[37mdebug\u001b[39m","message":"\u001b[37mExecuting (default): SELECT count(*) AS \"count\" FROM \"medical\".\"patients\" AS \"patients\" WHERE \"patients\".\"gender\" = 'female' AND \"patients\".\"is_active\" = true;\u001b[39m","timestamp":"2025-12-03 22:43:01:431"}
{"level":"\u001b[37mdebug\u001b[39m","message":"\u001b[37mExecuting (default): SELECT \"id\", \"file_number\", \"first_name\", \"last_name\", \"identification_number\", \"date_of_birth\", \"gender\", \"blood_type\", \"phone\", \"mobile\", \"email\", \"address\", \"city\", \"state\", \"zip_code\", \"emergency_contact_name\", \"emergency_contact_phone\", \"emergency_contact_relationship\", \"allergies\", \"chronic_conditions\", \"current_medications\", \"insurance_company\", \"insurance_policy_number\", \"is_active\", \"notes\", \"created_at\" AS \"createdAt\", \"updated_at\" AS \"updatedAt\" FROM \"medical\".\"patients\" AS \"patients\" WHERE \"patients\".\"gender\" = 'female' AND \"patients\".\"is_active\" = true ORDER BY \"createdAt\" DESC LIMIT 50 OFFSET 0;\u001b[39m","timestamp":"2025-12-03 22:43:01:431"}
{"level":"\u001b[32minfo\u001b[39m","message":"\u001b[32m\u001b[0mGET /api/v1/medical/patients/?page=1&limit=50&gender=female \u001b[32m200\u001b[0m 11.416 ms - 853\u001b[0m\u001b[39m","timestamp":"2025-12-03 22:43:01:431"}
{"level":"\u001b[37mdebug\u001b[39m","message":"\u001b[37mExecuting (default): SELECT count(*) AS \"count\" FROM \"medical\".\"patients\" AS \"patients\" WHERE (\"patients\".\"first_name\" ILIKE '%3001-12345-0101%' OR \"patients\".\"last_name\" ILIKE '%3001-12345-0101%' OR \"patients\".\"file_number\" ILIKE '%3001-12345-0101%' OR \"patients\".\"identification_number\" ILIKE '%3001-12345-0101%') AND \"patients\".\"is_active\" = true;\u001b[39m","timestamp":"2025-12-03 22:43:38:4338"}
{"level":"\u001b[37mdebug\u001b[39m","message":"\u001b[37mExecuting (default): SELECT \"id\", \"file_number\", \"first_name\", \"last_name\", \"identification_number\", \"date_of_birth\", \"gender\", \"blood_type\", \"phone\", \"mobile\", \"email\", \"address\", \"city\", \"state\", \"zip_code\", \"emergency_contact_name\", \"emergency_contact_phone\", \"emergency_contact_relationship\", \"allergies\", \"chronic_conditions\", \"current_medications\", \"insurance_company\", \"insurance_policy_number\", \"is_active\", \"notes\", \"created_at\" AS \"createdAt\", \"updated_at\" AS \"updatedAt\" FROM \"medical\".\"patients\" AS \"patients\" WHERE (\"patients\".\"first_name\" ILIKE '%3001-12345-0101%' OR \"patients\".\"last_name\" ILIKE '%3001-12345-0101%' OR \"patients\".\"file_number\" ILIKE '%3001-12345-0101%' OR \"patients\".\"identification_number\" ILIKE '%3001-12345-0101%') AND \"patients\".\"is_active\" = true ORDER BY \"createdAt\" DESC LIMIT 50 OFFSET 0;\u001b[39m","timestamp":"2025-12-03 22:43:38:4338"}
{"level":"\u001b[32minfo\u001b[39m","message":"\u001b[32m\u001b[0mGET /api/v1/medical/patients/?page=1&limit=50&search=3001-12345-0101 \u001b[32m200\u001b[0m 45.541 ms - 853\u001b[0m\u001b[39m","timestamp":"2025-12-03 22:43:38:4338"}
{"level":"\u001b[37mdebug\u001b[39m","message":"\u001b[37mExecuting (default): SELECT count(*) AS \"count\" FROM \"medical\".\"patients\" AS \"patients\" WHERE (\"patients\".\"first_name\" ILIKE '%3001-12345-0102%' OR \"patients\".\"last_name\" ILIKE '%3001-12345-0102%' OR \"patients\".\"file_number\" ILIKE '%3001-12345-0102%' OR \"patients\".\"identification_number\" ILIKE '%3001-12345-0102%') AND \"patients\".\"is_active\" = true;\u001b[39m","timestamp":"2025-12-03 22:43:42:4342"}
{"level":"\u001b[37mdebug\u001b[39m","message":"\u001b[37mExecuting (default): SELECT \"id\", \"file_number\", \"first_name\", \"last_name\", \"identification_number\", \"date_of_birth\", \"gender\", \"blood_type\", \"phone\", \"mobile\", \"email\", \"address\", \"city\", \"state\", \"zip_code\", \"emergency_contact_name\", \"emergency_contact_phone\", \"emergency_contact_relationship\", \"allergies\", \"chronic_conditions\", \"current_medications\", \"insurance_company\", \"insurance_policy_number\", \"is_active\", \"notes\", \"created_at\" AS \"createdAt\", \"updated_at\" AS \"updatedAt\" FROM \"medical\".\"patients\" AS \"patients\" WHERE (\"patients\".\"first_name\" ILIKE '%3001-12345-0102%' OR \"patients\".\"last_name\" ILIKE '%3001-12345-0102%' OR \"patients\".\"file_number\" ILIKE '%3001-12345-0102%' OR \"patients\".\"identification_number\" ILIKE '%3001-12345-0102%') AND \"patients\".\"is_active\" = true ORDER BY \"createdAt\" DESC LIMIT 50 OFFSET 0;\u001b[39m","timestamp":"2025-12-03 22:43:42:4342"}
{"level":"\u001b[32minfo\u001b[39m","message":"\u001b[32m\u001b[0mGET /api/v1/medical/patients/?page=1&limit=50&search=3001-12345-0102 \u001b[32m200\u001b[0m 16.044 ms - 128\u001b[0m\u001b[39m","timestamp":"2025-12-03 22:43:42:4342"}
{"level":"\u001b[37mdebug\u001b[39m","message":"\u001b[37mExecuting (default): SELECT count(*) AS \"count\" FROM \"medical\".\"patients\" AS \"patients\" WHERE (\"patients\".\"first_name\" ILIKE '%3001-12345-0101%' OR \"patients\".\"last_name\" ILIKE '%3001-12345-0101%' OR \"patients\".\"file_number\" ILIKE '%3001-12345-0101%' OR \"patients\".\"identification_number\" ILIKE '%3001-12345-0101%') AND \"patients\".\"is_active\" = true;\u001b[39m","timestamp":"2025-12-03 22:43:45:4345"}
{"level":"\u001b[37mdebug\u001b[39m","message":"\u001b[37mExecuting (default): SELECT \"id\", \"file_number\", \"first_name\", \"last_name\", \"identification_number\", \"date_of_birth\", \"gender\", \"blood_type\", \"phone\", \"mobile\", \"email\", \"address\", \"city\", \"state\", \"zip_code\", \"emergency_contact_name\", \"emergency_contact_phone\", \"emergency_contact_relationship\", \"allergies\", \"chronic_conditions\", \"current_medications\", \"insurance_company\", \"insurance_policy_number\", \"is_active\", \"notes\", \"created_at\" AS \"createdAt\", \"updated_at\" AS \"updatedAt\" FROM \"medical\".\"patients\" AS \"patients\" WHERE (\"patients\".\"first_name\" ILIKE '%3001-12345-0101%' OR \"patients\".\"last_name\" ILIKE '%3001-12345-0101%' OR \"patients\".\"file_number\" ILIKE '%3001-12345-0101%' OR \"patients\".\"identification_number\" ILIKE '%3001-12345-0101%') AND \"patients\".\"is_active\" = true ORDER BY \"createdAt\" DESC LIMIT 50 OFFSET 0;\u001b[39m","timestamp":"2025-12-03 22:43:45:4345"}
{"level":"\u001b[32minfo\u001b[39m","message":"\u001b[32m\u001b[0mGET /api/v1/medical/patients/?page=1&limit=50&search=3001-12345-0101 \u001b[32m200\u001b[0m 6.231 ms - 853\u001b[0m\u001b[39m","timestamp":"2025-12-03 22:43:45:4345"}
{"level":"\u001b[37mdebug\u001b[39m","message":"\u001b[37mExecuting (default): SELECT count(*) AS \"count\" FROM \"medical\".\"patients\" AS \"patients\" WHERE (\"patients\".\"first_name\" ILIKE '%3001-12345-0101%' OR \"patients\".\"last_name\" ILIKE '%3001-12345-0101%' OR \"patients\".\"file_number\" ILIKE '%3001-12345-0101%' OR \"patients\".\"identification_number\" ILIKE '%3001-12345-0101%') AND \"patients\".\"gender\" = 'female' AND \"patients\".\"is_active\" = true;\u001b[39m","timestamp":"2025-12-03 22:43:55:4355"}
{"level":"\u001b[37mdebug\u001b[39m","message":"\u001b[37mExecuting (default): SELECT \"id\", \"file_number\", \"first_name\", \"last_name\", \"identification_number\", \"date_of_birth\", \"gender\", \"blood_type\", \"phone\", \"mobile\", \"email\", \"address\", \"city\", \"state\", \"zip_code\", \"emergency_contact_name\", \"emergency_contact_phone\", \"emergency_contact_relationship\", \"allergies\", \"chronic_conditions\", \"current_medications\", \"insurance_company\", \"insurance_policy_number\", \"is_active\", \"notes\", \"created_at\" AS \"createdAt\", \"updated_at\" AS \"updatedAt\" FROM \"medical\".\"patients\" AS \"patients\" WHERE (\"patients\".\"first_name\" ILIKE '%3001-12345-0101%' OR \"patients\".\"last_name\" ILIKE '%3001-12345-0101%' OR \"patients\".\"file_number\" ILIKE '%3001-12345-0101%' OR \"patients\".\"identification_number\" ILIKE '%3001-12345-0101%') AND \"patients\".\"gender\" = 'female' AND \"patients\".\"is_active\" = true ORDER BY \"createdAt\" DESC LIMIT 50 OFFSET 0;\u001b[39m","timestamp":"2025-12-03 22:43:55:4355"}
{"level":"\u001b[32minfo\u001b[39m","message":"\u001b[32m\u001b[0mGET /api/v1/medical/patients/?page=1&limit=50&gender=female&search=3001-12345-0101&isActive=true \u001b[32m200\u001b[0m 9.469 ms - 853\u001b[0m\u001b[39m","timestamp":"2025-12-03 22:43:55:4355"}
{"level":"\u001b[37mdebug\u001b[39m","message":"\u001b[37mExecuting (default): SELECT count(*) AS \"count\" FROM \"medical\".\"patients\" AS \"patients\" WHERE (\"patients\".\"first_name\" ILIKE '%3001-12345-0101%' OR \"patients\".\"last_name\" ILIKE '%3001-12345-0101%' OR \"patients\".\"file_number\" ILIKE '%3001-12345-0101%' OR \"patients\".\"identification_number\" ILIKE '%3001-12345-0101%') AND \"patients\".\"gender\" = 'female' AND \"patients\".\"is_active\" = true;\u001b[39m","timestamp":"2025-12-03 22:44:02:442"}
{"level":"\u001b[37mdebug\u001b[39m","message":"\u001b[37mExecuting (default): SELECT \"id\", \"file_number\", \"first_name\", \"last_name\", \"identification_number\", \"date_of_birth\", \"gender\", \"blood_type\", \"phone\", \"mobile\", \"email\", \"address\", \"city\", \"state\", \"zip_code\", \"emergency_contact_name\", \"emergency_contact_phone\", \"emergency_contact_relationship\", \"allergies\", \"chronic_conditions\", \"current_medications\", \"insurance_company\", \"insurance_policy_number\", \"is_active\", \"notes\", \"created_at\" AS \"createdAt\", \"updated_at\" AS \"updatedAt\" FROM \"medical\".\"patients\" AS \"patients\" WHERE (\"patients\".\"first_name\" ILIKE '%3001-12345-0101%' OR \"patients\".\"last_name\" ILIKE '%3001-12345-0101%' OR \"patients\".\"file_number\" ILIKE '%3001-12345-0101%' OR \"patients\".\"identification_number\" ILIKE '%3001-12345-0101%') AND \"patients\".\"gender\" = 'female' AND \"patients\".\"is_active\" = true ORDER BY \"createdAt\" DESC LIMIT 50 OFFSET 0;\u001b[39m","timestamp":"2025-12-03 22:44:02:442"}
{"level":"\u001b[32minfo\u001b[39m","message":"\u001b[32m\u001b[0mGET /api/v1/medical/patients/?page=1&limit=50&gender=female&search=3001-12345-0101&isActive=true \u001b[32m200\u001b[0m 11.359 ms - 853\u001b[0m\u001b[39m","timestamp":"2025-12-03 22:44:02:442"}
{"level":"\u001b[37mdebug\u001b[39m","message":"\u001b[37mExecuting (default): SELECT count(*) AS \"count\" FROM \"medical\".\"patients\" AS \"patients\" WHERE (\"patients\".\"first_name\" ILIKE '%3001-12345-0101%' OR \"patients\".\"last_name\" ILIKE '%3001-12345-0101%' OR \"patients\".\"file_number\" ILIKE '%3001-12345-0101%' OR \"patients\".\"identification_number\" ILIKE '%3001-12345-0101%') AND \"patients\".\"gender\" = 'female' AND \"patients\".\"is_active\" = true AND \"patients\".\"city\" ILIKE '%Guatemala%' AND \"patients\".\"state\" ILIKE '%Guatemala%';\u001b[39m","timestamp":"2025-12-03 22:44:07:447"}
{"level":"\u001b[37mdebug\u001b[39m","message":"\u001b[37mExecuting (default): SELECT \"id\", \"file_number\", \"first_name\", \"last_name\", \"identification_number\", \"date_of_birth\", \"gender\", \"blood_type\", \"phone\", \"mobile\", \"email\", \"address\", \"city\", \"state\", \"zip_code\", \"emergency_contact_name\", \"emergency_contact_phone\", \"emergency_contact_relationship\", \"allergies\", \"chronic_conditions\", \"current_medications\", \"insurance_company\", \"insurance_policy_number\", \"is_active\", \"notes\", \"created_at\" AS \"createdAt\", \"updated_at\" AS \"updatedAt\" FROM \"medical\".\"patients\" AS \"patients\" WHERE (\"patients\".\"first_name\" ILIKE '%3001-12345-0101%' OR \"patients\".\"last_name\" ILIKE '%3001-12345-0101%' OR \"patients\".\"file_number\" ILIKE '%3001-12345-0101%' OR \"patients\".\"identification_number\" ILIKE '%3001-12345-0101%') AND \"patients\".\"gender\" = 'female' AND \"patients\".\"is_active\" = true AND \"patients\".\"city\" ILIKE '%Guatemala%' AND \"patients\".\"state\" ILIKE '%Guatemala%' ORDER BY \"createdAt\" DESC LIMIT 50 OFFSET 0;\u001b[39m","timestamp":"2025-12-03 22:44:07:447"}
{"level":"\u001b[32minfo\u001b[39m","message":"\u001b[32m\u001b[0mGET /api/v1/medical/patients/?page=1&limit=50&gender=female&search=3001-12345-0101&isActive=true&city=Guatemala&state=Guatemala \u001b[32m200\u001b[0m 8.910 ms - 853\u001b[0m\u001b[39m","timestamp":"2025-12-03 22:44:07:447"}
{"level":"\u001b[37mdebug\u001b[39m","message":"\u001b[37mExecuting (default): SELECT \"id\", \"file_number\", \"first_name\", \"last_name\", \"identification_number\", \"date_of_birth\", \"gender\", \"blood_type\", \"phone\", \"mobile\", \"email\", \"address\", \"city\", \"state\", \"zip_code\", \"emergency_contact_name\", \"emergency_contact_phone\", \"emergency_contact_relationship\", \"allergies\", \"chronic_conditions\", \"current_medications\", \"insurance_company\", \"insurance_policy_number\", \"is_active\", \"notes\", \"created_at\" AS \"createdAt\", \"updated_at\" AS \"updatedAt\" FROM \"medical\".\"patients\" AS \"patients\" WHERE \"patients\".\"id\" = '5b440f6a-f284-4fd0-be83-c745f41eb9c8';\u001b[39m","timestamp":"2025-12-03 22:44:19:4419"}
{"level":"\u001b[32minfo\u001b[39m","message":"\u001b[32m\u001b[0mGET /api/v1/medical/patients/5b440f6a-f284-4fd0-be83-c745f41eb9c8 \u001b[32m200\u001b[0m 26.742 ms - 803\u001b[0m\u001b[39m","timestamp":"2025-12-03 22:44:19:4419"}
{"level":"\u001b[37mdebug\u001b[39m","message":"\u001b[37mExecuting (default): SELECT \"id\", \"file_number\", \"first_name\", \"last_name\", \"identification_number\", \"date_of_birth\", \"gender\", \"blood_type\", \"phone\", \"mobile\", \"email\", \"address\", \"city\", \"state\", \"zip_code\", \"emergency_contact_name\", \"emergency_contact_phone\", \"emergency_contact_relationship\", \"allergies\", \"chronic_conditions\", \"current_medications\", \"insurance_company\", \"insurance_policy_number\", \"is_active\", \"notes\", \"created_by\", \"created_at\" AS \"createdAt\", \"updated_at\" AS \"updatedAt\" FROM \"medical\".\"patients\" AS \"patients\" WHERE \"patients\".\"file_number\" LIKE 'PAT-2025-%' ORDER BY \"createdAt\" DESC LIMIT 1;\u001b[39m","timestamp":"2025-12-03 22:50:37:5037"}
{"level":"\u001b[37mdebug\u001b[39m","message":"\u001b[37mExecuting (default): INSERT INTO \"medical\".\"patients\" (\"id\",\"file_number\",\"first_name\",\"last_name\",\"date_of_birth\",\"gender\",\"is_active\",\"created_by\",\"created_at\",\"updated_at\") VALUES ($1,$2,$3,$4,$5,$6,$7,$8,$9,$10) RETURNING \"id\",\"file_number\",\"first_name\",\"last_name\",\"identification_number\",\"date_of_birth\",\"gender\",\"blood_type\",\"phone\",\"mobile\",\"email\",\"address\",\"city\",\"state\",\"zip_code\",\"emergency_contact_name\",\"emergency_contact_phone\",\"emergency_contact_relationship\",\"allergies\",\"chronic_conditions\",\"current_medications\",\"insurance_company\",\"insurance_policy_number\",\"is_active\",\"notes\",\"created_by\",\"created_at\",\"updated_at\";\u001b[39m","timestamp":"2025-12-03 22:50:37:5037"}
{"level":"\u001b[32minfo\u001b[39m","message":"\u001b[32m\u001b[0mPOST /api/v1/medical/patients \u001b[32m201\u001b[0m 209.886 ms - 296\u001b[0m\u001b[39m","timestamp":"2025-12-03 22:50:37:5037"}
{"level":"\u001b[37mdebug\u001b[39m","message":"\u001b[37mExecuting (default): SELECT count(*) AS \"count\" FROM \"medical\".\"patients\" AS \"patients\" WHERE \"patients\".\"is_active\" = true;\u001b[39m","timestamp":"2025-12-03 22:50:45:5045"}
{"level":"\u001b[37mdebug\u001b[39m","message":"\u001b[37mExecuting (default): SELECT \"id\", \"file_number\", \"first_name\", \"last_name\", \"identification_number\", \"date_of_birth\", \"gender\", \"blood_type\", \"phone\", \"mobile\", \"email\", \"address\", \"city\", \"state\", \"zip_code\", \"emergency_contact_name\", \"emergency_contact_phone\", \"emergency_contact_relationship\", \"allergies\", \"chronic_conditions\", \"current_medications\", \"insurance_company\", \"insurance_policy_number\", \"is_active\", \"notes\", \"created_at\" AS \"createdAt\", \"updated_at\" AS \"updatedAt\" FROM \"medical\".\"patients\" AS \"patients\" WHERE \"patients\".\"is_active\" = true ORDER BY \"createdAt\" DESC LIMIT 50 OFFSET 0;\u001b[39m","timestamp":"2025-12-03 22:50:45:5045"}
{"level":"\u001b[32minfo\u001b[39m","message":"\u001b[32m\u001b[0mGET /api/v1/medical/patients/?page=1&limit=50 \u001b[32m200\u001b[0m 64.990 ms - 1074\u001b[0m\u001b[39m","timestamp":"2025-12-03 22:50:45:5045"}
{"level":"\u001b[32minfo\u001b[39m","message":"\u001b[32m🚀 Server is running on port 3000\u001b[39m","timestamp":"2025-12-03 22:54:06:546"}
{"level":"\u001b[32minfo\u001b[39m","message":"\u001b[32m📚 API Documentation: http://localhost:3000/api-docs\u001b[39m","timestamp":"2025-12-03 22:54:06:546"}
{"level":"\u001b[32minfo\u001b[39m","message":"\u001b[32m🔍 API v1: http://localhost:3000/api/v1\u001b[39m","timestamp":"2025-12-03 22:54:06:546"}
{"level":"\u001b[32minfo\u001b[39m","message":"\u001b[32m❤️  Health check: http://localhost:3000/health\u001b[39m","timestamp":"2025-12-03 22:54:06:546"}
{"level":"\u001b[37mdebug\u001b[39m","message":"\u001b[37mExecuting (default): SELECT 1+1 AS result\u001b[39m","timestamp":"2025-12-03 22:54:06:546"}
{"level":"\u001b[32minfo\u001b[39m","message":"\u001b[32m✅ Database connection established successfully\u001b[39m","timestamp":"2025-12-03 22:54:06:546"}
{"level":"\u001b[32minfo\u001b[39m","message":"\u001b[32m📊 Connected to: dev-cmdv@localhost\u001b[39m","timestamp":"2025-12-03 22:54:06:546"}
{"level":"\u001b[32minfo\u001b[39m","message":"\u001b[32m🚀 Server is running on port 3000\u001b[39m","timestamp":"2025-12-03 22:57:16:5716"}
{"level":"\u001b[32minfo\u001b[39m","message":"\u001b[32m📚 API Documentation: http://localhost:3000/api-docs\u001b[39m","timestamp":"2025-12-03 22:57:16:5716"}
{"level":"\u001b[32minfo\u001b[39m","message":"\u001b[32m🔍 API v1: http://localhost:3000/api/v1\u001b[39m","timestamp":"2025-12-03 22:57:16:5716"}
{"level":"\u001b[32minfo\u001b[39m","message":"\u001b[32m❤️  Health check: http://localhost:3000/health\u001b[39m","timestamp":"2025-12-03 22:57:16:5716"}
{"level":"\u001b[37mdebug\u001b[39m","message":"\u001b[37mExecuting (default): SELECT 1+1 AS result\u001b[39m","timestamp":"2025-12-03 22:57:16:5716"}
{"level":"\u001b[32minfo\u001b[39m","message":"\u001b[32m✅ Database connection established successfully\u001b[39m","timestamp":"2025-12-03 22:57:16:5716"}
{"level":"\u001b[32minfo\u001b[39m","message":"\u001b[32m📊 Connected to: dev-cmdv@localhost\u001b[39m","timestamp":"2025-12-03 22:57:16:5716"}
{"level":"\u001b[32minfo\u001b[39m","message":"\u001b[32m🚀 Server is running on port 3000\u001b[39m","timestamp":"2025-12-03 23:06:06:66"}
{"level":"\u001b[32minfo\u001b[39m","message":"\u001b[32m📚 API Documentation: http://localhost:3000/api-docs\u001b[39m","timestamp":"2025-12-03 23:06:06:66"}
{"level":"\u001b[32minfo\u001b[39m","message":"\u001b[32m🔍 API v1: http://localhost:3000/api/v1\u001b[39m","timestamp":"2025-12-03 23:06:06:66"}
{"level":"\u001b[32minfo\u001b[39m","message":"\u001b[32m❤️  Health check: http://localhost:3000/health\u001b[39m","timestamp":"2025-12-03 23:06:06:66"}
{"level":"\u001b[37mdebug\u001b[39m","message":"\u001b[37mExecuting (default): SELECT 1+1 AS result\u001b[39m","timestamp":"2025-12-03 23:06:06:66"}
{"level":"\u001b[32minfo\u001b[39m","message":"\u001b[32m✅ Database connection established successfully\u001b[39m","timestamp":"2025-12-03 23:06:06:66"}
{"level":"\u001b[32minfo\u001b[39m","message":"\u001b[32m📊 Connected to: dev-cmdv@localhost\u001b[39m","timestamp":"2025-12-03 23:06:06:66"}
{"level":"\u001b[32minfo\u001b[39m","message":"\u001b[32m🚀 Server is running on port 3000\u001b[39m","timestamp":"2025-12-03 23:06:21:621"}
{"level":"\u001b[32minfo\u001b[39m","message":"\u001b[32m📚 API Documentation: http://localhost:3000/api-docs\u001b[39m","timestamp":"2025-12-03 23:06:21:621"}
{"level":"\u001b[32minfo\u001b[39m","message":"\u001b[32m🔍 API v1: http://localhost:3000/api/v1\u001b[39m","timestamp":"2025-12-03 23:06:21:621"}
{"level":"\u001b[32minfo\u001b[39m","message":"\u001b[32m❤️  Health check: http://localhost:3000/health\u001b[39m","timestamp":"2025-12-03 23:06:21:621"}
{"level":"\u001b[37mdebug\u001b[39m","message":"\u001b[37mExecuting (default): SELECT 1+1 AS result\u001b[39m","timestamp":"2025-12-03 23:06:21:621"}
{"level":"\u001b[32minfo\u001b[39m","message":"\u001b[32m✅ Database connection established successfully\u001b[39m","timestamp":"2025-12-03 23:06:21:621"}
{"level":"\u001b[32minfo\u001b[39m","message":"\u001b[32m📊 Connected to: dev-cmdv@localhost\u001b[39m","timestamp":"2025-12-03 23:06:21:621"}
{"level":"\u001b[32minfo\u001b[39m","message":"\u001b[32m🚀 Server is running on port 3000\u001b[39m","timestamp":"2025-12-03 23:08:05:85"}
{"level":"\u001b[32minfo\u001b[39m","message":"\u001b[32m📚 API Documentation: http://localhost:3000/api-docs\u001b[39m","timestamp":"2025-12-03 23:08:05:85"}
{"level":"\u001b[32minfo\u001b[39m","message":"\u001b[32m🔍 API v1: http://localhost:3000/api/v1\u001b[39m","timestamp":"2025-12-03 23:08:05:85"}
{"level":"\u001b[32minfo\u001b[39m","message":"\u001b[32m❤️  Health check: http://localhost:3000/health\u001b[39m","timestamp":"2025-12-03 23:08:05:85"}
{"level":"\u001b[37mdebug\u001b[39m","message":"\u001b[37mExecuting (default): SELECT 1+1 AS result\u001b[39m","timestamp":"2025-12-03 23:08:05:85"}
{"level":"\u001b[32minfo\u001b[39m","message":"\u001b[32m✅ Database connection established successfully\u001b[39m","timestamp":"2025-12-03 23:08:05:85"}
{"level":"\u001b[32minfo\u001b[39m","message":"\u001b[32m📊 Connected to: dev-cmdv@localhost\u001b[39m","timestamp":"2025-12-03 23:08:05:85"}
{"level":"\u001b[32minfo\u001b[39m","message":"\u001b[32m🚀 Server is running on port 3000\u001b[39m","timestamp":"2025-12-03 23:09:09:99"}
{"level":"\u001b[32minfo\u001b[39m","message":"\u001b[32m📚 API Documentation: http://localhost:3000/api-docs\u001b[39m","timestamp":"2025-12-03 23:09:09:99"}
{"level":"\u001b[32minfo\u001b[39m","message":"\u001b[32m🔍 API v1: http://localhost:3000/api/v1\u001b[39m","timestamp":"2025-12-03 23:09:09:99"}
{"level":"\u001b[32minfo\u001b[39m","message":"\u001b[32m❤️  Health check: http://localhost:3000/health\u001b[39m","timestamp":"2025-12-03 23:09:09:99"}
{"level":"\u001b[37mdebug\u001b[39m","message":"\u001b[37mExecuting (default): SELECT 1+1 AS result\u001b[39m","timestamp":"2025-12-03 23:09:09:99"}
{"level":"\u001b[32minfo\u001b[39m","message":"\u001b[32m✅ Database connection established successfully\u001b[39m","timestamp":"2025-12-03 23:09:09:99"}
{"level":"\u001b[32minfo\u001b[39m","message":"\u001b[32m📊 Connected to: dev-cmdv@localhost\u001b[39m","timestamp":"2025-12-03 23:09:09:99"}
{"level":"\u001b[32minfo\u001b[39m","message":"\u001b[32m🚀 Server is running on port 3000\u001b[39m","timestamp":"2025-12-03 23:09:50:950"}
{"level":"\u001b[32minfo\u001b[39m","message":"\u001b[32m📚 API Documentation: http://localhost:3000/api-docs\u001b[39m","timestamp":"2025-12-03 23:09:50:950"}
{"level":"\u001b[32minfo\u001b[39m","message":"\u001b[32m🔍 API v1: http://localhost:3000/api/v1\u001b[39m","timestamp":"2025-12-03 23:09:50:950"}
{"level":"\u001b[32minfo\u001b[39m","message":"\u001b[32m❤️  Health check: http://localhost:3000/health\u001b[39m","timestamp":"2025-12-03 23:09:50:950"}
{"level":"\u001b[37mdebug\u001b[39m","message":"\u001b[37mExecuting (default): SELECT 1+1 AS result\u001b[39m","timestamp":"2025-12-03 23:09:50:950"}
{"level":"\u001b[32minfo\u001b[39m","message":"\u001b[32m✅ Database connection established successfully\u001b[39m","timestamp":"2025-12-03 23:09:50:950"}
{"level":"\u001b[32minfo\u001b[39m","message":"\u001b[32m📊 Connected to: dev-cmdv@localhost\u001b[39m","timestamp":"2025-12-03 23:09:50:950"}
{"level":"\u001b[32minfo\u001b[39m","message":"\u001b[32m🚀 Server is running on port 3000\u001b[39m","timestamp":"2025-12-03 23:10:56:1056"}
{"level":"\u001b[32minfo\u001b[39m","message":"\u001b[32m📚 API Documentation: http://localhost:3000/api-docs\u001b[39m","timestamp":"2025-12-03 23:10:56:1056"}
{"level":"\u001b[32minfo\u001b[39m","message":"\u001b[32m🔍 API v1: http://localhost:3000/api/v1\u001b[39m","timestamp":"2025-12-03 23:10:56:1056"}
{"level":"\u001b[32minfo\u001b[39m","message":"\u001b[32m❤️  Health check: http://localhost:3000/health\u001b[39m","timestamp":"2025-12-03 23:10:56:1056"}
{"level":"\u001b[37mdebug\u001b[39m","message":"\u001b[37mExecuting (default): SELECT 1+1 AS result\u001b[39m","timestamp":"2025-12-03 23:10:57:1057"}
{"level":"\u001b[32minfo\u001b[39m","message":"\u001b[32m✅ Database connection established successfully\u001b[39m","timestamp":"2025-12-03 23:10:57:1057"}
{"level":"\u001b[32minfo\u001b[39m","message":"\u001b[32m📊 Connected to: dev-cmdv@localhost\u001b[39m","timestamp":"2025-12-03 23:10:57:1057"}
{"level":"\u001b[32minfo\u001b[39m","message":"\u001b[32m🚀 Server is running on port 3000\u001b[39m","timestamp":"2025-12-03 23:11:36:1136"}
{"level":"\u001b[32minfo\u001b[39m","message":"\u001b[32m📚 API Documentation: http://localhost:3000/api-docs\u001b[39m","timestamp":"2025-12-03 23:11:36:1136"}
{"level":"\u001b[32minfo\u001b[39m","message":"\u001b[32m🔍 API v1: http://localhost:3000/api/v1\u001b[39m","timestamp":"2025-12-03 23:11:36:1136"}
{"level":"\u001b[32minfo\u001b[39m","message":"\u001b[32m❤️  Health check: http://localhost:3000/health\u001b[39m","timestamp":"2025-12-03 23:11:36:1136"}
{"level":"\u001b[37mdebug\u001b[39m","message":"\u001b[37mExecuting (default): SELECT 1+1 AS result\u001b[39m","timestamp":"2025-12-03 23:11:36:1136"}
{"level":"\u001b[32minfo\u001b[39m","message":"\u001b[32m✅ Database connection established successfully\u001b[39m","timestamp":"2025-12-03 23:11:36:1136"}
{"level":"\u001b[32minfo\u001b[39m","message":"\u001b[32m📊 Connected to: dev-cmdv@localhost\u001b[39m","timestamp":"2025-12-03 23:11:36:1136"}
{"level":"\u001b[32minfo\u001b[39m","message":"\u001b[32m🚀 Server is running on port 3000\u001b[39m","timestamp":"2025-12-03 23:12:36:1236"}
{"level":"\u001b[32minfo\u001b[39m","message":"\u001b[32m📚 API Documentation: http://localhost:3000/api-docs\u001b[39m","timestamp":"2025-12-03 23:12:36:1236"}
{"level":"\u001b[32minfo\u001b[39m","message":"\u001b[32m🔍 API v1: http://localhost:3000/api/v1\u001b[39m","timestamp":"2025-12-03 23:12:36:1236"}
{"level":"\u001b[32minfo\u001b[39m","message":"\u001b[32m❤️  Health check: http://localhost:3000/health\u001b[39m","timestamp":"2025-12-03 23:12:36:1236"}
{"level":"\u001b[37mdebug\u001b[39m","message":"\u001b[37mExecuting (default): SELECT 1+1 AS result\u001b[39m","timestamp":"2025-12-03 23:12:36:1236"}
{"level":"\u001b[32minfo\u001b[39m","message":"\u001b[32m✅ Database connection established successfully\u001b[39m","timestamp":"2025-12-03 23:12:36:1236"}
{"level":"\u001b[32minfo\u001b[39m","message":"\u001b[32m📊 Connected to: dev-cmdv@localhost\u001b[39m","timestamp":"2025-12-03 23:12:36:1236"}
{"level":"\u001b[32minfo\u001b[39m","message":"\u001b[32m🚀 Server is running on port 3000\u001b[39m","timestamp":"2025-12-03 23:14:07:147"}
{"level":"\u001b[32minfo\u001b[39m","message":"\u001b[32m📚 API Documentation: http://localhost:3000/api-docs\u001b[39m","timestamp":"2025-12-03 23:14:07:147"}
{"level":"\u001b[32minfo\u001b[39m","message":"\u001b[32m🔍 API v1: http://localhost:3000/api/v1\u001b[39m","timestamp":"2025-12-03 23:14:07:147"}
{"level":"\u001b[32minfo\u001b[39m","message":"\u001b[32m❤️  Health check: http://localhost:3000/health\u001b[39m","timestamp":"2025-12-03 23:14:07:147"}
{"level":"\u001b[37mdebug\u001b[39m","message":"\u001b[37mExecuting (default): SELECT 1+1 AS result\u001b[39m","timestamp":"2025-12-03 23:14:07:147"}
{"level":"\u001b[32minfo\u001b[39m","message":"\u001b[32m✅ Database connection established successfully\u001b[39m","timestamp":"2025-12-03 23:14:07:147"}
{"level":"\u001b[32minfo\u001b[39m","message":"\u001b[32m📊 Connected to: dev-cmdv@localhost\u001b[39m","timestamp":"2025-12-03 23:14:07:147"}
{"level":"\u001b[32minfo\u001b[39m","message":"\u001b[32m🚀 Server is running on port 3000\u001b[39m","timestamp":"2025-12-03 23:15:54:1554"}
{"level":"\u001b[32minfo\u001b[39m","message":"\u001b[32m📚 API Documentation: http://localhost:3000/api-docs\u001b[39m","timestamp":"2025-12-03 23:15:54:1554"}
{"level":"\u001b[32minfo\u001b[39m","message":"\u001b[32m🔍 API v1: http://localhost:3000/api/v1\u001b[39m","timestamp":"2025-12-03 23:15:54:1554"}
{"level":"\u001b[32minfo\u001b[39m","message":"\u001b[32m❤️  Health check: http://localhost:3000/health\u001b[39m","timestamp":"2025-12-03 23:15:54:1554"}
{"level":"\u001b[37mdebug\u001b[39m","message":"\u001b[37mExecuting (default): SELECT 1+1 AS result\u001b[39m","timestamp":"2025-12-03 23:15:54:1554"}
{"level":"\u001b[32minfo\u001b[39m","message":"\u001b[32m✅ Database connection established successfully\u001b[39m","timestamp":"2025-12-03 23:15:54:1554"}
{"level":"\u001b[32minfo\u001b[39m","message":"\u001b[32m📊 Connected to: dev-cmdv@localhost\u001b[39m","timestamp":"2025-12-03 23:15:54:1554"}
{"level":"\u001b[32minfo\u001b[39m","message":"\u001b[32m🚀 Server is running on port 3000\u001b[39m","timestamp":"2025-12-03 23:17:31:1731"}
{"level":"\u001b[32minfo\u001b[39m","message":"\u001b[32m📚 API Documentation: http://localhost:3000/api-docs\u001b[39m","timestamp":"2025-12-03 23:17:31:1731"}
{"level":"\u001b[32minfo\u001b[39m","message":"\u001b[32m🔍 API v1: http://localhost:3000/api/v1\u001b[39m","timestamp":"2025-12-03 23:17:31:1731"}
{"level":"\u001b[32minfo\u001b[39m","message":"\u001b[32m❤️  Health check: http://localhost:3000/health\u001b[39m","timestamp":"2025-12-03 23:17:31:1731"}
{"level":"\u001b[37mdebug\u001b[39m","message":"\u001b[37mExecuting (default): SELECT 1+1 AS result\u001b[39m","timestamp":"2025-12-03 23:17:31:1731"}
{"level":"\u001b[32minfo\u001b[39m","message":"\u001b[32m✅ Database connection established successfully\u001b[39m","timestamp":"2025-12-03 23:17:31:1731"}
{"level":"\u001b[32minfo\u001b[39m","message":"\u001b[32m📊 Connected to: dev-cmdv@localhost\u001b[39m","timestamp":"2025-12-03 23:17:31:1731"}
{"level":"\u001b[32minfo\u001b[39m","message":"\u001b[32m🚀 Server is running on port 3000\u001b[39m","timestamp":"2025-12-03 23:19:27:1927"}
{"level":"\u001b[32minfo\u001b[39m","message":"\u001b[32m📚 API Documentation: http://localhost:3000/api-docs\u001b[39m","timestamp":"2025-12-03 23:19:27:1927"}
{"level":"\u001b[32minfo\u001b[39m","message":"\u001b[32m🔍 API v1: http://localhost:3000/api/v1\u001b[39m","timestamp":"2025-12-03 23:19:27:1927"}
{"level":"\u001b[32minfo\u001b[39m","message":"\u001b[32m❤️  Health check: http://localhost:3000/health\u001b[39m","timestamp":"2025-12-03 23:19:27:1927"}
{"level":"\u001b[37mdebug\u001b[39m","message":"\u001b[37mExecuting (default): SELECT 1+1 AS result\u001b[39m","timestamp":"2025-12-03 23:19:27:1927"}
{"level":"\u001b[32minfo\u001b[39m","message":"\u001b[32m✅ Database connection established successfully\u001b[39m","timestamp":"2025-12-03 23:19:27:1927"}
{"level":"\u001b[32minfo\u001b[39m","message":"\u001b[32m📊 Connected to: dev-cmdv@localhost\u001b[39m","timestamp":"2025-12-03 23:19:27:1927"}
{"level":"\u001b[32minfo\u001b[39m","message":"\u001b[32m🚀 Server is running on port 3000\u001b[39m","timestamp":"2025-12-03 23:19:43:1943"}
{"level":"\u001b[32minfo\u001b[39m","message":"\u001b[32m📚 API Documentation: http://localhost:3000/api-docs\u001b[39m","timestamp":"2025-12-03 23:19:43:1943"}
{"level":"\u001b[32minfo\u001b[39m","message":"\u001b[32m🔍 API v1: http://localhost:3000/api/v1\u001b[39m","timestamp":"2025-12-03 23:19:43:1943"}
{"level":"\u001b[32minfo\u001b[39m","message":"\u001b[32m❤️  Health check: http://localhost:3000/health\u001b[39m","timestamp":"2025-12-03 23:19:43:1943"}
{"level":"\u001b[37mdebug\u001b[39m","message":"\u001b[37mExecuting (default): SELECT 1+1 AS result\u001b[39m","timestamp":"2025-12-03 23:19:43:1943"}
{"level":"\u001b[32minfo\u001b[39m","message":"\u001b[32m✅ Database connection established successfully\u001b[39m","timestamp":"2025-12-03 23:19:43:1943"}
{"level":"\u001b[32minfo\u001b[39m","message":"\u001b[32m📊 Connected to: dev-cmdv@localhost\u001b[39m","timestamp":"2025-12-03 23:19:43:1943"}
{"level":"\u001b[32minfo\u001b[39m","message":"\u001b[32m🚀 Server is running on port 3000\u001b[39m","timestamp":"2025-12-03 23:24:10:2410"}
{"level":"\u001b[32minfo\u001b[39m","message":"\u001b[32m📚 API Documentation: http://localhost:3000/api-docs\u001b[39m","timestamp":"2025-12-03 23:24:10:2410"}
{"level":"\u001b[32minfo\u001b[39m","message":"\u001b[32m🔍 API v1: http://localhost:3000/api/v1\u001b[39m","timestamp":"2025-12-03 23:24:10:2410"}
{"level":"\u001b[32minfo\u001b[39m","message":"\u001b[32m❤️  Health check: http://localhost:3000/health\u001b[39m","timestamp":"2025-12-03 23:24:10:2410"}
{"level":"\u001b[37mdebug\u001b[39m","message":"\u001b[37mExecuting (default): SELECT 1+1 AS result\u001b[39m","timestamp":"2025-12-03 23:24:10:2410"}
{"level":"\u001b[32minfo\u001b[39m","message":"\u001b[32m✅ Database connection established successfully\u001b[39m","timestamp":"2025-12-03 23:24:10:2410"}
{"level":"\u001b[32minfo\u001b[39m","message":"\u001b[32m📊 Connected to: dev-cmdv@localhost\u001b[39m","timestamp":"2025-12-03 23:24:10:2410"}
{"level":"\u001b[32minfo\u001b[39m","message":"\u001b[32m🚀 Server is running on port 3000\u001b[39m","timestamp":"2025-12-03 23:24:36:2436"}
{"level":"\u001b[32minfo\u001b[39m","message":"\u001b[32m📚 API Documentation: http://localhost:3000/api-docs\u001b[39m","timestamp":"2025-12-03 23:24:36:2436"}
{"level":"\u001b[32minfo\u001b[39m","message":"\u001b[32m🔍 API v1: http://localhost:3000/api/v1\u001b[39m","timestamp":"2025-12-03 23:24:36:2436"}
{"level":"\u001b[32minfo\u001b[39m","message":"\u001b[32m❤️  Health check: http://localhost:3000/health\u001b[39m","timestamp":"2025-12-03 23:24:36:2436"}
{"level":"\u001b[37mdebug\u001b[39m","message":"\u001b[37mExecuting (default): SELECT 1+1 AS result\u001b[39m","timestamp":"2025-12-03 23:24:36:2436"}
{"level":"\u001b[32minfo\u001b[39m","message":"\u001b[32m✅ Database connection established successfully\u001b[39m","timestamp":"2025-12-03 23:24:36:2436"}
{"level":"\u001b[32minfo\u001b[39m","message":"\u001b[32m📊 Connected to: dev-cmdv@localhost\u001b[39m","timestamp":"2025-12-03 23:24:36:2436"}
{"level":"\u001b[32minfo\u001b[39m","message":"\u001b[32m🚀 Server is running on port 3000\u001b[39m","timestamp":"2025-12-03 23:25:31:2531"}
{"level":"\u001b[32minfo\u001b[39m","message":"\u001b[32m📚 API Documentation: http://localhost:3000/api-docs\u001b[39m","timestamp":"2025-12-03 23:25:31:2531"}
{"level":"\u001b[32minfo\u001b[39m","message":"\u001b[32m🔍 API v1: http://localhost:3000/api/v1\u001b[39m","timestamp":"2025-12-03 23:25:31:2531"}
{"level":"\u001b[32minfo\u001b[39m","message":"\u001b[32m❤️  Health check: http://localhost:3000/health\u001b[39m","timestamp":"2025-12-03 23:25:31:2531"}
{"level":"\u001b[37mdebug\u001b[39m","message":"\u001b[37mExecuting (default): SELECT 1+1 AS result\u001b[39m","timestamp":"2025-12-03 23:25:31:2531"}
{"level":"\u001b[32minfo\u001b[39m","message":"\u001b[32m✅ Database connection established successfully\u001b[39m","timestamp":"2025-12-03 23:25:31:2531"}
{"level":"\u001b[32minfo\u001b[39m","message":"\u001b[32m📊 Connected to: dev-cmdv@localhost\u001b[39m","timestamp":"2025-12-03 23:25:31:2531"}
{"level":"\u001b[32minfo\u001b[39m","message":"\u001b[32m🚀 Server is running on port 3000\u001b[39m","timestamp":"2025-12-03 23:31:40:3140"}
{"level":"\u001b[32minfo\u001b[39m","message":"\u001b[32m📚 API Documentation: http://localhost:3000/api-docs\u001b[39m","timestamp":"2025-12-03 23:31:40:3140"}
{"level":"\u001b[32minfo\u001b[39m","message":"\u001b[32m🔍 API v1: http://localhost:3000/api/v1\u001b[39m","timestamp":"2025-12-03 23:31:40:3140"}
{"level":"\u001b[32minfo\u001b[39m","message":"\u001b[32m❤️  Health check: http://localhost:3000/health\u001b[39m","timestamp":"2025-12-03 23:31:40:3140"}
{"level":"\u001b[37mdebug\u001b[39m","message":"\u001b[37mExecuting (default): SELECT 1+1 AS result\u001b[39m","timestamp":"2025-12-03 23:31:41:3141"}
{"level":"\u001b[32minfo\u001b[39m","message":"\u001b[32m✅ Database connection established successfully\u001b[39m","timestamp":"2025-12-03 23:31:41:3141"}
{"level":"\u001b[32minfo\u001b[39m","message":"\u001b[32m📊 Connected to: dev-cmdv@localhost\u001b[39m","timestamp":"2025-12-03 23:31:41:3141"}
{"level":"\u001b[37mdebug\u001b[39m","message":"\u001b[37mExecuting (default): SELECT \"id\", \"file_number\", \"first_name\", \"last_name\", \"identification_number\", \"date_of_birth\", \"gender\", \"blood_type\", \"phone\", \"mobile\", \"email\", \"address\", \"city\", \"state\", \"zip_code\", \"emergency_contact_name\", \"emergency_contact_phone\", \"emergency_contact_relationship\", \"allergies\", \"chronic_conditions\", \"current_medications\", \"insurance_company\", \"insurance_policy_number\", \"is_active\", \"notes\", \"created_at\" AS \"createdAt\", \"updated_at\" AS \"updatedAt\" FROM \"medical\".\"patients\" AS \"patients\" WHERE \"patients\".\"id\" = ':id';\u001b[39m","timestamp":"2025-12-03 23:32:26:3226"}
{"level":"\u001b[31merror\u001b[39m","message":"\u001b[31mError finding patient by ID: SequelizeDatabaseError: invalid input syntax for type uuid: \":id\"\u001b[39m","timestamp":"2025-12-03 23:32:26:3226"}
{"level":"\u001b[32minfo\u001b[39m","message":"\u001b[32m\u001b[0mGET /api/v1/medical/patients/:id \u001b[33m404\u001b[0m 153.043 ms - 70\u001b[0m\u001b[39m","timestamp":"2025-12-03 23:32:26:3226"}
{"level":"\u001b[37mdebug\u001b[39m","message":"\u001b[37mExecuting (default): SELECT count(*) AS \"count\" FROM \"medical\".\"rooms\" AS \"rooms\" WHERE \"rooms\".\"is_active\" = true;\u001b[39m","timestamp":"2025-12-03 23:40:43:4043"}
{"level":"\u001b[37mdebug\u001b[39m","message":"\u001b[37mExecuting (default): SELECT \"id\", \"room_number\", \"room_type\", \"floor\", \"capacity\", \"daily_rate\", \"has_bathroom\", \"has_oxygen\", \"has_monitor\", \"equipment\", \"status\", \"is_active\", \"created_at\" AS \"createdAt\", \"updated_at\" AS \"updatedAt\" FROM \"medical\".\"rooms\" AS \"rooms\" WHERE \"rooms\".\"is_active\" = true ORDER BY \"createdAt\" DESC LIMIT 50 OFFSET 0;\u001b[39m","timestamp":"2025-12-03 23:40:43:4043"}
{"level":"\u001b[31merror\u001b[39m","message":"\u001b[31mError finding rooms: SequelizeDatabaseError: column \"updated_at\" does not exist\u001b[39m","timestamp":"2025-12-03 23:40:43:4043"}
{"level":"\u001b[32minfo\u001b[39m","message":"\u001b[32m\u001b[0mGET /api/v1/medical/rooms/?limit=50&page=1 \u001b[31m500\u001b[0m 257.231 ms - 77\u001b[0m\u001b[39m","timestamp":"2025-12-03 23:40:43:4043"}
{"level":"\u001b[32minfo\u001b[39m","message":"\u001b[32m🚀 Server is running on port 3000\u001b[39m","timestamp":"2025-12-03 23:41:17:4117"}
{"level":"\u001b[32minfo\u001b[39m","message":"\u001b[32m📚 API Documentation: http://localhost:3000/api-docs\u001b[39m","timestamp":"2025-12-03 23:41:17:4117"}
{"level":"\u001b[32minfo\u001b[39m","message":"\u001b[32m🔍 API v1: http://localhost:3000/api/v1\u001b[39m","timestamp":"2025-12-03 23:41:17:4117"}
{"level":"\u001b[32minfo\u001b[39m","message":"\u001b[32m❤️  Health check: http://localhost:3000/health\u001b[39m","timestamp":"2025-12-03 23:41:17:4117"}
{"level":"\u001b[37mdebug\u001b[39m","message":"\u001b[37mExecuting (default): SELECT 1+1 AS result\u001b[39m","timestamp":"2025-12-03 23:41:17:4117"}
{"level":"\u001b[32minfo\u001b[39m","message":"\u001b[32m✅ Database connection established successfully\u001b[39m","timestamp":"2025-12-03 23:41:17:4117"}
{"level":"\u001b[32minfo\u001b[39m","message":"\u001b[32m📊 Connected to: dev-cmdv@localhost\u001b[39m","timestamp":"2025-12-03 23:41:17:4117"}
{"level":"\u001b[37mdebug\u001b[39m","message":"\u001b[37mExecuting (default): SELECT count(*) AS \"count\" FROM \"medical\".\"rooms\" AS \"rooms\" WHERE \"rooms\".\"is_active\" = true;\u001b[39m","timestamp":"2025-12-03 23:41:19:4119"}
{"level":"\u001b[37mdebug\u001b[39m","message":"\u001b[37mExecuting (default): SELECT \"id\", \"room_number\", \"room_type\", \"floor\", \"capacity\", \"daily_rate\", \"has_bathroom\", \"has_oxygen\", \"has_monitor\", \"equipment\", \"status\", \"is_active\", \"created_at\" AS \"createdAt\" FROM \"medical\".\"rooms\" AS \"rooms\" WHERE \"rooms\".\"is_active\" = true ORDER BY \"createdAt\" DESC LIMIT 50 OFFSET 0;\u001b[39m","timestamp":"2025-12-03 23:41:19:4119"}
{"level":"\u001b[32minfo\u001b[39m","message":"\u001b[32m\u001b[0mGET /api/v1/medical/rooms/?limit=50&page=1 \u001b[32m200\u001b[0m 50.044 ms - 3578\u001b[0m\u001b[39m","timestamp":"2025-12-03 23:41:19:4119"}
{"level":"\u001b[37mdebug\u001b[39m","message":"\u001b[37mExecuting (default): SELECT count(*) AS \"count\" FROM \"medical\".\"rooms\" AS \"rooms\" WHERE \"rooms\".\"is_active\" = true;\u001b[39m","timestamp":"2025-12-03 23:41:42:4142"}
{"level":"\u001b[37mdebug\u001b[39m","message":"\u001b[37mExecuting (default): SELECT \"id\", \"room_number\", \"room_type\", \"floor\", \"capacity\", \"daily_rate\", \"has_bathroom\", \"has_oxygen\", \"has_monitor\", \"equipment\", \"status\", \"is_active\", \"created_at\" AS \"createdAt\" FROM \"medical\".\"rooms\" AS \"rooms\" WHERE \"rooms\".\"is_active\" = true ORDER BY \"createdAt\" DESC LIMIT 50 OFFSET 0;\u001b[39m","timestamp":"2025-12-03 23:41:42:4142"}
{"level":"\u001b[32minfo\u001b[39m","message":"\u001b[32m\u001b[0mGET /api/v1/medical/rooms/?limit=50&page=1&isActive=true \u001b[32m200\u001b[0m 33.266 ms - 3578\u001b[0m\u001b[39m","timestamp":"2025-12-03 23:41:42:4142"}
{"level":"\u001b[37mdebug\u001b[39m","message":"\u001b[37mExecuting (default): SELECT count(*) AS \"count\" FROM \"medical\".\"rooms\" AS \"rooms\" WHERE \"rooms\".\"is_active\" = true;\u001b[39m","timestamp":"2025-12-03 23:41:47:4147"}
{"level":"\u001b[37mdebug\u001b[39m","message":"\u001b[37mExecuting (default): SELECT \"id\", \"room_number\", \"room_type\", \"floor\", \"capacity\", \"daily_rate\", \"has_bathroom\", \"has_oxygen\", \"has_monitor\", \"equipment\", \"status\", \"is_active\", \"created_at\" AS \"createdAt\" FROM \"medical\".\"rooms\" AS \"rooms\" WHERE \"rooms\".\"is_active\" = true ORDER BY \"createdAt\" DESC LIMIT 50 OFFSET 0;\u001b[39m","timestamp":"2025-12-03 23:41:47:4147"}
{"level":"\u001b[32minfo\u001b[39m","message":"\u001b[32m\u001b[0mGET /api/v1/medical/rooms/?limit=50&page=1&roomType=NORMAL&isActive=true \u001b[32m200\u001b[0m 10.921 ms - 3578\u001b[0m\u001b[39m","timestamp":"2025-12-03 23:41:47:4147"}
{"level":"\u001b[32minfo\u001b[39m","message":"\u001b[32m🚀 Server is running on port 3000\u001b[39m","timestamp":"2025-12-03 23:42:26:4226"}
{"level":"\u001b[32minfo\u001b[39m","message":"\u001b[32m📚 API Documentation: http://localhost:3000/api-docs\u001b[39m","timestamp":"2025-12-03 23:42:26:4226"}
{"level":"\u001b[32minfo\u001b[39m","message":"\u001b[32m🔍 API v1: http://localhost:3000/api/v1\u001b[39m","timestamp":"2025-12-03 23:42:26:4226"}
{"level":"\u001b[32minfo\u001b[39m","message":"\u001b[32m❤️  Health check: http://localhost:3000/health\u001b[39m","timestamp":"2025-12-03 23:42:26:4226"}
{"level":"\u001b[37mdebug\u001b[39m","message":"\u001b[37mExecuting (default): SELECT 1+1 AS result\u001b[39m","timestamp":"2025-12-03 23:42:26:4226"}
{"level":"\u001b[32minfo\u001b[39m","message":"\u001b[32m✅ Database connection established successfully\u001b[39m","timestamp":"2025-12-03 23:42:26:4226"}
{"level":"\u001b[32minfo\u001b[39m","message":"\u001b[32m📊 Connected to: dev-cmdv@localhost\u001b[39m","timestamp":"2025-12-03 23:42:26:4226"}
{"level":"\u001b[37mdebug\u001b[39m","message":"\u001b[37mExecuting (default): SELECT count(*) AS \"count\" FROM \"medical\".\"rooms\" AS \"rooms\" WHERE \"rooms\".\"is_active\" = true AND \"rooms\".\"room_type\" = 'NORMAL';\u001b[39m","timestamp":"2025-12-03 23:42:31:4231"}
{"level":"\u001b[37mdebug\u001b[39m","message":"\u001b[37mExecuting (default): SELECT \"id\", \"room_number\", \"room_type\", \"floor\", \"capacity\", \"daily_rate\", \"has_bathroom\", \"has_oxygen\", \"has_monitor\", \"equipment\", \"status\", \"is_active\", \"created_at\" AS \"createdAt\" FROM \"medical\".\"rooms\" AS \"rooms\" WHERE \"rooms\".\"is_active\" = true AND \"rooms\".\"room_type\" = 'NORMAL' ORDER BY \"createdAt\" DESC LIMIT 50 OFFSET 0;\u001b[39m","timestamp":"2025-12-03 23:42:31:4231"}
{"level":"\u001b[32minfo\u001b[39m","message":"\u001b[32m\u001b[0mGET /api/v1/medical/rooms/?limit=50&page=1&roomType=NORMAL&isActive=true \u001b[32m200\u001b[0m 55.243 ms - 2401\u001b[0m\u001b[39m","timestamp":"2025-12-03 23:42:31:4231"}
{"level":"\u001b[37mdebug\u001b[39m","message":"\u001b[37mExecuting (default): SELECT \"id\", \"room_number\", \"room_type\", \"floor\", \"capacity\", \"daily_rate\", \"has_bathroom\", \"has_oxygen\", \"has_monitor\", \"equipment\", \"status\", \"is_active\", \"created_at\" AS \"createdAt\" FROM \"medical\".\"rooms\" AS \"rooms\" WHERE \"rooms\".\"id\" = '7165c7ce-93ae-4e22-b81a-972c1df3264b';\u001b[39m","timestamp":"2025-12-03 23:42:44:4244"}
{"level":"\u001b[32minfo\u001b[39m","message":"\u001b[32m\u001b[0mGET /api/v1/medical/rooms/7165c7ce-93ae-4e22-b81a-972c1df3264b \u001b[32m200\u001b[0m 29.180 ms - 359\u001b[0m\u001b[39m","timestamp":"2025-12-03 23:42:44:4244"}
{"level":"\u001b[32minfo\u001b[39m","message":"\u001b[32m🚀 Server is running on port 3000\u001b[39m","timestamp":"2025-12-04 09:50:16:5016"}
{"level":"\u001b[32minfo\u001b[39m","message":"\u001b[32m📚 API Documentation: http://localhost:3000/api-docs\u001b[39m","timestamp":"2025-12-04 09:50:16:5016"}
{"level":"\u001b[32minfo\u001b[39m","message":"\u001b[32m🔍 API v1: http://localhost:3000/api/v1\u001b[39m","timestamp":"2025-12-04 09:50:16:5016"}
{"level":"\u001b[32minfo\u001b[39m","message":"\u001b[32m❤️  Health check: http://localhost:3000/health\u001b[39m","timestamp":"2025-12-04 09:50:16:5016"}
{"level":"\u001b[37mdebug\u001b[39m","message":"\u001b[37mExecuting (default): SELECT 1+1 AS result\u001b[39m","timestamp":"2025-12-04 09:50:16:5016"}
{"level":"\u001b[32minfo\u001b[39m","message":"\u001b[32m✅ Database connection established successfully\u001b[39m","timestamp":"2025-12-04 09:50:16:5016"}
{"level":"\u001b[32minfo\u001b[39m","message":"\u001b[32m📊 Connected to: dev-cmdv@localhost\u001b[39m","timestamp":"2025-12-04 09:50:16:5016"}
{"level":"\u001b[32minfo\u001b[39m","message":"\u001b[32m🚀 Server is running on port 3000\u001b[39m","timestamp":"2025-12-04 09:53:29:5329"}
{"level":"\u001b[32minfo\u001b[39m","message":"\u001b[32m📚 API Documentation: http://localhost:3000/api-docs\u001b[39m","timestamp":"2025-12-04 09:53:29:5329"}
{"level":"\u001b[32minfo\u001b[39m","message":"\u001b[32m🔍 API v1: http://localhost:3000/api/v1\u001b[39m","timestamp":"2025-12-04 09:53:29:5329"}
{"level":"\u001b[32minfo\u001b[39m","message":"\u001b[32m❤️  Health check: http://localhost:3000/health\u001b[39m","timestamp":"2025-12-04 09:53:29:5329"}
{"level":"\u001b[37mdebug\u001b[39m","message":"\u001b[37mExecuting (default): SELECT 1+1 AS result\u001b[39m","timestamp":"2025-12-04 09:53:29:5329"}
{"level":"\u001b[32minfo\u001b[39m","message":"\u001b[32m✅ Database connection established successfully\u001b[39m","timestamp":"2025-12-04 09:53:29:5329"}
{"level":"\u001b[32minfo\u001b[39m","message":"\u001b[32m📊 Connected to: dev-cmdv@localhost\u001b[39m","timestamp":"2025-12-04 09:53:29:5329"}
{"level":"\u001b[32minfo\u001b[39m","message":"\u001b[32m🚀 Server is running on port 3000\u001b[39m","timestamp":"2025-12-04 09:54:42:5442"}
{"level":"\u001b[32minfo\u001b[39m","message":"\u001b[32m📚 API Documentation: http://localhost:3000/api-docs\u001b[39m","timestamp":"2025-12-04 09:54:42:5442"}
{"level":"\u001b[32minfo\u001b[39m","message":"\u001b[32m🔍 API v1: http://localhost:3000/api/v1\u001b[39m","timestamp":"2025-12-04 09:54:42:5442"}
{"level":"\u001b[32minfo\u001b[39m","message":"\u001b[32m❤️  Health check: http://localhost:3000/health\u001b[39m","timestamp":"2025-12-04 09:54:42:5442"}
{"level":"\u001b[37mdebug\u001b[39m","message":"\u001b[37mExecuting (default): SELECT 1+1 AS result\u001b[39m","timestamp":"2025-12-04 09:54:42:5442"}
{"level":"\u001b[32minfo\u001b[39m","message":"\u001b[32m✅ Database connection established successfully\u001b[39m","timestamp":"2025-12-04 09:54:42:5442"}
{"level":"\u001b[32minfo\u001b[39m","message":"\u001b[32m📊 Connected to: dev-cmdv@localhost\u001b[39m","timestamp":"2025-12-04 09:54:42:5442"}
{"level":"\u001b[32minfo\u001b[39m","message":"\u001b[32m🚀 Server is running on port 3000\u001b[39m","timestamp":"2025-12-04 09:54:58:5458"}
{"level":"\u001b[32minfo\u001b[39m","message":"\u001b[32m📚 API Documentation: http://localhost:3000/api-docs\u001b[39m","timestamp":"2025-12-04 09:54:58:5458"}
{"level":"\u001b[32minfo\u001b[39m","message":"\u001b[32m🔍 API v1: http://localhost:3000/api/v1\u001b[39m","timestamp":"2025-12-04 09:54:58:5458"}
{"level":"\u001b[32minfo\u001b[39m","message":"\u001b[32m❤️  Health check: http://localhost:3000/health\u001b[39m","timestamp":"2025-12-04 09:54:58:5458"}
{"level":"\u001b[37mdebug\u001b[39m","message":"\u001b[37mExecuting (default): SELECT 1+1 AS result\u001b[39m","timestamp":"2025-12-04 09:54:59:5459"}
{"level":"\u001b[32minfo\u001b[39m","message":"\u001b[32m✅ Database connection established successfully\u001b[39m","timestamp":"2025-12-04 09:54:59:5459"}
{"level":"\u001b[32minfo\u001b[39m","message":"\u001b[32m📊 Connected to: dev-cmdv@localhost\u001b[39m","timestamp":"2025-12-04 09:54:59:5459"}
{"level":"\u001b[32minfo\u001b[39m","message":"\u001b[32m🚀 Server is running on port 3000\u001b[39m","timestamp":"2025-12-04 09:56:10:5610"}
{"level":"\u001b[32minfo\u001b[39m","message":"\u001b[32m📚 API Documentation: http://localhost:3000/api-docs\u001b[39m","timestamp":"2025-12-04 09:56:10:5610"}
{"level":"\u001b[32minfo\u001b[39m","message":"\u001b[32m🔍 API v1: http://localhost:3000/api/v1\u001b[39m","timestamp":"2025-12-04 09:56:10:5610"}
{"level":"\u001b[32minfo\u001b[39m","message":"\u001b[32m❤️  Health check: http://localhost:3000/health\u001b[39m","timestamp":"2025-12-04 09:56:10:5610"}
{"level":"\u001b[37mdebug\u001b[39m","message":"\u001b[37mExecuting (default): SELECT 1+1 AS result\u001b[39m","timestamp":"2025-12-04 09:56:10:5610"}
{"level":"\u001b[32minfo\u001b[39m","message":"\u001b[32m✅ Database connection established successfully\u001b[39m","timestamp":"2025-12-04 09:56:10:5610"}
{"level":"\u001b[32minfo\u001b[39m","message":"\u001b[32m📊 Connected to: dev-cmdv@localhost\u001b[39m","timestamp":"2025-12-04 09:56:10:5610"}
{"level":"\u001b[32minfo\u001b[39m","message":"\u001b[32m🚀 Server is running on port 3000\u001b[39m","timestamp":"2025-12-04 09:56:27:5627"}
{"level":"\u001b[32minfo\u001b[39m","message":"\u001b[32m📚 API Documentation: http://localhost:3000/api-docs\u001b[39m","timestamp":"2025-12-04 09:56:27:5627"}
{"level":"\u001b[32minfo\u001b[39m","message":"\u001b[32m🔍 API v1: http://localhost:3000/api/v1\u001b[39m","timestamp":"2025-12-04 09:56:27:5627"}
{"level":"\u001b[32minfo\u001b[39m","message":"\u001b[32m❤️  Health check: http://localhost:3000/health\u001b[39m","timestamp":"2025-12-04 09:56:27:5627"}
{"level":"\u001b[37mdebug\u001b[39m","message":"\u001b[37mExecuting (default): SELECT 1+1 AS result\u001b[39m","timestamp":"2025-12-04 09:56:28:5628"}
{"level":"\u001b[32minfo\u001b[39m","message":"\u001b[32m✅ Database connection established successfully\u001b[39m","timestamp":"2025-12-04 09:56:28:5628"}
{"level":"\u001b[32minfo\u001b[39m","message":"\u001b[32m📊 Connected to: dev-cmdv@localhost\u001b[39m","timestamp":"2025-12-04 09:56:28:5628"}
{"level":"\u001b[32minfo\u001b[39m","message":"\u001b[32m🚀 Server is running on port 3000\u001b[39m","timestamp":"2025-12-04 09:58:23:5823"}
{"level":"\u001b[32minfo\u001b[39m","message":"\u001b[32m📚 API Documentation: http://localhost:3000/api-docs\u001b[39m","timestamp":"2025-12-04 09:58:23:5823"}
{"level":"\u001b[32minfo\u001b[39m","message":"\u001b[32m🔍 API v1: http://localhost:3000/api/v1\u001b[39m","timestamp":"2025-12-04 09:58:23:5823"}
{"level":"\u001b[32minfo\u001b[39m","message":"\u001b[32m❤️  Health check: http://localhost:3000/health\u001b[39m","timestamp":"2025-12-04 09:58:23:5823"}
{"level":"\u001b[37mdebug\u001b[39m","message":"\u001b[37mExecuting (default): SELECT 1+1 AS result\u001b[39m","timestamp":"2025-12-04 09:58:23:5823"}
{"level":"\u001b[32minfo\u001b[39m","message":"\u001b[32m✅ Database connection established successfully\u001b[39m","timestamp":"2025-12-04 09:58:23:5823"}
{"level":"\u001b[32minfo\u001b[39m","message":"\u001b[32m📊 Connected to: dev-cmdv@localhost\u001b[39m","timestamp":"2025-12-04 09:58:23:5823"}
{"level":"\u001b[32minfo\u001b[39m","message":"\u001b[32m🚀 Server is running on port 3000\u001b[39m","timestamp":"2025-12-04 09:59:02:592"}
{"level":"\u001b[32minfo\u001b[39m","message":"\u001b[32m📚 API Documentation: http://localhost:3000/api-docs\u001b[39m","timestamp":"2025-12-04 09:59:02:592"}
{"level":"\u001b[32minfo\u001b[39m","message":"\u001b[32m🔍 API v1: http://localhost:3000/api/v1\u001b[39m","timestamp":"2025-12-04 09:59:02:592"}
{"level":"\u001b[32minfo\u001b[39m","message":"\u001b[32m❤️  Health check: http://localhost:3000/health\u001b[39m","timestamp":"2025-12-04 09:59:02:592"}
{"level":"\u001b[37mdebug\u001b[39m","message":"\u001b[37mExecuting (default): SELECT 1+1 AS result\u001b[39m","timestamp":"2025-12-04 09:59:02:592"}
{"level":"\u001b[32minfo\u001b[39m","message":"\u001b[32m✅ Database connection established successfully\u001b[39m","timestamp":"2025-12-04 09:59:02:592"}
{"level":"\u001b[32minfo\u001b[39m","message":"\u001b[32m📊 Connected to: dev-cmdv@localhost\u001b[39m","timestamp":"2025-12-04 09:59:02:592"}
{"level":"\u001b[32minfo\u001b[39m","message":"\u001b[32m🚀 Server is running on port 3000\u001b[39m","timestamp":"2025-12-04 09:59:17:5917"}
{"level":"\u001b[32minfo\u001b[39m","message":"\u001b[32m📚 API Documentation: http://localhost:3000/api-docs\u001b[39m","timestamp":"2025-12-04 09:59:17:5917"}
{"level":"\u001b[32minfo\u001b[39m","message":"\u001b[32m🔍 API v1: http://localhost:3000/api/v1\u001b[39m","timestamp":"2025-12-04 09:59:17:5917"}
{"level":"\u001b[32minfo\u001b[39m","message":"\u001b[32m❤️  Health check: http://localhost:3000/health\u001b[39m","timestamp":"2025-12-04 09:59:17:5917"}
{"level":"\u001b[37mdebug\u001b[39m","message":"\u001b[37mExecuting (default): SELECT 1+1 AS result\u001b[39m","timestamp":"2025-12-04 09:59:18:5918"}
{"level":"\u001b[32minfo\u001b[39m","message":"\u001b[32m✅ Database connection established successfully\u001b[39m","timestamp":"2025-12-04 09:59:18:5918"}
{"level":"\u001b[32minfo\u001b[39m","message":"\u001b[32m📊 Connected to: dev-cmdv@localhost\u001b[39m","timestamp":"2025-12-04 09:59:18:5918"}
{"level":"\u001b[32minfo\u001b[39m","message":"\u001b[32m🚀 Server is running on port 3000\u001b[39m","timestamp":"2025-12-04 09:59:31:5931"}
{"level":"\u001b[32minfo\u001b[39m","message":"\u001b[32m📚 API Documentation: http://localhost:3000/api-docs\u001b[39m","timestamp":"2025-12-04 09:59:32:5932"}
{"level":"\u001b[32minfo\u001b[39m","message":"\u001b[32m🔍 API v1: http://localhost:3000/api/v1\u001b[39m","timestamp":"2025-12-04 09:59:32:5932"}
{"level":"\u001b[32minfo\u001b[39m","message":"\u001b[32m❤️  Health check: http://localhost:3000/health\u001b[39m","timestamp":"2025-12-04 09:59:32:5932"}
{"level":"\u001b[37mdebug\u001b[39m","message":"\u001b[37mExecuting (default): SELECT 1+1 AS result\u001b[39m","timestamp":"2025-12-04 09:59:32:5932"}
{"level":"\u001b[32minfo\u001b[39m","message":"\u001b[32m✅ Database connection established successfully\u001b[39m","timestamp":"2025-12-04 09:59:32:5932"}
{"level":"\u001b[32minfo\u001b[39m","message":"\u001b[32m📊 Connected to: dev-cmdv@localhost\u001b[39m","timestamp":"2025-12-04 09:59:32:5932"}
{"level":"\u001b[32minfo\u001b[39m","message":"\u001b[32m🚀 Server is running on port 3000\u001b[39m","timestamp":"2025-12-04 09:59:44:5944"}
{"level":"\u001b[32minfo\u001b[39m","message":"\u001b[32m📚 API Documentation: http://localhost:3000/api-docs\u001b[39m","timestamp":"2025-12-04 09:59:44:5944"}
{"level":"\u001b[32minfo\u001b[39m","message":"\u001b[32m🔍 API v1: http://localhost:3000/api/v1\u001b[39m","timestamp":"2025-12-04 09:59:44:5944"}
{"level":"\u001b[32minfo\u001b[39m","message":"\u001b[32m❤️  Health check: http://localhost:3000/health\u001b[39m","timestamp":"2025-12-04 09:59:44:5944"}
{"level":"\u001b[37mdebug\u001b[39m","message":"\u001b[37mExecuting (default): SELECT 1+1 AS result\u001b[39m","timestamp":"2025-12-04 09:59:44:5944"}
{"level":"\u001b[32minfo\u001b[39m","message":"\u001b[32m✅ Database connection established successfully\u001b[39m","timestamp":"2025-12-04 09:59:44:5944"}
{"level":"\u001b[32minfo\u001b[39m","message":"\u001b[32m📊 Connected to: dev-cmdv@localhost\u001b[39m","timestamp":"2025-12-04 09:59:44:5944"}
{"level":"\u001b[32minfo\u001b[39m","message":"\u001b[32m🚀 Server is running on port 3000\u001b[39m","timestamp":"2025-12-04 10:00:22:022"}
{"level":"\u001b[32minfo\u001b[39m","message":"\u001b[32m📚 API Documentation: http://localhost:3000/api-docs\u001b[39m","timestamp":"2025-12-04 10:00:22:022"}
{"level":"\u001b[32minfo\u001b[39m","message":"\u001b[32m🔍 API v1: http://localhost:3000/api/v1\u001b[39m","timestamp":"2025-12-04 10:00:22:022"}
{"level":"\u001b[32minfo\u001b[39m","message":"\u001b[32m❤️  Health check: http://localhost:3000/health\u001b[39m","timestamp":"2025-12-04 10:00:22:022"}
{"level":"\u001b[37mdebug\u001b[39m","message":"\u001b[37mExecuting (default): SELECT 1+1 AS result\u001b[39m","timestamp":"2025-12-04 10:00:22:022"}
{"level":"\u001b[32minfo\u001b[39m","message":"\u001b[32m✅ Database connection established successfully\u001b[39m","timestamp":"2025-12-04 10:00:22:022"}
{"level":"\u001b[32minfo\u001b[39m","message":"\u001b[32m📊 Connected to: dev-cmdv@localhost\u001b[39m","timestamp":"2025-12-04 10:00:22:022"}
{"level":"\u001b[32minfo\u001b[39m","message":"\u001b[32m🚀 Server is running on port 3000\u001b[39m","timestamp":"2025-12-04 10:04:42:442"}
{"level":"\u001b[32minfo\u001b[39m","message":"\u001b[32m📚 API Documentation: http://localhost:3000/api-docs\u001b[39m","timestamp":"2025-12-04 10:04:42:442"}
{"level":"\u001b[32minfo\u001b[39m","message":"\u001b[32m🔍 API v1: http://localhost:3000/api/v1\u001b[39m","timestamp":"2025-12-04 10:04:42:442"}
{"level":"\u001b[32minfo\u001b[39m","message":"\u001b[32m❤️  Health check: http://localhost:3000/health\u001b[39m","timestamp":"2025-12-04 10:04:42:442"}
{"level":"\u001b[37mdebug\u001b[39m","message":"\u001b[37mExecuting (default): SELECT 1+1 AS result\u001b[39m","timestamp":"2025-12-04 10:04:42:442"}
{"level":"\u001b[32minfo\u001b[39m","message":"\u001b[32m✅ Database connection established successfully\u001b[39m","timestamp":"2025-12-04 10:04:42:442"}
{"level":"\u001b[32minfo\u001b[39m","message":"\u001b[32m📊 Connected to: dev-cmdv@localhost\u001b[39m","timestamp":"2025-12-04 10:04:42:442"}
{"level":"\u001b[32minfo\u001b[39m","message":"\u001b[32m🚀 Server is running on port 3000\u001b[39m","timestamp":"2025-12-04 10:09:58:958"}
{"level":"\u001b[32minfo\u001b[39m","message":"\u001b[32m📚 API Documentation: http://localhost:3000/api-docs\u001b[39m","timestamp":"2025-12-04 10:09:58:958"}
{"level":"\u001b[32minfo\u001b[39m","message":"\u001b[32m🔍 API v1: http://localhost:3000/api/v1\u001b[39m","timestamp":"2025-12-04 10:09:58:958"}
{"level":"\u001b[32minfo\u001b[39m","message":"\u001b[32m❤️  Health check: http://localhost:3000/health\u001b[39m","timestamp":"2025-12-04 10:09:58:958"}
{"level":"\u001b[37mdebug\u001b[39m","message":"\u001b[37mExecuting (default): SELECT 1+1 AS result\u001b[39m","timestamp":"2025-12-04 10:09:58:958"}
{"level":"\u001b[32minfo\u001b[39m","message":"\u001b[32m✅ Database connection established successfully\u001b[39m","timestamp":"2025-12-04 10:09:58:958"}
{"level":"\u001b[32minfo\u001b[39m","message":"\u001b[32m📊 Connected to: dev-cmdv@localhost\u001b[39m","timestamp":"2025-12-04 10:09:58:958"}
{"level":"\u001b[32minfo\u001b[39m","message":"\u001b[32m🚀 Server is running on port 3000\u001b[39m","timestamp":"2025-12-04 10:10:19:1019"}
{"level":"\u001b[32minfo\u001b[39m","message":"\u001b[32m📚 API Documentation: http://localhost:3000/api-docs\u001b[39m","timestamp":"2025-12-04 10:10:19:1019"}
{"level":"\u001b[32minfo\u001b[39m","message":"\u001b[32m🔍 API v1: http://localhost:3000/api/v1\u001b[39m","timestamp":"2025-12-04 10:10:19:1019"}
{"level":"\u001b[32minfo\u001b[39m","message":"\u001b[32m❤️  Health check: http://localhost:3000/health\u001b[39m","timestamp":"2025-12-04 10:10:19:1019"}
{"level":"\u001b[37mdebug\u001b[39m","message":"\u001b[37mExecuting (default): SELECT 1+1 AS result\u001b[39m","timestamp":"2025-12-04 10:10:19:1019"}
{"level":"\u001b[32minfo\u001b[39m","message":"\u001b[32m✅ Database connection established successfully\u001b[39m","timestamp":"2025-12-04 10:10:19:1019"}
{"level":"\u001b[32minfo\u001b[39m","message":"\u001b[32m📊 Connected to: dev-cmdv@localhost\u001b[39m","timestamp":"2025-12-04 10:10:19:1019"}
{"level":"\u001b[32minfo\u001b[39m","message":"\u001b[32m🚀 Server is running on port 3000\u001b[39m","timestamp":"2025-12-04 10:10:32:1032"}
{"level":"\u001b[32minfo\u001b[39m","message":"\u001b[32m📚 API Documentation: http://localhost:3000/api-docs\u001b[39m","timestamp":"2025-12-04 10:10:32:1032"}
{"level":"\u001b[32minfo\u001b[39m","message":"\u001b[32m🔍 API v1: http://localhost:3000/api/v1\u001b[39m","timestamp":"2025-12-04 10:10:32:1032"}
{"level":"\u001b[32minfo\u001b[39m","message":"\u001b[32m❤️  Health check: http://localhost:3000/health\u001b[39m","timestamp":"2025-12-04 10:10:32:1032"}
{"level":"\u001b[37mdebug\u001b[39m","message":"\u001b[37mExecuting (default): SELECT 1+1 AS result\u001b[39m","timestamp":"2025-12-04 10:10:32:1032"}
{"level":"\u001b[32minfo\u001b[39m","message":"\u001b[32m✅ Database connection established successfully\u001b[39m","timestamp":"2025-12-04 10:10:32:1032"}
{"level":"\u001b[32minfo\u001b[39m","message":"\u001b[32m📊 Connected to: dev-cmdv@localhost\u001b[39m","timestamp":"2025-12-04 10:10:32:1032"}
{"level":"\u001b[32minfo\u001b[39m","message":"\u001b[32m🚀 Server is running on port 3000\u001b[39m","timestamp":"2025-12-04 10:10:55:1055"}
{"level":"\u001b[32minfo\u001b[39m","message":"\u001b[32m📚 API Documentation: http://localhost:3000/api-docs\u001b[39m","timestamp":"2025-12-04 10:10:55:1055"}
{"level":"\u001b[32minfo\u001b[39m","message":"\u001b[32m🔍 API v1: http://localhost:3000/api/v1\u001b[39m","timestamp":"2025-12-04 10:10:55:1055"}
{"level":"\u001b[32minfo\u001b[39m","message":"\u001b[32m❤️  Health check: http://localhost:3000/health\u001b[39m","timestamp":"2025-12-04 10:10:55:1055"}
{"level":"\u001b[37mdebug\u001b[39m","message":"\u001b[37mExecuting (default): SELECT 1+1 AS result\u001b[39m","timestamp":"2025-12-04 10:10:55:1055"}
{"level":"\u001b[32minfo\u001b[39m","message":"\u001b[32m✅ Database connection established successfully\u001b[39m","timestamp":"2025-12-04 10:10:55:1055"}
{"level":"\u001b[32minfo\u001b[39m","message":"\u001b[32m📊 Connected to: dev-cmdv@localhost\u001b[39m","timestamp":"2025-12-04 10:10:55:1055"}
{"level":"\u001b[32minfo\u001b[39m","message":"\u001b[32m🚀 Server is running on port 3000\u001b[39m","timestamp":"2025-12-04 10:19:01:191"}
{"level":"\u001b[32minfo\u001b[39m","message":"\u001b[32m📚 API Documentation: http://localhost:3000/api-docs\u001b[39m","timestamp":"2025-12-04 10:19:01:191"}
{"level":"\u001b[32minfo\u001b[39m","message":"\u001b[32m🔍 API v1: http://localhost:3000/api/v1\u001b[39m","timestamp":"2025-12-04 10:19:01:191"}
{"level":"\u001b[32minfo\u001b[39m","message":"\u001b[32m❤️  Health check: http://localhost:3000/health\u001b[39m","timestamp":"2025-12-04 10:19:01:191"}
{"level":"\u001b[37mdebug\u001b[39m","message":"\u001b[37mExecuting (default): SELECT 1+1 AS result\u001b[39m","timestamp":"2025-12-04 10:19:01:191"}
{"level":"\u001b[32minfo\u001b[39m","message":"\u001b[32m✅ Database connection established successfully\u001b[39m","timestamp":"2025-12-04 10:19:01:191"}
{"level":"\u001b[32minfo\u001b[39m","message":"\u001b[32m📊 Connected to: dev-cmdv@localhost\u001b[39m","timestamp":"2025-12-04 10:19:01:191"}
{"level":"\u001b[32minfo\u001b[39m","message":"\u001b[32m🚀 Server is running on port 3000\u001b[39m","timestamp":"2025-12-04 10:23:43:2343"}
{"level":"\u001b[32minfo\u001b[39m","message":"\u001b[32m📚 API Documentation: http://localhost:3000/api-docs\u001b[39m","timestamp":"2025-12-04 10:23:43:2343"}
{"level":"\u001b[32minfo\u001b[39m","message":"\u001b[32m🔍 API v1: http://localhost:3000/api/v1\u001b[39m","timestamp":"2025-12-04 10:23:43:2343"}
{"level":"\u001b[32minfo\u001b[39m","message":"\u001b[32m❤️  Health check: http://localhost:3000/health\u001b[39m","timestamp":"2025-12-04 10:23:43:2343"}
{"level":"\u001b[37mdebug\u001b[39m","message":"\u001b[37mExecuting (default): SELECT 1+1 AS result\u001b[39m","timestamp":"2025-12-04 10:23:43:2343"}
{"level":"\u001b[32minfo\u001b[39m","message":"\u001b[32m✅ Database connection established successfully\u001b[39m","timestamp":"2025-12-04 10:23:43:2343"}
{"level":"\u001b[32minfo\u001b[39m","message":"\u001b[32m📊 Connected to: dev-cmdv@localhost\u001b[39m","timestamp":"2025-12-04 10:23:43:2343"}
{"level":"\u001b[32minfo\u001b[39m","message":"\u001b[32m🚀 Server is running on port 3000\u001b[39m","timestamp":"2025-12-04 10:25:35:2535"}
{"level":"\u001b[32minfo\u001b[39m","message":"\u001b[32m📚 API Documentation: http://localhost:3000/api-docs\u001b[39m","timestamp":"2025-12-04 10:25:35:2535"}
{"level":"\u001b[32minfo\u001b[39m","message":"\u001b[32m🔍 API v1: http://localhost:3000/api/v1\u001b[39m","timestamp":"2025-12-04 10:25:35:2535"}
{"level":"\u001b[32minfo\u001b[39m","message":"\u001b[32m❤️  Health check: http://localhost:3000/health\u001b[39m","timestamp":"2025-12-04 10:25:35:2535"}
{"level":"\u001b[37mdebug\u001b[39m","message":"\u001b[37mExecuting (default): SELECT 1+1 AS result\u001b[39m","timestamp":"2025-12-04 10:25:35:2535"}
{"level":"\u001b[32minfo\u001b[39m","message":"\u001b[32m✅ Database connection established successfully\u001b[39m","timestamp":"2025-12-04 10:25:35:2535"}
{"level":"\u001b[32minfo\u001b[39m","message":"\u001b[32m📊 Connected to: dev-cmdv@localhost\u001b[39m","timestamp":"2025-12-04 10:25:35:2535"}
{"level":"\u001b[32minfo\u001b[39m","message":"\u001b[32m🚀 Server is running on port 3000\u001b[39m","timestamp":"2025-12-04 10:26:13:2613"}
{"level":"\u001b[32minfo\u001b[39m","message":"\u001b[32m📚 API Documentation: http://localhost:3000/api-docs\u001b[39m","timestamp":"2025-12-04 10:26:13:2613"}
{"level":"\u001b[32minfo\u001b[39m","message":"\u001b[32m🔍 API v1: http://localhost:3000/api/v1\u001b[39m","timestamp":"2025-12-04 10:26:13:2613"}
{"level":"\u001b[32minfo\u001b[39m","message":"\u001b[32m❤️  Health check: http://localhost:3000/health\u001b[39m","timestamp":"2025-12-04 10:26:13:2613"}
{"level":"\u001b[37mdebug\u001b[39m","message":"\u001b[37mExecuting (default): SELECT 1+1 AS result\u001b[39m","timestamp":"2025-12-04 10:26:14:2614"}
{"level":"\u001b[32minfo\u001b[39m","message":"\u001b[32m✅ Database connection established successfully\u001b[39m","timestamp":"2025-12-04 10:26:14:2614"}
{"level":"\u001b[32minfo\u001b[39m","message":"\u001b[32m📊 Connected to: dev-cmdv@localhost\u001b[39m","timestamp":"2025-12-04 10:26:14:2614"}
{"level":"\u001b[32minfo\u001b[39m","message":"\u001b[32m🚀 Server is running on port 3000\u001b[39m","timestamp":"2025-12-04 10:31:16:3116"}
{"level":"\u001b[32minfo\u001b[39m","message":"\u001b[32m📚 API Documentation: http://localhost:3000/api-docs\u001b[39m","timestamp":"2025-12-04 10:31:16:3116"}
{"level":"\u001b[32minfo\u001b[39m","message":"\u001b[32m🔍 API v1: http://localhost:3000/api/v1\u001b[39m","timestamp":"2025-12-04 10:31:16:3116"}
{"level":"\u001b[32minfo\u001b[39m","message":"\u001b[32m❤️  Health check: http://localhost:3000/health\u001b[39m","timestamp":"2025-12-04 10:31:16:3116"}
{"level":"\u001b[37mdebug\u001b[39m","message":"\u001b[37mExecuting (default): SELECT 1+1 AS result\u001b[39m","timestamp":"2025-12-04 10:31:16:3116"}
{"level":"\u001b[32minfo\u001b[39m","message":"\u001b[32m✅ Database connection established successfully\u001b[39m","timestamp":"2025-12-04 10:31:16:3116"}
{"level":"\u001b[32minfo\u001b[39m","message":"\u001b[32m📊 Connected to: dev-cmdv@localhost\u001b[39m","timestamp":"2025-12-04 10:31:16:3116"}
{"level":"\u001b[32minfo\u001b[39m","message":"\u001b[32m🚀 Server is running on port 3000\u001b[39m","timestamp":"2025-12-04 10:31:34:3134"}
{"level":"\u001b[32minfo\u001b[39m","message":"\u001b[32m📚 API Documentation: http://localhost:3000/api-docs\u001b[39m","timestamp":"2025-12-04 10:31:34:3134"}
{"level":"\u001b[32minfo\u001b[39m","message":"\u001b[32m🔍 API v1: http://localhost:3000/api/v1\u001b[39m","timestamp":"2025-12-04 10:31:34:3134"}
{"level":"\u001b[32minfo\u001b[39m","message":"\u001b[32m❤️  Health check: http://localhost:3000/health\u001b[39m","timestamp":"2025-12-04 10:31:34:3134"}
{"level":"\u001b[37mdebug\u001b[39m","message":"\u001b[37mExecuting (default): SELECT 1+1 AS result\u001b[39m","timestamp":"2025-12-04 10:31:34:3134"}
{"level":"\u001b[32minfo\u001b[39m","message":"\u001b[32m✅ Database connection established successfully\u001b[39m","timestamp":"2025-12-04 10:31:34:3134"}
{"level":"\u001b[32minfo\u001b[39m","message":"\u001b[32m📊 Connected to: dev-cmdv@localhost\u001b[39m","timestamp":"2025-12-04 10:31:34:3134"}
{"level":"\u001b[32minfo\u001b[39m","message":"\u001b[32m🚀 Server is running on port 3000\u001b[39m","timestamp":"2025-12-04 22:37:40:3740"}
{"level":"\u001b[32minfo\u001b[39m","message":"\u001b[32m📚 API Documentation: http://localhost:3000/api-docs\u001b[39m","timestamp":"2025-12-04 22:37:40:3740"}
{"level":"\u001b[32minfo\u001b[39m","message":"\u001b[32m🔍 API v1: http://localhost:3000/api/v1\u001b[39m","timestamp":"2025-12-04 22:37:40:3740"}
{"level":"\u001b[32minfo\u001b[39m","message":"\u001b[32m❤️  Health check: http://localhost:3000/health\u001b[39m","timestamp":"2025-12-04 22:37:40:3740"}
{"level":"\u001b[37mdebug\u001b[39m","message":"\u001b[37mExecuting (default): SELECT 1+1 AS result\u001b[39m","timestamp":"2025-12-04 22:37:40:3740"}
{"level":"\u001b[32minfo\u001b[39m","message":"\u001b[32m✅ Database connection established successfully\u001b[39m","timestamp":"2025-12-04 22:37:40:3740"}
{"level":"\u001b[32minfo\u001b[39m","message":"\u001b[32m📊 Connected to: dev-cmdv@localhost\u001b[39m","timestamp":"2025-12-04 22:37:40:3740"}
{"level":"\u001b[32minfo\u001b[39m","message":"\u001b[32m🚀 Server is running on port 3000\u001b[39m","timestamp":"2025-12-04 23:00:32:032"}
{"level":"\u001b[32minfo\u001b[39m","message":"\u001b[32m📚 API Documentation: http://localhost:3000/api-docs\u001b[39m","timestamp":"2025-12-04 23:00:32:032"}
{"level":"\u001b[32minfo\u001b[39m","message":"\u001b[32m🔍 API v1: http://localhost:3000/api/v1\u001b[39m","timestamp":"2025-12-04 23:00:32:032"}
{"level":"\u001b[32minfo\u001b[39m","message":"\u001b[32m❤️  Health check: http://localhost:3000/health\u001b[39m","timestamp":"2025-12-04 23:00:32:032"}
{"level":"\u001b[37mdebug\u001b[39m","message":"\u001b[37mExecuting (default): SELECT 1+1 AS result\u001b[39m","timestamp":"2025-12-04 23:00:32:032"}
{"level":"\u001b[32minfo\u001b[39m","message":"\u001b[32m✅ Database connection established successfully\u001b[39m","timestamp":"2025-12-04 23:00:32:032"}
{"level":"\u001b[32minfo\u001b[39m","message":"\u001b[32m📊 Connected to: dev-cmdv@localhost\u001b[39m","timestamp":"2025-12-04 23:00:32:032"}
{"level":"\u001b[37mdebug\u001b[39m","message":"\u001b[37mExecuting (default): SELECT count(\"doctors\".\"id\") AS \"count\" FROM \"medical\".\"doctors\" AS \"doctors\" LEFT OUTER JOIN \"core\".\"users\" AS \"user\" ON \"doctors\".\"user_id\" = \"user\".\"id\" LEFT OUTER JOIN \"medical\".\"specialties\" AS \"specialty\" ON \"doctors\".\"specialty_id\" = \"specialty\".\"id\" WHERE \"doctors\".\"is_active\" = true;\u001b[39m","timestamp":"2025-12-04 23:00:36:036"}
{"level":"\u001b[37mdebug\u001b[39m","message":"\u001b[37mExecuting (default): SELECT \"doctors\".\"id\", \"doctors\".\"user_id\", \"doctors\".\"medical_license\", \"doctors\".\"specialty_id\", \"doctors\".\"doctor_type\", \"doctors\".\"consultation_fee\", \"doctors\".\"surgery_fee\", \"doctors\".\"identification_number\", \"doctors\".\"phone\", \"doctors\".\"email\", \"doctors\".\"address\", \"doctors\".\"is_active\", \"doctors\".\"created_at\" AS \"createdAt\", \"doctors\".\"updated_at\" AS \"updatedAt\", \"user\".\"id\" AS \"user.id\", \"user\".\"name\" AS \"user.name\", \"user\".\"email\" AS \"user.email\", \"specialty\".\"id\" AS \"specialty.id\", \"specialty\".\"name\" AS \"specialty.name\" FROM \"medical\".\"doctors\" AS \"doctors\" LEFT OUTER JOIN \"core\".\"users\" AS \"user\" ON \"doctors\".\"user_id\" = \"user\".\"id\" LEFT OUTER JOIN \"medical\".\"specialties\" AS \"specialty\" ON \"doctors\".\"specialty_id\" = \"specialty\".\"id\" WHERE \"doctors\".\"is_active\" = true ORDER BY \"createdAt\" DESC LIMIT 50 OFFSET 0;\u001b[39m","timestamp":"2025-12-04 23:00:36:036"}
{"level":"\u001b[31merror\u001b[39m","message":"\u001b[31mError finding doctors: SequelizeDatabaseError: column user.name does not exist\u001b[39m","timestamp":"2025-12-04 23:00:37:037"}
{"level":"\u001b[32minfo\u001b[39m","message":"\u001b[32m\u001b[0mGET /api/v1/medical/doctors/?limit=50&page=1 \u001b[31m500\u001b[0m 195.242 ms - 79\u001b[0m\u001b[39m","timestamp":"2025-12-04 23:00:37:037"}
{"level":"\u001b[32minfo\u001b[39m","message":"\u001b[32m🚀 Server is running on port 3000\u001b[39m","timestamp":"2025-12-04 23:01:53:153"}
{"level":"\u001b[32minfo\u001b[39m","message":"\u001b[32m📚 API Documentation: http://localhost:3000/api-docs\u001b[39m","timestamp":"2025-12-04 23:01:53:153"}
{"level":"\u001b[32minfo\u001b[39m","message":"\u001b[32m🔍 API v1: http://localhost:3000/api/v1\u001b[39m","timestamp":"2025-12-04 23:01:53:153"}
{"level":"\u001b[32minfo\u001b[39m","message":"\u001b[32m❤️  Health check: http://localhost:3000/health\u001b[39m","timestamp":"2025-12-04 23:01:53:153"}
{"level":"\u001b[37mdebug\u001b[39m","message":"\u001b[37mExecuting (default): SELECT 1+1 AS result\u001b[39m","timestamp":"2025-12-04 23:01:53:153"}
{"level":"\u001b[32minfo\u001b[39m","message":"\u001b[32m✅ Database connection established successfully\u001b[39m","timestamp":"2025-12-04 23:01:53:153"}
{"level":"\u001b[32minfo\u001b[39m","message":"\u001b[32m📊 Connected to: dev-cmdv@localhost\u001b[39m","timestamp":"2025-12-04 23:01:53:153"}
{"level":"\u001b[32minfo\u001b[39m","message":"\u001b[32m🚀 Server is running on port 3000\u001b[39m","timestamp":"2025-12-04 23:02:05:25"}
{"level":"\u001b[32minfo\u001b[39m","message":"\u001b[32m📚 API Documentation: http://localhost:3000/api-docs\u001b[39m","timestamp":"2025-12-04 23:02:05:25"}
{"level":"\u001b[32minfo\u001b[39m","message":"\u001b[32m🔍 API v1: http://localhost:3000/api/v1\u001b[39m","timestamp":"2025-12-04 23:02:05:25"}
{"level":"\u001b[32minfo\u001b[39m","message":"\u001b[32m❤️  Health check: http://localhost:3000/health\u001b[39m","timestamp":"2025-12-04 23:02:05:25"}
{"level":"\u001b[37mdebug\u001b[39m","message":"\u001b[37mExecuting (default): SELECT 1+1 AS result\u001b[39m","timestamp":"2025-12-04 23:02:05:25"}
{"level":"\u001b[32minfo\u001b[39m","message":"\u001b[32m✅ Database connection established successfully\u001b[39m","timestamp":"2025-12-04 23:02:05:25"}
{"level":"\u001b[32minfo\u001b[39m","message":"\u001b[32m📊 Connected to: dev-cmdv@localhost\u001b[39m","timestamp":"2025-12-04 23:02:05:25"}
{"level":"\u001b[37mdebug\u001b[39m","message":"\u001b[37mExecuting (default): SELECT count(\"doctors\".\"id\") AS \"count\" FROM \"medical\".\"doctors\" AS \"doctors\" LEFT OUTER JOIN \"core\".\"users\" AS \"user\" ON \"doctors\".\"user_id\" = \"user\".\"id\" LEFT OUTER JOIN \"medical\".\"specialties\" AS \"specialty\" ON \"doctors\".\"specialty_id\" = \"specialty\".\"id\" WHERE \"doctors\".\"is_active\" = true;\u001b[39m","timestamp":"2025-12-04 23:02:07:27"}
{"level":"\u001b[37mdebug\u001b[39m","message":"\u001b[37mExecuting (default): SELECT \"doctors\".\"id\", \"doctors\".\"user_id\", \"doctors\".\"medical_license\", \"doctors\".\"specialty_id\", \"doctors\".\"doctor_type\", \"doctors\".\"consultation_fee\", \"doctors\".\"surgery_fee\", \"doctors\".\"identification_number\", \"doctors\".\"phone\", \"doctors\".\"email\", \"doctors\".\"address\", \"doctors\".\"is_active\", \"doctors\".\"created_at\" AS \"createdAt\", \"doctors\".\"updated_at\" AS \"updatedAt\", \"user\".\"id\" AS \"user.id\", \"user\".\"full_name\" AS \"user.full_name\", \"user\".\"email\" AS \"user.email\", \"specialty\".\"id\" AS \"specialty.id\", \"specialty\".\"full_name\" AS \"specialty.full_name\" FROM \"medical\".\"doctors\" AS \"doctors\" LEFT OUTER JOIN \"core\".\"users\" AS \"user\" ON \"doctors\".\"user_id\" = \"user\".\"id\" LEFT OUTER JOIN \"medical\".\"specialties\" AS \"specialty\" ON \"doctors\".\"specialty_id\" = \"specialty\".\"id\" WHERE \"doctors\".\"is_active\" = true ORDER BY \"createdAt\" DESC LIMIT 50 OFFSET 0;\u001b[39m","timestamp":"2025-12-04 23:02:07:27"}
{"level":"\u001b[31merror\u001b[39m","message":"\u001b[31mError finding doctors: SequelizeDatabaseError: column specialty.full_name does not exist\u001b[39m","timestamp":"2025-12-04 23:02:07:27"}
{"level":"\u001b[32minfo\u001b[39m","message":"\u001b[32m\u001b[0mGET /api/v1/medical/doctors/?limit=50&page=1 \u001b[31m500\u001b[0m 131.662 ms - 79\u001b[0m\u001b[39m","timestamp":"2025-12-04 23:02:07:27"}
{"level":"\u001b[32minfo\u001b[39m","message":"\u001b[32m🚀 Server is running on port 3000\u001b[39m","timestamp":"2025-12-04 23:03:11:311"}
{"level":"\u001b[32minfo\u001b[39m","message":"\u001b[32m📚 API Documentation: http://localhost:3000/api-docs\u001b[39m","timestamp":"2025-12-04 23:03:11:311"}
{"level":"\u001b[32minfo\u001b[39m","message":"\u001b[32m🔍 API v1: http://localhost:3000/api/v1\u001b[39m","timestamp":"2025-12-04 23:03:11:311"}
{"level":"\u001b[32minfo\u001b[39m","message":"\u001b[32m❤️  Health check: http://localhost:3000/health\u001b[39m","timestamp":"2025-12-04 23:03:11:311"}
{"level":"\u001b[37mdebug\u001b[39m","message":"\u001b[37mExecuting (default): SELECT 1+1 AS result\u001b[39m","timestamp":"2025-12-04 23:03:11:311"}
{"level":"\u001b[32minfo\u001b[39m","message":"\u001b[32m✅ Database connection established successfully\u001b[39m","timestamp":"2025-12-04 23:03:11:311"}
{"level":"\u001b[32minfo\u001b[39m","message":"\u001b[32m📊 Connected to: dev-cmdv@localhost\u001b[39m","timestamp":"2025-12-04 23:03:11:311"}
{"level":"\u001b[37mdebug\u001b[39m","message":"\u001b[37mExecuting (default): SELECT count(\"doctors\".\"id\") AS \"count\" FROM \"medical\".\"doctors\" AS \"doctors\" LEFT OUTER JOIN \"core\".\"users\" AS \"user\" ON \"doctors\".\"user_id\" = \"user\".\"id\" LEFT OUTER JOIN \"medical\".\"specialties\" AS \"specialty\" ON \"doctors\".\"specialty_id\" = \"specialty\".\"id\" WHERE \"doctors\".\"is_active\" = true;\u001b[39m","timestamp":"2025-12-04 23:03:13:313"}
{"level":"\u001b[37mdebug\u001b[39m","message":"\u001b[37mExecuting (default): SELECT \"doctors\".\"id\", \"doctors\".\"user_id\", \"doctors\".\"medical_license\", \"doctors\".\"specialty_id\", \"doctors\".\"doctor_type\", \"doctors\".\"consultation_fee\", \"doctors\".\"surgery_fee\", \"doctors\".\"identification_number\", \"doctors\".\"phone\", \"doctors\".\"email\", \"doctors\".\"address\", \"doctors\".\"is_active\", \"doctors\".\"created_at\" AS \"createdAt\", \"doctors\".\"updated_at\" AS \"updatedAt\", \"user\".\"id\" AS \"user.id\", \"user\".\"full_name\" AS \"user.full_name\", \"user\".\"email\" AS \"user.email\", \"specialty\".\"id\" AS \"specialty.id\", \"specialty\".\"name\" AS \"specialty.name\" FROM \"medical\".\"doctors\" AS \"doctors\" LEFT OUTER JOIN \"core\".\"users\" AS \"user\" ON \"doctors\".\"user_id\" = \"user\".\"id\" LEFT OUTER JOIN \"medical\".\"specialties\" AS \"specialty\" ON \"doctors\".\"specialty_id\" = \"specialty\".\"id\" WHERE \"doctors\".\"is_active\" = true ORDER BY \"createdAt\" DESC LIMIT 50 OFFSET 0;\u001b[39m","timestamp":"2025-12-04 23:03:13:313"}
{"level":"\u001b[32minfo\u001b[39m","message":"\u001b[32m\u001b[0mGET /api/v1/medical/doctors/?limit=50&page=1 \u001b[32m200\u001b[0m 48.574 ms - 2068\u001b[0m\u001b[39m","timestamp":"2025-12-04 23:03:13:313"}
{"level":"\u001b[37mdebug\u001b[39m","message":"\u001b[37mExecuting (default): SELECT count(\"doctors\".\"id\") AS \"count\" FROM \"medical\".\"doctors\" AS \"doctors\" LEFT OUTER JOIN \"core\".\"users\" AS \"user\" ON \"doctors\".\"user_id\" = \"user\".\"id\" LEFT OUTER JOIN \"medical\".\"specialties\" AS \"specialty\" ON \"doctors\".\"specialty_id\" = \"specialty\".\"id\" WHERE \"doctors\".\"is_active\" = true;\u001b[39m","timestamp":"2025-12-04 23:03:41:341"}
{"level":"\u001b[37mdebug\u001b[39m","message":"\u001b[37mExecuting (default): SELECT \"doctors\".\"id\", \"doctors\".\"user_id\", \"doctors\".\"medical_license\", \"doctors\".\"specialty_id\", \"doctors\".\"doctor_type\", \"doctors\".\"consultation_fee\", \"doctors\".\"surgery_fee\", \"doctors\".\"identification_number\", \"doctors\".\"phone\", \"doctors\".\"email\", \"doctors\".\"address\", \"doctors\".\"is_active\", \"doctors\".\"created_at\" AS \"createdAt\", \"doctors\".\"updated_at\" AS \"updatedAt\", \"user\".\"id\" AS \"user.id\", \"user\".\"full_name\" AS \"user.full_name\", \"user\".\"email\" AS \"user.email\", \"specialty\".\"id\" AS \"specialty.id\", \"specialty\".\"name\" AS \"specialty.name\" FROM \"medical\".\"doctors\" AS \"doctors\" LEFT OUTER JOIN \"core\".\"users\" AS \"user\" ON \"doctors\".\"user_id\" = \"user\".\"id\" LEFT OUTER JOIN \"medical\".\"specialties\" AS \"specialty\" ON \"doctors\".\"specialty_id\" = \"specialty\".\"id\" WHERE \"doctors\".\"is_active\" = true ORDER BY \"createdAt\" DESC LIMIT 50 OFFSET 0;\u001b[39m","timestamp":"2025-12-04 23:03:41:341"}
{"level":"\u001b[32minfo\u001b[39m","message":"\u001b[32m\u001b[0mGET /api/v1/medical/doctors/?limit=50&page=1&doctorType=internal \u001b[32m200\u001b[0m 51.006 ms - 2068\u001b[0m\u001b[39m","timestamp":"2025-12-04 23:03:41:341"}
{"level":"\u001b[37mdebug\u001b[39m","message":"\u001b[37mExecuting (default): SELECT count(\"doctors\".\"id\") AS \"count\" FROM \"medical\".\"doctors\" AS \"doctors\" LEFT OUTER JOIN \"core\".\"users\" AS \"user\" ON \"doctors\".\"user_id\" = \"user\".\"id\" LEFT OUTER JOIN \"medical\".\"specialties\" AS \"specialty\" ON \"doctors\".\"specialty_id\" = \"specialty\".\"id\" WHERE \"doctors\".\"is_active\" = true;\u001b[39m","timestamp":"2025-12-04 23:03:48:348"}
{"level":"\u001b[37mdebug\u001b[39m","message":"\u001b[37mExecuting (default): SELECT \"doctors\".\"id\", \"doctors\".\"user_id\", \"doctors\".\"medical_license\", \"doctors\".\"specialty_id\", \"doctors\".\"doctor_type\", \"doctors\".\"consultation_fee\", \"doctors\".\"surgery_fee\", \"doctors\".\"identification_number\", \"doctors\".\"phone\", \"doctors\".\"email\", \"doctors\".\"address\", \"doctors\".\"is_active\", \"doctors\".\"created_at\" AS \"createdAt\", \"doctors\".\"updated_at\" AS \"updatedAt\", \"user\".\"id\" AS \"user.id\", \"user\".\"full_name\" AS \"user.full_name\", \"user\".\"email\" AS \"user.email\", \"specialty\".\"id\" AS \"specialty.id\", \"specialty\".\"name\" AS \"specialty.name\" FROM \"medical\".\"doctors\" AS \"doctors\" LEFT OUTER JOIN \"core\".\"users\" AS \"user\" ON \"doctors\".\"user_id\" = \"user\".\"id\" LEFT OUTER JOIN \"medical\".\"specialties\" AS \"specialty\" ON \"doctors\".\"specialty_id\" = \"specialty\".\"id\" WHERE \"doctors\".\"is_active\" = true ORDER BY \"createdAt\" DESC LIMIT 50 OFFSET 0;\u001b[39m","timestamp":"2025-12-04 23:03:48:348"}
{"level":"\u001b[32minfo\u001b[39m","message":"\u001b[32m\u001b[0mGET /api/v1/medical/doctors/?limit=50&page=1&doctorType=internal \u001b[32m200\u001b[0m 14.086 ms - 2068\u001b[0m\u001b[39m","timestamp":"2025-12-04 23:03:48:348"}
{"level":"\u001b[32minfo\u001b[39m","message":"\u001b[32m🚀 Server is running on port 3000\u001b[39m","timestamp":"2025-12-04 23:04:32:432"}
{"level":"\u001b[32minfo\u001b[39m","message":"\u001b[32m📚 API Documentation: http://localhost:3000/api-docs\u001b[39m","timestamp":"2025-12-04 23:04:32:432"}
{"level":"\u001b[32minfo\u001b[39m","message":"\u001b[32m🔍 API v1: http://localhost:3000/api/v1\u001b[39m","timestamp":"2025-12-04 23:04:32:432"}
{"level":"\u001b[32minfo\u001b[39m","message":"\u001b[32m❤️  Health check: http://localhost:3000/health\u001b[39m","timestamp":"2025-12-04 23:04:32:432"}
{"level":"\u001b[37mdebug\u001b[39m","message":"\u001b[37mExecuting (default): SELECT 1+1 AS result\u001b[39m","timestamp":"2025-12-04 23:04:32:432"}
{"level":"\u001b[32minfo\u001b[39m","message":"\u001b[32m✅ Database connection established successfully\u001b[39m","timestamp":"2025-12-04 23:04:32:432"}
{"level":"\u001b[32minfo\u001b[39m","message":"\u001b[32m📊 Connected to: dev-cmdv@localhost\u001b[39m","timestamp":"2025-12-04 23:04:32:432"}
{"level":"\u001b[37mdebug\u001b[39m","message":"\u001b[37mExecuting (default): SELECT count(\"doctors\".\"id\") AS \"count\" FROM \"medical\".\"doctors\" AS \"doctors\" LEFT OUTER JOIN \"core\".\"users\" AS \"user\" ON \"doctors\".\"user_id\" = \"user\".\"id\" LEFT OUTER JOIN \"medical\".\"specialties\" AS \"specialty\" ON \"doctors\".\"specialty_id\" = \"specialty\".\"id\" WHERE \"doctors\".\"is_active\" = true;\u001b[39m","timestamp":"2025-12-04 23:04:39:439"}
{"level":"\u001b[37mdebug\u001b[39m","message":"\u001b[37mExecuting (default): SELECT \"doctors\".\"id\", \"doctors\".\"user_id\", \"doctors\".\"medical_license\", \"doctors\".\"specialty_id\", \"doctors\".\"doctor_type\", \"doctors\".\"consultation_fee\", \"doctors\".\"surgery_fee\", \"doctors\".\"identification_number\", \"doctors\".\"phone\", \"doctors\".\"email\", \"doctors\".\"address\", \"doctors\".\"is_active\", \"doctors\".\"created_at\" AS \"createdAt\", \"doctors\".\"updated_at\" AS \"updatedAt\", \"user\".\"id\" AS \"user.id\", \"user\".\"full_name\" AS \"user.full_name\", \"user\".\"email\" AS \"user.email\", \"specialty\".\"id\" AS \"specialty.id\", \"specialty\".\"name\" AS \"specialty.name\" FROM \"medical\".\"doctors\" AS \"doctors\" LEFT OUTER JOIN \"core\".\"users\" AS \"user\" ON \"doctors\".\"user_id\" = \"user\".\"id\" LEFT OUTER JOIN \"medical\".\"specialties\" AS \"specialty\" ON \"doctors\".\"specialty_id\" = \"specialty\".\"id\" WHERE \"doctors\".\"is_active\" = true ORDER BY \"createdAt\" DESC LIMIT 50 OFFSET 0;\u001b[39m","timestamp":"2025-12-04 23:04:39:439"}
{"level":"\u001b[32minfo\u001b[39m","message":"\u001b[32m\u001b[0mGET /api/v1/medical/doctors/?limit=50&page=1&doctorType=internal \u001b[32m200\u001b[0m 50.135 ms - 2068\u001b[0m\u001b[39m","timestamp":"2025-12-04 23:04:39:439"}
{"level":"\u001b[37mdebug\u001b[39m","message":"\u001b[37mExecuting (default): SELECT count(\"doctors\".\"id\") AS \"count\" FROM \"medical\".\"doctors\" AS \"doctors\" LEFT OUTER JOIN \"core\".\"users\" AS \"user\" ON \"doctors\".\"user_id\" = \"user\".\"id\" LEFT OUTER JOIN \"medical\".\"specialties\" AS \"specialty\" ON \"doctors\".\"specialty_id\" = \"specialty\".\"id\" WHERE \"doctors\".\"is_active\" = true AND \"doctors\".\"doctor_type\" = 'internal';\u001b[39m","timestamp":"2025-12-04 23:04:53:453"}
{"level":"\u001b[37mdebug\u001b[39m","message":"\u001b[37mExecuting (default): SELECT \"doctors\".\"id\", \"doctors\".\"user_id\", \"doctors\".\"medical_license\", \"doctors\".\"specialty_id\", \"doctors\".\"doctor_type\", \"doctors\".\"consultation_fee\", \"doctors\".\"surgery_fee\", \"doctors\".\"identification_number\", \"doctors\".\"phone\", \"doctors\".\"email\", \"doctors\".\"address\", \"doctors\".\"is_active\", \"doctors\".\"created_at\" AS \"createdAt\", \"doctors\".\"updated_at\" AS \"updatedAt\", \"user\".\"id\" AS \"user.id\", \"user\".\"full_name\" AS \"user.full_name\", \"user\".\"email\" AS \"user.email\", \"specialty\".\"id\" AS \"specialty.id\", \"specialty\".\"name\" AS \"specialty.name\" FROM \"medical\".\"doctors\" AS \"doctors\" LEFT OUTER JOIN \"core\".\"users\" AS \"user\" ON \"doctors\".\"user_id\" = \"user\".\"id\" LEFT OUTER JOIN \"medical\".\"specialties\" AS \"specialty\" ON \"doctors\".\"specialty_id\" = \"specialty\".\"id\" WHERE \"doctors\".\"is_active\" = true AND \"doctors\".\"doctor_type\" = 'internal' ORDER BY \"createdAt\" DESC LIMIT 50 OFFSET 0;\u001b[39m","timestamp":"2025-12-04 23:04:53:453"}
{"level":"\u001b[32minfo\u001b[39m","message":"\u001b[32m\u001b[0mGET /api/v1/medical/doctors/?limit=50&page=1&doctor_type=internal \u001b[32m200\u001b[0m 33.855 ms - 1291\u001b[0m\u001b[39m","timestamp":"2025-12-04 23:04:53:453"}
{"level":"\u001b[37mdebug\u001b[39m","message":"\u001b[37mExecuting (default): SELECT count(\"doctors\".\"id\") AS \"count\" FROM \"medical\".\"doctors\" AS \"doctors\" LEFT OUTER JOIN \"core\".\"users\" AS \"user\" ON \"doctors\".\"user_id\" = \"user\".\"id\" LEFT OUTER JOIN \"medical\".\"specialties\" AS \"specialty\" ON \"doctors\".\"specialty_id\" = \"specialty\".\"id\" WHERE \"doctors\".\"is_active\" = true AND \"doctors\".\"doctor_type\" = 'external';\u001b[39m","timestamp":"2025-12-04 23:05:02:52"}
{"level":"\u001b[37mdebug\u001b[39m","message":"\u001b[37mExecuting (default): SELECT \"doctors\".\"id\", \"doctors\".\"user_id\", \"doctors\".\"medical_license\", \"doctors\".\"specialty_id\", \"doctors\".\"doctor_type\", \"doctors\".\"consultation_fee\", \"doctors\".\"surgery_fee\", \"doctors\".\"identification_number\", \"doctors\".\"phone\", \"doctors\".\"email\", \"doctors\".\"address\", \"doctors\".\"is_active\", \"doctors\".\"created_at\" AS \"createdAt\", \"doctors\".\"updated_at\" AS \"updatedAt\", \"user\".\"id\" AS \"user.id\", \"user\".\"full_name\" AS \"user.full_name\", \"user\".\"email\" AS \"user.email\", \"specialty\".\"id\" AS \"specialty.id\", \"specialty\".\"name\" AS \"specialty.name\" FROM \"medical\".\"doctors\" AS \"doctors\" LEFT OUTER JOIN \"core\".\"users\" AS \"user\" ON \"doctors\".\"user_id\" = \"user\".\"id\" LEFT OUTER JOIN \"medical\".\"specialties\" AS \"specialty\" ON \"doctors\".\"specialty_id\" = \"specialty\".\"id\" WHERE \"doctors\".\"is_active\" = true AND \"doctors\".\"doctor_type\" = 'external' ORDER BY \"createdAt\" DESC LIMIT 50 OFFSET 0;\u001b[39m","timestamp":"2025-12-04 23:05:02:52"}
{"level":"\u001b[32minfo\u001b[39m","message":"\u001b[32m\u001b[0mGET /api/v1/medical/doctors/?limit=50&page=1&doctor_type=external \u001b[32m200\u001b[0m 13.663 ms - 902\u001b[0m\u001b[39m","timestamp":"2025-12-04 23:05:02:52"}
{"level":"\u001b[37mdebug\u001b[39m","message":"\u001b[37mExecuting (default): SELECT count(\"doctors\".\"id\") AS \"count\" FROM \"medical\".\"doctors\" AS \"doctors\" LEFT OUTER JOIN \"core\".\"users\" AS \"user\" ON \"doctors\".\"user_id\" = \"user\".\"id\" LEFT OUTER JOIN \"medical\".\"specialties\" AS \"specialty\" ON \"doctors\".\"specialty_id\" = \"specialty\".\"id\" WHERE \"doctors\".\"is_active\" = true;\u001b[39m","timestamp":"2025-12-04 23:05:08:58"}
{"level":"\u001b[37mdebug\u001b[39m","message":"\u001b[37mExecuting (default): SELECT \"doctors\".\"id\", \"doctors\".\"user_id\", \"doctors\".\"medical_license\", \"doctors\".\"specialty_id\", \"doctors\".\"doctor_type\", \"doctors\".\"consultation_fee\", \"doctors\".\"surgery_fee\", \"doctors\".\"identification_number\", \"doctors\".\"phone\", \"doctors\".\"email\", \"doctors\".\"address\", \"doctors\".\"is_active\", \"doctors\".\"created_at\" AS \"createdAt\", \"doctors\".\"updated_at\" AS \"updatedAt\", \"user\".\"id\" AS \"user.id\", \"user\".\"full_name\" AS \"user.full_name\", \"user\".\"email\" AS \"user.email\", \"specialty\".\"id\" AS \"specialty.id\", \"specialty\".\"name\" AS \"specialty.name\" FROM \"medical\".\"doctors\" AS \"doctors\" LEFT OUTER JOIN \"core\".\"users\" AS \"user\" ON \"doctors\".\"user_id\" = \"user\".\"id\" LEFT OUTER JOIN \"medical\".\"specialties\" AS \"specialty\" ON \"doctors\".\"specialty_id\" = \"specialty\".\"id\" WHERE \"doctors\".\"is_active\" = true ORDER BY \"createdAt\" DESC LIMIT 50 OFFSET 0;\u001b[39m","timestamp":"2025-12-04 23:05:08:58"}
{"level":"\u001b[32minfo\u001b[39m","message":"\u001b[32m\u001b[0mGET /api/v1/medical/doctors/?limit=50&page=1&isActive=true \u001b[32m200\u001b[0m 10.537 ms - 2068\u001b[0m\u001b[39m","timestamp":"2025-12-04 23:05:08:58"}
{"level":"\u001b[37mdebug\u001b[39m","message":"\u001b[37mExecuting (default): SELECT count(\"doctors\".\"id\") AS \"count\" FROM \"medical\".\"doctors\" AS \"doctors\" LEFT OUTER JOIN \"core\".\"users\" AS \"user\" ON \"doctors\".\"user_id\" = \"user\".\"id\" LEFT OUTER JOIN \"medical\".\"specialties\" AS \"specialty\" ON \"doctors\".\"specialty_id\" = \"specialty\".\"id\" WHERE \"doctors\".\"is_active\" = false;\u001b[39m","timestamp":"2025-12-04 23:05:14:514"}
{"level":"\u001b[37mdebug\u001b[39m","message":"\u001b[37mExecuting (default): SELECT \"doctors\".\"id\", \"doctors\".\"user_id\", \"doctors\".\"medical_license\", \"doctors\".\"specialty_id\", \"doctors\".\"doctor_type\", \"doctors\".\"consultation_fee\", \"doctors\".\"surgery_fee\", \"doctors\".\"identification_number\", \"doctors\".\"phone\", \"doctors\".\"email\", \"doctors\".\"address\", \"doctors\".\"is_active\", \"doctors\".\"created_at\" AS \"createdAt\", \"doctors\".\"updated_at\" AS \"updatedAt\", \"user\".\"id\" AS \"user.id\", \"user\".\"full_name\" AS \"user.full_name\", \"user\".\"email\" AS \"user.email\", \"specialty\".\"id\" AS \"specialty.id\", \"specialty\".\"name\" AS \"specialty.name\" FROM \"medical\".\"doctors\" AS \"doctors\" LEFT OUTER JOIN \"core\".\"users\" AS \"user\" ON \"doctors\".\"user_id\" = \"user\".\"id\" LEFT OUTER JOIN \"medical\".\"specialties\" AS \"specialty\" ON \"doctors\".\"specialty_id\" = \"specialty\".\"id\" WHERE \"doctors\".\"is_active\" = false ORDER BY \"createdAt\" DESC LIMIT 50 OFFSET 0;\u001b[39m","timestamp":"2025-12-04 23:05:14:514"}
{"level":"\u001b[32minfo\u001b[39m","message":"\u001b[32m\u001b[0mGET /api/v1/medical/doctors/?limit=50&page=1&isActive=false \u001b[32m200\u001b[0m 8.927 ms - 126\u001b[0m\u001b[39m","timestamp":"2025-12-04 23:05:14:514"}
{"level":"\u001b[37mdebug\u001b[39m","message":"\u001b[37mExecuting (default): SELECT count(\"doctors\".\"id\") AS \"count\" FROM \"medical\".\"doctors\" AS \"doctors\" LEFT OUTER JOIN \"core\".\"users\" AS \"user\" ON \"doctors\".\"user_id\" = \"user\".\"id\" LEFT OUTER JOIN \"medical\".\"specialties\" AS \"specialty\" ON \"doctors\".\"specialty_id\" = \"specialty\".\"id\" WHERE \"doctors\".\"is_active\" = true AND \"doctors\".\"specialty_id\" = 'ab07adb0-10ac-41a6-905b-8d055be4ef06';\u001b[39m","timestamp":"2025-12-04 23:05:39:539"}
{"level":"\u001b[37mdebug\u001b[39m","message":"\u001b[37mExecuting (default): SELECT \"doctors\".\"id\", \"doctors\".\"user_id\", \"doctors\".\"medical_license\", \"doctors\".\"specialty_id\", \"doctors\".\"doctor_type\", \"doctors\".\"consultation_fee\", \"doctors\".\"surgery_fee\", \"doctors\".\"identification_number\", \"doctors\".\"phone\", \"doctors\".\"email\", \"doctors\".\"address\", \"doctors\".\"is_active\", \"doctors\".\"created_at\" AS \"createdAt\", \"doctors\".\"updated_at\" AS \"updatedAt\", \"user\".\"id\" AS \"user.id\", \"user\".\"full_name\" AS \"user.full_name\", \"user\".\"email\" AS \"user.email\", \"specialty\".\"id\" AS \"specialty.id\", \"specialty\".\"name\" AS \"specialty.name\" FROM \"medical\".\"doctors\" AS \"doctors\" LEFT OUTER JOIN \"core\".\"users\" AS \"user\" ON \"doctors\".\"user_id\" = \"user\".\"id\" LEFT OUTER JOIN \"medical\".\"specialties\" AS \"specialty\" ON \"doctors\".\"specialty_id\" = \"specialty\".\"id\" WHERE \"doctors\".\"is_active\" = true AND \"doctors\".\"specialty_id\" = 'ab07adb0-10ac-41a6-905b-8d055be4ef06' ORDER BY \"createdAt\" DESC LIMIT 50 OFFSET 0;\u001b[39m","timestamp":"2025-12-04 23:05:39:539"}
{"level":"\u001b[32minfo\u001b[39m","message":"\u001b[32m\u001b[0mGET /api/v1/medical/doctors/?limit=50&page=1&isActive=true&specialty_id=ab07adb0-10ac-41a6-905b-8d055be4ef06 \u001b[32m200\u001b[0m 31.182 ms - 515\u001b[0m\u001b[39m","timestamp":"2025-12-04 23:05:39:539"}
{"level":"\u001b[37mdebug\u001b[39m","message":"\u001b[37mExecuting (default): SELECT count(\"doctors\".\"id\") AS \"count\" FROM \"medical\".\"doctors\" AS \"doctors\" LEFT OUTER JOIN \"core\".\"users\" AS \"user\" ON \"doctors\".\"user_id\" = \"user\".\"id\" LEFT OUTER JOIN \"medical\".\"specialties\" AS \"specialty\" ON \"doctors\".\"specialty_id\" = \"specialty\".\"id\" WHERE (\"doctors\".\"medical_license\" ILIKE '%C.M. 11980%' OR \"doctors\".\"identification_number\" ILIKE '%C.M. 11980%' OR \"doctors\".\"phone\" ILIKE '%C.M. 11980%' OR \"doctors\".\"email\" ILIKE '%C.M. 11980%') AND \"doctors\".\"is_active\" = true;\u001b[39m","timestamp":"2025-12-04 23:06:15:615"}
{"level":"\u001b[37mdebug\u001b[39m","message":"\u001b[37mExecuting (default): SELECT \"doctors\".\"id\", \"doctors\".\"user_id\", \"doctors\".\"medical_license\", \"doctors\".\"specialty_id\", \"doctors\".\"doctor_type\", \"doctors\".\"consultation_fee\", \"doctors\".\"surgery_fee\", \"doctors\".\"identification_number\", \"doctors\".\"phone\", \"doctors\".\"email\", \"doctors\".\"address\", \"doctors\".\"is_active\", \"doctors\".\"created_at\" AS \"createdAt\", \"doctors\".\"updated_at\" AS \"updatedAt\", \"user\".\"id\" AS \"user.id\", \"user\".\"full_name\" AS \"user.full_name\", \"user\".\"email\" AS \"user.email\", \"specialty\".\"id\" AS \"specialty.id\", \"specialty\".\"name\" AS \"specialty.name\" FROM \"medical\".\"doctors\" AS \"doctors\" LEFT OUTER JOIN \"core\".\"users\" AS \"user\" ON \"doctors\".\"user_id\" = \"user\".\"id\" LEFT OUTER JOIN \"medical\".\"specialties\" AS \"specialty\" ON \"doctors\".\"specialty_id\" = \"specialty\".\"id\" WHERE (\"doctors\".\"medical_license\" ILIKE '%C.M. 11980%' OR \"doctors\".\"identification_number\" ILIKE '%C.M. 11980%' OR \"doctors\".\"phone\" ILIKE '%C.M. 11980%' OR \"doctors\".\"email\" ILIKE '%C.M. 11980%') AND \"doctors\".\"is_active\" = true ORDER BY \"createdAt\" DESC LIMIT 50 OFFSET 0;\u001b[39m","timestamp":"2025-12-04 23:06:15:615"}
{"level":"\u001b[32minfo\u001b[39m","message":"\u001b[32m\u001b[0mGET /api/v1/medical/doctors/?limit=50&page=1&search=C.M.%2011980&isActive=true \u001b[32m200\u001b[0m 45.161 ms - 508\u001b[0m\u001b[39m","timestamp":"2025-12-04 23:06:15:615"}
{"level":"\u001b[37mdebug\u001b[39m","message":"\u001b[37mExecuting (default): SELECT count(\"doctors\".\"id\") AS \"count\" FROM \"medical\".\"doctors\" AS \"doctors\" LEFT OUTER JOIN \"core\".\"users\" AS \"user\" ON \"doctors\".\"user_id\" = \"user\".\"id\" LEFT OUTER JOIN \"medical\".\"specialties\" AS \"specialty\" ON \"doctors\".\"specialty_id\" = \"specialty\".\"id\" WHERE (\"doctors\".\"medical_license\" ILIKE '%NIT-456789-0%' OR \"doctors\".\"identification_number\" ILIKE '%NIT-456789-0%' OR \"doctors\".\"phone\" ILIKE '%NIT-456789-0%' OR \"doctors\".\"email\" ILIKE '%NIT-456789-0%') AND \"doctors\".\"is_active\" = true;\u001b[39m","timestamp":"2025-12-04 23:06:32:632"}
{"level":"\u001b[37mdebug\u001b[39m","message":"\u001b[37mExecuting (default): SELECT \"doctors\".\"id\", \"doctors\".\"user_id\", \"doctors\".\"medical_license\", \"doctors\".\"specialty_id\", \"doctors\".\"doctor_type\", \"doctors\".\"consultation_fee\", \"doctors\".\"surgery_fee\", \"doctors\".\"identification_number\", \"doctors\".\"phone\", \"doctors\".\"email\", \"doctors\".\"address\", \"doctors\".\"is_active\", \"doctors\".\"created_at\" AS \"createdAt\", \"doctors\".\"updated_at\" AS \"updatedAt\", \"user\".\"id\" AS \"user.id\", \"user\".\"full_name\" AS \"user.full_name\", \"user\".\"email\" AS \"user.email\", \"specialty\".\"id\" AS \"specialty.id\", \"specialty\".\"name\" AS \"specialty.name\" FROM \"medical\".\"doctors\" AS \"doctors\" LEFT OUTER JOIN \"core\".\"users\" AS \"user\" ON \"doctors\".\"user_id\" = \"user\".\"id\" LEFT OUTER JOIN \"medical\".\"specialties\" AS \"specialty\" ON \"doctors\".\"specialty_id\" = \"specialty\".\"id\" WHERE (\"doctors\".\"medical_license\" ILIKE '%NIT-456789-0%' OR \"doctors\".\"identification_number\" ILIKE '%NIT-456789-0%' OR \"doctors\".\"phone\" ILIKE '%NIT-456789-0%' OR \"doctors\".\"email\" ILIKE '%NIT-456789-0%') AND \"doctors\".\"is_active\" = true ORDER BY \"createdAt\" DESC LIMIT 50 OFFSET 0;\u001b[39m","timestamp":"2025-12-04 23:06:32:632"}
{"level":"\u001b[32minfo\u001b[39m","message":"\u001b[32m\u001b[0mGET /api/v1/medical/doctors/?limit=50&page=1&search=NIT-456789-0&isActive=true \u001b[32m200\u001b[0m 52.288 ms - 508\u001b[0m\u001b[39m","timestamp":"2025-12-04 23:06:32:632"}
{"level":"\u001b[37mdebug\u001b[39m","message":"\u001b[37mExecuting (default): SELECT count(\"doctors\".\"id\") AS \"count\" FROM \"medical\".\"doctors\" AS \"doctors\" LEFT OUTER JOIN \"core\".\"users\" AS \"user\" ON \"doctors\".\"user_id\" = \"user\".\"id\" LEFT OUTER JOIN \"medical\".\"specialties\" AS \"specialty\" ON \"doctors\".\"specialty_id\" = \"specialty\".\"id\" WHERE (\"doctors\".\"medical_license\" ILIKE '%NIT-567890-1%' OR \"doctors\".\"identification_number\" ILIKE '%NIT-567890-1%' OR \"doctors\".\"phone\" ILIKE '%NIT-567890-1%' OR \"doctors\".\"email\" ILIKE '%NIT-567890-1%') AND \"doctors\".\"is_active\" = true;\u001b[39m","timestamp":"2025-12-04 23:06:40:640"}
{"level":"\u001b[37mdebug\u001b[39m","message":"\u001b[37mExecuting (default): SELECT \"doctors\".\"id\", \"doctors\".\"user_id\", \"doctors\".\"medical_license\", \"doctors\".\"specialty_id\", \"doctors\".\"doctor_type\", \"doctors\".\"consultation_fee\", \"doctors\".\"surgery_fee\", \"doctors\".\"identification_number\", \"doctors\".\"phone\", \"doctors\".\"email\", \"doctors\".\"address\", \"doctors\".\"is_active\", \"doctors\".\"created_at\" AS \"createdAt\", \"doctors\".\"updated_at\" AS \"updatedAt\", \"user\".\"id\" AS \"user.id\", \"user\".\"full_name\" AS \"user.full_name\", \"user\".\"email\" AS \"user.email\", \"specialty\".\"id\" AS \"specialty.id\", \"specialty\".\"name\" AS \"specialty.name\" FROM \"medical\".\"doctors\" AS \"doctors\" LEFT OUTER JOIN \"core\".\"users\" AS \"user\" ON \"doctors\".\"user_id\" = \"user\".\"id\" LEFT OUTER JOIN \"medical\".\"specialties\" AS \"specialty\" ON \"doctors\".\"specialty_id\" = \"specialty\".\"id\" WHERE (\"doctors\".\"medical_license\" ILIKE '%NIT-567890-1%' OR \"doctors\".\"identification_number\" ILIKE '%NIT-567890-1%' OR \"doctors\".\"phone\" ILIKE '%NIT-567890-1%' OR \"doctors\".\"email\" ILIKE '%NIT-567890-1%') AND \"doctors\".\"is_active\" = true ORDER BY \"createdAt\" DESC LIMIT 50 OFFSET 0;\u001b[39m","timestamp":"2025-12-04 23:06:40:640"}
{"level":"\u001b[32minfo\u001b[39m","message":"\u001b[32m\u001b[0mGET /api/v1/medical/doctors/?limit=50&page=1&search=NIT-567890-1&isActive=true \u001b[32m200\u001b[0m 16.964 ms - 513\u001b[0m\u001b[39m","timestamp":"2025-12-04 23:06:40:640"}
{"level":"\u001b[37mdebug\u001b[39m","message":"\u001b[37mExecuting (default): SELECT count(\"doctors\".\"id\") AS \"count\" FROM \"medical\".\"doctors\" AS \"doctors\" LEFT OUTER JOIN \"core\".\"users\" AS \"user\" ON \"doctors\".\"user_id\" = \"user\".\"id\" LEFT OUTER JOIN \"medical\".\"specialties\" AS \"specialty\" ON \"doctors\".\"specialty_id\" = \"specialty\".\"id\" WHERE (\"doctors\".\"medical_license\" ILIKE '%2311-1001%' OR \"doctors\".\"identification_number\" ILIKE '%2311-1001%' OR \"doctors\".\"phone\" ILIKE '%2311-1001%' OR \"doctors\".\"email\" ILIKE '%2311-1001%') AND \"doctors\".\"is_active\" = true;\u001b[39m","timestamp":"2025-12-04 23:06:57:657"}
{"level":"\u001b[37mdebug\u001b[39m","message":"\u001b[37mExecuting (default): SELECT \"doctors\".\"id\", \"doctors\".\"user_id\", \"doctors\".\"medical_license\", \"doctors\".\"specialty_id\", \"doctors\".\"doctor_type\", \"doctors\".\"consultation_fee\", \"doctors\".\"surgery_fee\", \"doctors\".\"identification_number\", \"doctors\".\"phone\", \"doctors\".\"email\", \"doctors\".\"address\", \"doctors\".\"is_active\", \"doctors\".\"created_at\" AS \"createdAt\", \"doctors\".\"updated_at\" AS \"updatedAt\", \"user\".\"id\" AS \"user.id\", \"user\".\"full_name\" AS \"user.full_name\", \"user\".\"email\" AS \"user.email\", \"specialty\".\"id\" AS \"specialty.id\", \"specialty\".\"name\" AS \"specialty.name\" FROM \"medical\".\"doctors\" AS \"doctors\" LEFT OUTER JOIN \"core\".\"users\" AS \"user\" ON \"doctors\".\"user_id\" = \"user\".\"id\" LEFT OUTER JOIN \"medical\".\"specialties\" AS \"specialty\" ON \"doctors\".\"specialty_id\" = \"specialty\".\"id\" WHERE (\"doctors\".\"medical_license\" ILIKE '%2311-1001%' OR \"doctors\".\"identification_number\" ILIKE '%2311-1001%' OR \"doctors\".\"phone\" ILIKE '%2311-1001%' OR \"doctors\".\"email\" ILIKE '%2311-1001%') AND \"doctors\".\"is_active\" = true ORDER BY \"createdAt\" DESC LIMIT 50 OFFSET 0;\u001b[39m","timestamp":"2025-12-04 23:06:57:657"}
{"level":"\u001b[32minfo\u001b[39m","message":"\u001b[32m\u001b[0mGET /api/v1/medical/doctors/?limit=50&page=1&search=2311-1001&isActive=true \u001b[32m200\u001b[0m 39.185 ms - 515\u001b[0m\u001b[39m","timestamp":"2025-12-04 23:06:57:657"}
{"level":"\u001b[37mdebug\u001b[39m","message":"\u001b[37mExecuting (default): SELECT count(\"doctors\".\"id\") AS \"count\" FROM \"medical\".\"doctors\" AS \"doctors\" LEFT OUTER JOIN \"core\".\"users\" AS \"user\" ON \"doctors\".\"user_id\" = \"user\".\"id\" LEFT OUTER JOIN \"medical\".\"specialties\" AS \"specialty\" ON \"doctors\".\"specialty_id\" = \"specialty\".\"id\" WHERE (\"doctors\".\"medical_license\" ILIKE '%rlopez@cirujano.com%' OR \"doctors\".\"identification_number\" ILIKE '%rlopez@cirujano.com%' OR \"doctors\".\"phone\" ILIKE '%rlopez@cirujano.com%' OR \"doctors\".\"email\" ILIKE '%rlopez@cirujano.com%') AND \"doctors\".\"is_active\" = true;\u001b[39m","timestamp":"2025-12-04 23:07:12:712"}
{"level":"\u001b[37mdebug\u001b[39m","message":"\u001b[37mExecuting (default): SELECT \"doctors\".\"id\", \"doctors\".\"user_id\", \"doctors\".\"medical_license\", \"doctors\".\"specialty_id\", \"doctors\".\"doctor_type\", \"doctors\".\"consultation_fee\", \"doctors\".\"surgery_fee\", \"doctors\".\"identification_number\", \"doctors\".\"phone\", \"doctors\".\"email\", \"doctors\".\"address\", \"doctors\".\"is_active\", \"doctors\".\"created_at\" AS \"createdAt\", \"doctors\".\"updated_at\" AS \"updatedAt\", \"user\".\"id\" AS \"user.id\", \"user\".\"full_name\" AS \"user.full_name\", \"user\".\"email\" AS \"user.email\", \"specialty\".\"id\" AS \"specialty.id\", \"specialty\".\"name\" AS \"specialty.name\" FROM \"medical\".\"doctors\" AS \"doctors\" LEFT OUTER JOIN \"core\".\"users\" AS \"user\" ON \"doctors\".\"user_id\" = \"user\".\"id\" LEFT OUTER JOIN \"medical\".\"specialties\" AS \"specialty\" ON \"doctors\".\"specialty_id\" = \"specialty\".\"id\" WHERE (\"doctors\".\"medical_license\" ILIKE '%rlopez@cirujano.com%' OR \"doctors\".\"identification_number\" ILIKE '%rlopez@cirujano.com%' OR \"doctors\".\"phone\" ILIKE '%rlopez@cirujano.com%' OR \"doctors\".\"email\" ILIKE '%rlopez@cirujano.com%') AND \"doctors\".\"is_active\" = true ORDER BY \"createdAt\" DESC LIMIT 50 OFFSET 0;\u001b[39m","timestamp":"2025-12-04 23:07:12:712"}
{"level":"\u001b[32minfo\u001b[39m","message":"\u001b[32m\u001b[0mGET /api/v1/medical/doctors/?limit=50&page=1&search=rlopez@cirujano.com&isActive=true \u001b[32m200\u001b[0m 35.250 ms - 514\u001b[0m\u001b[39m","timestamp":"2025-12-04 23:07:12:712"}
{"level":"\u001b[37mdebug\u001b[39m","message":"\u001b[37mExecuting (default): SELECT \"doctors\".\"id\", \"doctors\".\"user_id\", \"doctors\".\"medical_license\", \"doctors\".\"specialty_id\", \"doctors\".\"doctor_type\", \"doctors\".\"consultation_fee\", \"doctors\".\"surgery_fee\", \"doctors\".\"identification_number\", \"doctors\".\"phone\", \"doctors\".\"email\", \"doctors\".\"address\", \"doctors\".\"is_active\", \"doctors\".\"created_at\" AS \"createdAt\", \"doctors\".\"updated_at\" AS \"updatedAt\", \"user\".\"id\" AS \"user.id\", \"user\".\"full_name\" AS \"user.full_name\", \"user\".\"email\" AS \"user.email\", \"specialty\".\"id\" AS \"specialty.id\", \"specialty\".\"name\" AS \"specialty.name\" FROM \"medical\".\"doctors\" AS \"doctors\" LEFT OUTER JOIN \"core\".\"users\" AS \"user\" ON \"doctors\".\"user_id\" = \"user\".\"id\" LEFT OUTER JOIN \"medical\".\"specialties\" AS \"specialty\" ON \"doctors\".\"specialty_id\" = \"specialty\".\"id\" WHERE \"doctors\".\"id\" = '27786f7b-8af2-4e31-9825-0d0167527187';\u001b[39m","timestamp":"2025-12-04 23:07:47:747"}
{"level":"\u001b[32minfo\u001b[39m","message":"\u001b[32m\u001b[0mGET /api/v1/medical/doctors/27786f7b-8af2-4e31-9825-0d0167527187 \u001b[32m200\u001b[0m 32.565 ms - 465\u001b[0m\u001b[39m","timestamp":"2025-12-04 23:07:47:747"}
{"level":"\u001b[32minfo\u001b[39m","message":"\u001b[32m🚀 Server is running on port 3000\u001b[39m","timestamp":"2025-12-04 23:08:44:844"}
{"level":"\u001b[32minfo\u001b[39m","message":"\u001b[32m📚 API Documentation: http://localhost:3000/api-docs\u001b[39m","timestamp":"2025-12-04 23:08:44:844"}
{"level":"\u001b[32minfo\u001b[39m","message":"\u001b[32m🔍 API v1: http://localhost:3000/api/v1\u001b[39m","timestamp":"2025-12-04 23:08:44:844"}
{"level":"\u001b[32minfo\u001b[39m","message":"\u001b[32m❤️  Health check: http://localhost:3000/health\u001b[39m","timestamp":"2025-12-04 23:08:44:844"}
{"level":"\u001b[37mdebug\u001b[39m","message":"\u001b[37mExecuting (default): SELECT 1+1 AS result\u001b[39m","timestamp":"2025-12-04 23:08:45:845"}
{"level":"\u001b[32minfo\u001b[39m","message":"\u001b[32m✅ Database connection established successfully\u001b[39m","timestamp":"2025-12-04 23:08:45:845"}
{"level":"\u001b[32minfo\u001b[39m","message":"\u001b[32m📊 Connected to: dev-cmdv@localhost\u001b[39m","timestamp":"2025-12-04 23:08:45:845"}
{"level":"\u001b[32minfo\u001b[39m","message":"\u001b[32m🚀 Server is running on port 3000\u001b[39m","timestamp":"2025-12-04 23:46:47:4647"}
{"level":"\u001b[32minfo\u001b[39m","message":"\u001b[32m📚 API Documentation: http://localhost:3000/api-docs\u001b[39m","timestamp":"2025-12-04 23:46:47:4647"}
{"level":"\u001b[32minfo\u001b[39m","message":"\u001b[32m🔍 API v1: http://localhost:3000/api/v1\u001b[39m","timestamp":"2025-12-04 23:46:47:4647"}
{"level":"\u001b[32minfo\u001b[39m","message":"\u001b[32m❤️  Health check: http://localhost:3000/health\u001b[39m","timestamp":"2025-12-04 23:46:47:4647"}
{"level":"\u001b[37mdebug\u001b[39m","message":"\u001b[37mExecuting (default): SELECT 1+1 AS result\u001b[39m","timestamp":"2025-12-04 23:46:47:4647"}
{"level":"\u001b[32minfo\u001b[39m","message":"\u001b[32m✅ Database connection established successfully\u001b[39m","timestamp":"2025-12-04 23:46:47:4647"}
{"level":"\u001b[32minfo\u001b[39m","message":"\u001b[32m📊 Connected to: dev-cmdv@localhost\u001b[39m","timestamp":"2025-12-04 23:46:47:4647"}
{"level":"\u001b[37mdebug\u001b[39m","message":"\u001b[37mExecuting (default): SELECT count(\"doctors\".\"id\") AS \"count\" FROM \"medical\".\"doctors\" AS \"doctors\" LEFT OUTER JOIN \"core\".\"users\" AS \"user\" ON \"doctors\".\"user_id\" = \"user\".\"id\" LEFT OUTER JOIN \"medical\".\"specialties\" AS \"specialty\" ON \"doctors\".\"specialty_id\" = \"specialty\".\"id\" WHERE (\"doctors\".\"medical_license\" ILIKE '%rlopez@cirujano.com%' OR \"doctors\".\"identification_number\" ILIKE '%rlopez@cirujano.com%' OR \"doctors\".\"phone\" ILIKE '%rlopez@cirujano.com%' OR \"doctors\".\"email\" ILIKE '%rlopez@cirujano.com%') AND \"doctors\".\"is_active\" = true;\u001b[39m","timestamp":"2025-12-04 23:49:20:4920"}
{"level":"\u001b[37mdebug\u001b[39m","message":"\u001b[37mExecuting (default): SELECT \"doctors\".\"id\", \"doctors\".\"user_id\", \"doctors\".\"medical_license\", \"doctors\".\"specialty_id\", \"doctors\".\"doctor_type\", \"doctors\".\"consultation_fee\", \"doctors\".\"surgery_fee\", \"doctors\".\"identification_number\", \"doctors\".\"phone\", \"doctors\".\"email\", \"doctors\".\"address\", \"doctors\".\"is_active\", \"doctors\".\"created_at\" AS \"createdAt\", \"doctors\".\"updated_at\" AS \"updatedAt\", \"user\".\"id\" AS \"user.id\", \"user\".\"full_name\" AS \"user.full_name\", \"user\".\"email\" AS \"user.email\", \"specialty\".\"id\" AS \"specialty.id\", \"specialty\".\"name\" AS \"specialty.name\" FROM \"medical\".\"doctors\" AS \"doctors\" LEFT OUTER JOIN \"core\".\"users\" AS \"user\" ON \"doctors\".\"user_id\" = \"user\".\"id\" LEFT OUTER JOIN \"medical\".\"specialties\" AS \"specialty\" ON \"doctors\".\"specialty_id\" = \"specialty\".\"id\" WHERE (\"doctors\".\"medical_license\" ILIKE '%rlopez@cirujano.com%' OR \"doctors\".\"identification_number\" ILIKE '%rlopez@cirujano.com%' OR \"doctors\".\"phone\" ILIKE '%rlopez@cirujano.com%' OR \"doctors\".\"email\" ILIKE '%rlopez@cirujano.com%') AND \"doctors\".\"is_active\" = true ORDER BY \"createdAt\" DESC LIMIT 50 OFFSET 0;\u001b[39m","timestamp":"2025-12-04 23:49:20:4920"}
{"level":"\u001b[32minfo\u001b[39m","message":"\u001b[32m\u001b[0mGET /api/v1/medical/doctors/?limit=50&page=1&search=rlopez@cirujano.com&isActive=true \u001b[32m200\u001b[0m 153.160 ms - 514\u001b[0m\u001b[39m","timestamp":"2025-12-04 23:49:20:4920"}
{"level":"\u001b[37mdebug\u001b[39m","message":"\u001b[37mExecuting (default): SELECT count(*) AS \"count\" FROM \"medical\".\"rooms\" AS \"rooms\" WHERE \"rooms\".\"is_active\" = true AND \"rooms\".\"room_type\" = 'NORMAL';\u001b[39m","timestamp":"2025-12-04 23:49:30:4930"}
{"level":"\u001b[37mdebug\u001b[39m","message":"\u001b[37mExecuting (default): SELECT \"id\", \"room_number\", \"room_type\", \"floor\", \"capacity\", \"daily_rate\", \"has_bathroom\", \"has_oxygen\", \"has_monitor\", \"equipment\", \"status\", \"is_active\", \"created_at\" AS \"createdAt\", \"updated_at\" AS \"updatedAt\" FROM \"medical\".\"rooms\" AS \"rooms\" WHERE \"rooms\".\"is_active\" = true AND \"rooms\".\"room_type\" = 'NORMAL' ORDER BY \"createdAt\" DESC LIMIT 50 OFFSET 0;\u001b[39m","timestamp":"2025-12-04 23:49:30:4930"}
{"level":"\u001b[31merror\u001b[39m","message":"\u001b[31mError finding rooms: SequelizeDatabaseError: column \"updated_at\" does not exist\u001b[39m","timestamp":"2025-12-04 23:49:30:4930"}
{"level":"\u001b[32minfo\u001b[39m","message":"\u001b[32m\u001b[0mGET /api/v1/medical/rooms/?limit=50&page=1&roomType=NORMAL&isActive=true \u001b[31m500\u001b[0m 99.599 ms - 77\u001b[0m\u001b[39m","timestamp":"2025-12-04 23:49:30:4930"}
{"level":"\u001b[32minfo\u001b[39m","message":"\u001b[32m🚀 Server is running on port 3000\u001b[39m","timestamp":"2025-12-04 23:50:11:5011"}
{"level":"\u001b[32minfo\u001b[39m","message":"\u001b[32m📚 API Documentation: http://localhost:3000/api-docs\u001b[39m","timestamp":"2025-12-04 23:50:11:5011"}
{"level":"\u001b[32minfo\u001b[39m","message":"\u001b[32m🔍 API v1: http://localhost:3000/api/v1\u001b[39m","timestamp":"2025-12-04 23:50:11:5011"}
{"level":"\u001b[32minfo\u001b[39m","message":"\u001b[32m❤️  Health check: http://localhost:3000/health\u001b[39m","timestamp":"2025-12-04 23:50:11:5011"}
{"level":"\u001b[37mdebug\u001b[39m","message":"\u001b[37mExecuting (default): SELECT 1+1 AS result\u001b[39m","timestamp":"2025-12-04 23:50:12:5012"}
{"level":"\u001b[32minfo\u001b[39m","message":"\u001b[32m✅ Database connection established successfully\u001b[39m","timestamp":"2025-12-04 23:50:12:5012"}
{"level":"\u001b[32minfo\u001b[39m","message":"\u001b[32m📊 Connected to: dev-cmdv@localhost\u001b[39m","timestamp":"2025-12-04 23:50:12:5012"}
{"level":"\u001b[32minfo\u001b[39m","message":"\u001b[32m🚀 Server is running on port 3000\u001b[39m","timestamp":"2025-12-04 23:50:24:5024"}
{"level":"\u001b[32minfo\u001b[39m","message":"\u001b[32m📚 API Documentation: http://localhost:3000/api-docs\u001b[39m","timestamp":"2025-12-04 23:50:24:5024"}
{"level":"\u001b[32minfo\u001b[39m","message":"\u001b[32m🔍 API v1: http://localhost:3000/api/v1\u001b[39m","timestamp":"2025-12-04 23:50:24:5024"}
{"level":"\u001b[32minfo\u001b[39m","message":"\u001b[32m❤️  Health check: http://localhost:3000/health\u001b[39m","timestamp":"2025-12-04 23:50:24:5024"}
{"level":"\u001b[37mdebug\u001b[39m","message":"\u001b[37mExecuting (default): SELECT 1+1 AS result\u001b[39m","timestamp":"2025-12-04 23:50:24:5024"}
{"level":"\u001b[32minfo\u001b[39m","message":"\u001b[32m✅ Database connection established successfully\u001b[39m","timestamp":"2025-12-04 23:50:24:5024"}
{"level":"\u001b[32minfo\u001b[39m","message":"\u001b[32m📊 Connected to: dev-cmdv@localhost\u001b[39m","timestamp":"2025-12-04 23:50:24:5024"}
{"level":"\u001b[32minfo\u001b[39m","message":"\u001b[32m🚀 Server is running on port 3000\u001b[39m","timestamp":"2025-12-04 23:50:32:5032"}
{"level":"\u001b[32minfo\u001b[39m","message":"\u001b[32m📚 API Documentation: http://localhost:3000/api-docs\u001b[39m","timestamp":"2025-12-04 23:50:32:5032"}
{"level":"\u001b[32minfo\u001b[39m","message":"\u001b[32m🔍 API v1: http://localhost:3000/api/v1\u001b[39m","timestamp":"2025-12-04 23:50:32:5032"}
{"level":"\u001b[32minfo\u001b[39m","message":"\u001b[32m❤️  Health check: http://localhost:3000/health\u001b[39m","timestamp":"2025-12-04 23:50:32:5032"}
{"level":"\u001b[37mdebug\u001b[39m","message":"\u001b[37mExecuting (default): SELECT 1+1 AS result\u001b[39m","timestamp":"2025-12-04 23:50:32:5032"}
{"level":"\u001b[32minfo\u001b[39m","message":"\u001b[32m✅ Database connection established successfully\u001b[39m","timestamp":"2025-12-04 23:50:32:5032"}
{"level":"\u001b[32minfo\u001b[39m","message":"\u001b[32m📊 Connected to: dev-cmdv@localhost\u001b[39m","timestamp":"2025-12-04 23:50:32:5032"}
{"level":"\u001b[32minfo\u001b[39m","message":"\u001b[32m🚀 Server is running on port 3000\u001b[39m","timestamp":"2025-12-04 23:50:39:5039"}
{"level":"\u001b[32minfo\u001b[39m","message":"\u001b[32m📚 API Documentation: http://localhost:3000/api-docs\u001b[39m","timestamp":"2025-12-04 23:50:39:5039"}
{"level":"\u001b[32minfo\u001b[39m","message":"\u001b[32m🔍 API v1: http://localhost:3000/api/v1\u001b[39m","timestamp":"2025-12-04 23:50:39:5039"}
{"level":"\u001b[32minfo\u001b[39m","message":"\u001b[32m❤️  Health check: http://localhost:3000/health\u001b[39m","timestamp":"2025-12-04 23:50:39:5039"}
{"level":"\u001b[37mdebug\u001b[39m","message":"\u001b[37mExecuting (default): SELECT 1+1 AS result\u001b[39m","timestamp":"2025-12-04 23:50:40:5040"}
{"level":"\u001b[32minfo\u001b[39m","message":"\u001b[32m✅ Database connection established successfully\u001b[39m","timestamp":"2025-12-04 23:50:40:5040"}
{"level":"\u001b[32minfo\u001b[39m","message":"\u001b[32m📊 Connected to: dev-cmdv@localhost\u001b[39m","timestamp":"2025-12-04 23:50:40:5040"}
{"level":"\u001b[32minfo\u001b[39m","message":"\u001b[32m🚀 Server is running on port 3000\u001b[39m","timestamp":"2025-12-04 23:50:57:5057"}
{"level":"\u001b[32minfo\u001b[39m","message":"\u001b[32m📚 API Documentation: http://localhost:3000/api-docs\u001b[39m","timestamp":"2025-12-04 23:50:57:5057"}
{"level":"\u001b[32minfo\u001b[39m","message":"\u001b[32m🔍 API v1: http://localhost:3000/api/v1\u001b[39m","timestamp":"2025-12-04 23:50:57:5057"}
{"level":"\u001b[32minfo\u001b[39m","message":"\u001b[32m❤️  Health check: http://localhost:3000/health\u001b[39m","timestamp":"2025-12-04 23:50:57:5057"}
{"level":"\u001b[37mdebug\u001b[39m","message":"\u001b[37mExecuting (default): SELECT 1+1 AS result\u001b[39m","timestamp":"2025-12-04 23:50:57:5057"}
{"level":"\u001b[32minfo\u001b[39m","message":"\u001b[32m✅ Database connection established successfully\u001b[39m","timestamp":"2025-12-04 23:50:57:5057"}
{"level":"\u001b[32minfo\u001b[39m","message":"\u001b[32m📊 Connected to: dev-cmdv@localhost\u001b[39m","timestamp":"2025-12-04 23:50:57:5057"}
{"level":"\u001b[32minfo\u001b[39m","message":"\u001b[32m🚀 Server is running on port 3000\u001b[39m","timestamp":"2025-12-04 23:51:05:515"}
{"level":"\u001b[32minfo\u001b[39m","message":"\u001b[32m📚 API Documentation: http://localhost:3000/api-docs\u001b[39m","timestamp":"2025-12-04 23:51:05:515"}
{"level":"\u001b[32minfo\u001b[39m","message":"\u001b[32m🔍 API v1: http://localhost:3000/api/v1\u001b[39m","timestamp":"2025-12-04 23:51:05:515"}
{"level":"\u001b[32minfo\u001b[39m","message":"\u001b[32m❤️  Health check: http://localhost:3000/health\u001b[39m","timestamp":"2025-12-04 23:51:05:515"}
{"level":"\u001b[37mdebug\u001b[39m","message":"\u001b[37mExecuting (default): SELECT 1+1 AS result\u001b[39m","timestamp":"2025-12-04 23:51:05:515"}
{"level":"\u001b[32minfo\u001b[39m","message":"\u001b[32m✅ Database connection established successfully\u001b[39m","timestamp":"2025-12-04 23:51:05:515"}
{"level":"\u001b[32minfo\u001b[39m","message":"\u001b[32m📊 Connected to: dev-cmdv@localhost\u001b[39m","timestamp":"2025-12-04 23:51:05:515"}
{"level":"\u001b[32minfo\u001b[39m","message":"\u001b[32m🚀 Server is running on port 3000\u001b[39m","timestamp":"2025-12-04 23:51:22:5122"}
{"level":"\u001b[32minfo\u001b[39m","message":"\u001b[32m📚 API Documentation: http://localhost:3000/api-docs\u001b[39m","timestamp":"2025-12-04 23:51:22:5122"}
{"level":"\u001b[32minfo\u001b[39m","message":"\u001b[32m🔍 API v1: http://localhost:3000/api/v1\u001b[39m","timestamp":"2025-12-04 23:51:22:5122"}
{"level":"\u001b[32minfo\u001b[39m","message":"\u001b[32m❤️  Health check: http://localhost:3000/health\u001b[39m","timestamp":"2025-12-04 23:51:22:5122"}
{"level":"\u001b[37mdebug\u001b[39m","message":"\u001b[37mExecuting (default): SELECT 1+1 AS result\u001b[39m","timestamp":"2025-12-04 23:51:22:5122"}
{"level":"\u001b[32minfo\u001b[39m","message":"\u001b[32m✅ Database connection established successfully\u001b[39m","timestamp":"2025-12-04 23:51:22:5122"}
{"level":"\u001b[32minfo\u001b[39m","message":"\u001b[32m📊 Connected to: dev-cmdv@localhost\u001b[39m","timestamp":"2025-12-04 23:51:22:5122"}
{"level":"\u001b[32minfo\u001b[39m","message":"\u001b[32m🚀 Server is running on port 3000\u001b[39m","timestamp":"2025-12-04 23:51:36:5136"}
{"level":"\u001b[32minfo\u001b[39m","message":"\u001b[32m📚 API Documentation: http://localhost:3000/api-docs\u001b[39m","timestamp":"2025-12-04 23:51:36:5136"}
{"level":"\u001b[32minfo\u001b[39m","message":"\u001b[32m🔍 API v1: http://localhost:3000/api/v1\u001b[39m","timestamp":"2025-12-04 23:51:36:5136"}
{"level":"\u001b[32minfo\u001b[39m","message":"\u001b[32m❤️  Health check: http://localhost:3000/health\u001b[39m","timestamp":"2025-12-04 23:51:36:5136"}
{"level":"\u001b[37mdebug\u001b[39m","message":"\u001b[37mExecuting (default): SELECT 1+1 AS result\u001b[39m","timestamp":"2025-12-04 23:51:36:5136"}
{"level":"\u001b[32minfo\u001b[39m","message":"\u001b[32m✅ Database connection established successfully\u001b[39m","timestamp":"2025-12-04 23:51:36:5136"}
{"level":"\u001b[32minfo\u001b[39m","message":"\u001b[32m📊 Connected to: dev-cmdv@localhost\u001b[39m","timestamp":"2025-12-04 23:51:36:5136"}
{"level":"\u001b[37mdebug\u001b[39m","message":"\u001b[37mExecuting (default): SELECT count(*) AS \"count\" FROM \"medical\".\"rooms\" AS \"rooms\" WHERE \"rooms\".\"is_active\" = true AND \"rooms\".\"room_type\" = 'NORMAL';\u001b[39m","timestamp":"2025-12-04 23:51:39:5139"}
{"level":"\u001b[37mdebug\u001b[39m","message":"\u001b[37mExecuting (default): SELECT \"id\", \"room_number\", \"room_type\", \"floor\", \"capacity\", \"daily_rate\", \"has_bathroom\", \"has_oxygen\", \"has_monitor\", \"equipment\", \"status\", \"is_active\", \"created_at\" AS \"createdAt\", \"updated_at\" AS \"updatedAt\" FROM \"medical\".\"rooms\" AS \"rooms\" WHERE \"rooms\".\"is_active\" = true AND \"rooms\".\"room_type\" = 'NORMAL' ORDER BY \"createdAt\" DESC LIMIT 50 OFFSET 0;\u001b[39m","timestamp":"2025-12-04 23:51:39:5139"}
{"level":"\u001b[31merror\u001b[39m","message":"\u001b[31mError finding rooms: SequelizeDatabaseError: column \"updated_at\" does not exist\u001b[39m","timestamp":"2025-12-04 23:51:39:5139"}
{"level":"\u001b[32minfo\u001b[39m","message":"\u001b[32m\u001b[0mGET /api/v1/medical/rooms/?limit=50&page=1&roomType=NORMAL&isActive=true \u001b[31m500\u001b[0m 59.027 ms - 77\u001b[0m\u001b[39m","timestamp":"2025-12-04 23:51:39:5139"}
{"level":"\u001b[32minfo\u001b[39m","message":"\u001b[32m🚀 Server is running on port 3000\u001b[39m","timestamp":"2025-12-04 23:52:11:5211"}
{"level":"\u001b[32minfo\u001b[39m","message":"\u001b[32m📚 API Documentation: http://localhost:3000/api-docs\u001b[39m","timestamp":"2025-12-04 23:52:11:5211"}
{"level":"\u001b[32minfo\u001b[39m","message":"\u001b[32m🔍 API v1: http://localhost:3000/api/v1\u001b[39m","timestamp":"2025-12-04 23:52:11:5211"}
{"level":"\u001b[32minfo\u001b[39m","message":"\u001b[32m❤️  Health check: http://localhost:3000/health\u001b[39m","timestamp":"2025-12-04 23:52:11:5211"}
{"level":"\u001b[37mdebug\u001b[39m","message":"\u001b[37mExecuting (default): SELECT 1+1 AS result\u001b[39m","timestamp":"2025-12-04 23:52:12:5212"}
{"level":"\u001b[32minfo\u001b[39m","message":"\u001b[32m✅ Database connection established successfully\u001b[39m","timestamp":"2025-12-04 23:52:12:5212"}
{"level":"\u001b[32minfo\u001b[39m","message":"\u001b[32m📊 Connected to: dev-cmdv@localhost\u001b[39m","timestamp":"2025-12-04 23:52:12:5212"}
{"level":"\u001b[37mdebug\u001b[39m","message":"\u001b[37mExecuting (default): SELECT count(*) AS \"count\" FROM \"medical\".\"rooms\" AS \"rooms\" WHERE \"rooms\".\"is_active\" = true AND \"rooms\".\"room_type\" = 'NORMAL';\u001b[39m","timestamp":"2025-12-04 23:52:18:5218"}
{"level":"\u001b[37mdebug\u001b[39m","message":"\u001b[37mExecuting (default): SELECT \"id\", \"room_number\", \"room_type\", \"floor\", \"capacity\", \"daily_rate\", \"has_bathroom\", \"has_oxygen\", \"has_monitor\", \"equipment\", \"status\", \"is_active\", \"created_at\" AS \"createdAt\" FROM \"medical\".\"rooms\" AS \"rooms\" WHERE \"rooms\".\"is_active\" = true AND \"rooms\".\"room_type\" = 'NORMAL' ORDER BY \"createdAt\" DESC LIMIT 50 OFFSET 0;\u001b[39m","timestamp":"2025-12-04 23:52:18:5218"}
{"level":"\u001b[32minfo\u001b[39m","message":"\u001b[32m\u001b[0mGET /api/v1/medical/rooms/?limit=50&page=1&roomType=NORMAL&isActive=true \u001b[32m200\u001b[0m 37.621 ms - 2401\u001b[0m\u001b[39m","timestamp":"2025-12-04 23:52:18:5218"}
{"level":"\u001b[37mdebug\u001b[39m","message":"\u001b[37mExecuting (default): SELECT count(*) AS \"count\" FROM \"medical\".\"patients\" AS \"patients\" WHERE \"patients\".\"is_active\" = true;\u001b[39m","timestamp":"2025-12-04 23:52:24:5224"}
{"level":"\u001b[37mdebug\u001b[39m","message":"\u001b[37mExecuting (default): SELECT \"id\", \"file_number\", \"first_name\", \"last_name\", \"identification_number\", \"date_of_birth\", \"gender\", \"blood_type\", \"phone\", \"mobile\", \"email\", \"address\", \"city\", \"state\", \"zip_code\", \"emergency_contact_name\", \"emergency_contact_phone\", \"emergency_contact_relationship\", \"allergies\", \"chronic_conditions\", \"current_medications\", \"insurance_company\", \"insurance_policy_number\", \"is_active\", \"notes\", \"created_at\" AS \"createdAt\", \"updated_at\" AS \"updatedAt\" FROM \"medical\".\"patients\" AS \"patients\" WHERE \"patients\".\"is_active\" = true ORDER BY \"createdAt\" DESC LIMIT 50 OFFSET 0;\u001b[39m","timestamp":"2025-12-04 23:52:24:5224"}
{"level":"\u001b[32minfo\u001b[39m","message":"\u001b[32m\u001b[0mGET /api/v1/medical/patients/?page=1&limit=50 \u001b[32m200\u001b[0m 12.932 ms - 1074\u001b[0m\u001b[39m","timestamp":"2025-12-04 23:52:24:5224"}
{"level":"\u001b[32minfo\u001b[39m","message":"\u001b[32m🚀 Server is running on port 3000\u001b[39m","timestamp":"2025-12-04 23:57:15:5715"}
{"level":"\u001b[32minfo\u001b[39m","message":"\u001b[32m📚 API Documentation: http://localhost:3000/api-docs\u001b[39m","timestamp":"2025-12-04 23:57:15:5715"}
{"level":"\u001b[32minfo\u001b[39m","message":"\u001b[32m🔍 API v1: http://localhost:3000/api/v1\u001b[39m","timestamp":"2025-12-04 23:57:15:5715"}
{"level":"\u001b[32minfo\u001b[39m","message":"\u001b[32m❤️  Health check: http://localhost:3000/health\u001b[39m","timestamp":"2025-12-04 23:57:15:5715"}
{"level":"\u001b[37mdebug\u001b[39m","message":"\u001b[37mExecuting (default): SELECT 1+1 AS result\u001b[39m","timestamp":"2025-12-04 23:57:15:5715"}
{"level":"\u001b[32minfo\u001b[39m","message":"\u001b[32m✅ Database connection established successfully\u001b[39m","timestamp":"2025-12-04 23:57:15:5715"}
{"level":"\u001b[32minfo\u001b[39m","message":"\u001b[32m📊 Connected to: dev-cmdv@localhost\u001b[39m","timestamp":"2025-12-04 23:57:15:5715"}
{"level":"\u001b[32minfo\u001b[39m","message":"\u001b[32m🚀 Server is running on port 3000\u001b[39m","timestamp":"2025-12-06 19:04:29:429"}
{"level":"\u001b[32minfo\u001b[39m","message":"\u001b[32m📚 API Documentation: http://localhost:3000/api-docs\u001b[39m","timestamp":"2025-12-06 19:04:29:429"}
{"level":"\u001b[32minfo\u001b[39m","message":"\u001b[32m🔍 API v1: http://localhost:3000/api/v1\u001b[39m","timestamp":"2025-12-06 19:04:29:429"}
{"level":"\u001b[32minfo\u001b[39m","message":"\u001b[32m❤️  Health check: http://localhost:3000/health\u001b[39m","timestamp":"2025-12-06 19:04:29:429"}
{"level":"\u001b[37mdebug\u001b[39m","message":"\u001b[37mExecuting (default): SELECT 1+1 AS result\u001b[39m","timestamp":"2025-12-06 19:04:29:429"}
{"level":"\u001b[32minfo\u001b[39m","message":"\u001b[32m✅ Database connection established successfully\u001b[39m","timestamp":"2025-12-06 19:04:29:429"}
{"level":"\u001b[32minfo\u001b[39m","message":"\u001b[32m📊 Connected to: dev-cmdv@localhost\u001b[39m","timestamp":"2025-12-06 19:04:29:429"}
{"level":"\u001b[32minfo\u001b[39m","message":"\u001b[32m\u001b[0mGET /api/v1/medical/admission-types/?isActive=true&category=E \u001b[31m500\u001b[0m 24.740 ms - 95\u001b[0m\u001b[39m","timestamp":"2025-12-06 19:09:59:959"}
{"level":"\u001b[32minfo\u001b[39m","message":"\u001b[32m\u001b[0mGET /api/v1/medical/admission-types/?is_active=true&category=E \u001b[31m500\u001b[0m 1.563 ms - 95\u001b[0m\u001b[39m","timestamp":"2025-12-06 19:10:32:1032"}
{"level":"\u001b[32minfo\u001b[39m","message":"\u001b[32m🚀 Server is running on port 3000\u001b[39m","timestamp":"2025-12-06 19:12:24:1224"}
{"level":"\u001b[32minfo\u001b[39m","message":"\u001b[32m📚 API Documentation: http://localhost:3000/api-docs\u001b[39m","timestamp":"2025-12-06 19:12:24:1224"}
{"level":"\u001b[32minfo\u001b[39m","message":"\u001b[32m🔍 API v1: http://localhost:3000/api/v1\u001b[39m","timestamp":"2025-12-06 19:12:24:1224"}
{"level":"\u001b[32minfo\u001b[39m","message":"\u001b[32m❤️  Health check: http://localhost:3000/health\u001b[39m","timestamp":"2025-12-06 19:12:24:1224"}
{"level":"\u001b[37mdebug\u001b[39m","message":"\u001b[37mExecuting (default): SELECT 1+1 AS result\u001b[39m","timestamp":"2025-12-06 19:12:24:1224"}
{"level":"\u001b[32minfo\u001b[39m","message":"\u001b[32m✅ Database connection established successfully\u001b[39m","timestamp":"2025-12-06 19:12:24:1224"}
{"level":"\u001b[32minfo\u001b[39m","message":"\u001b[32m📊 Connected to: dev-cmdv@localhost\u001b[39m","timestamp":"2025-12-06 19:12:24:1224"}
{"level":"\u001b[37mdebug\u001b[39m","message":"\u001b[37mExecuting (default): SELECT \"id\", \"code\", \"name\", \"requires_hospitalization\", \"requires_package\", \"allows_transfer\", \"requires_immediate_payment\", \"category\", \"description\", \"is_active\", \"created_at\" AS \"createdAt\", \"updated_at\" AS \"updatedAt\" FROM \"medical\".\"admission_types\" AS \"admission_types\" WHERE \"admission_types\".\"is_active\" = true AND \"admission_types\".\"category\" = 'E' ORDER BY \"admission_types\".\"name\" ASC;\u001b[39m","timestamp":"2025-12-06 19:12:30:1230"}
{"level":"\u001b[32minfo\u001b[39m","message":"\u001b[32m\u001b[0mGET /api/v1/medical/admission-types/?is_active=true&category=E \u001b[32m200\u001b[0m 36.674 ms - 1008\u001b[0m\u001b[39m","timestamp":"2025-12-06 19:12:30:1230"}
{"level":"\u001b[37mdebug\u001b[39m","message":"\u001b[37mExecuting (default): SELECT \"id\", \"code\", \"name\", \"requires_hospitalization\", \"requires_package\", \"allows_transfer\", \"requires_immediate_payment\", \"category\", \"description\", \"is_active\", \"created_at\" AS \"createdAt\", \"updated_at\" AS \"updatedAt\" FROM \"medical\".\"admission_types\" AS \"admission_types\" WHERE \"admission_types\".\"is_active\" = true AND \"admission_types\".\"category\" = 'I' ORDER BY \"admission_types\".\"name\" ASC;\u001b[39m","timestamp":"2025-12-06 19:12:51:1251"}
{"level":"\u001b[32minfo\u001b[39m","message":"\u001b[32m\u001b[0mGET /api/v1/medical/admission-types/?is_active=true&category=I \u001b[31m500\u001b[0m 160.132 ms - 115\u001b[0m\u001b[39m","timestamp":"2025-12-06 19:12:51:1251"}
{"level":"\u001b[37mdebug\u001b[39m","message":"\u001b[37mExecuting (default): SELECT \"id\", \"code\", \"name\", \"requires_hospitalization\", \"requires_package\", \"allows_transfer\", \"requires_immediate_payment\", \"category\", \"description\", \"is_active\", \"created_at\" AS \"createdAt\", \"updated_at\" AS \"updatedAt\" FROM \"medical\".\"admission_types\" AS \"admission_types\" WHERE \"admission_types\".\"is_active\" = true ORDER BY \"admission_types\".\"name\" ASC;\u001b[39m","timestamp":"2025-12-06 19:13:00:130"}
{"level":"\u001b[32minfo\u001b[39m","message":"\u001b[32m\u001b[0mGET /api/v1/medical/admission-types/?is_active=true \u001b[32m200\u001b[0m 8.117 ms - 1746\u001b[0m\u001b[39m","timestamp":"2025-12-06 19:13:00:130"}
{"level":"\u001b[37mdebug\u001b[39m","message":"\u001b[37mExecuting (default): SELECT \"id\", \"code\", \"name\", \"requires_hospitalization\", \"requires_package\", \"allows_transfer\", \"requires_immediate_payment\", \"category\", \"description\", \"is_active\", \"created_at\" AS \"createdAt\", \"updated_at\" AS \"updatedAt\" FROM \"medical\".\"admission_types\" AS \"admission_types\" WHERE \"admission_types\".\"is_active\" = true ORDER BY \"admission_types\".\"name\" ASC;\u001b[39m","timestamp":"2025-12-06 19:13:07:137"}
{"level":"\u001b[32minfo\u001b[39m","message":"\u001b[32m\u001b[0mGET /api/v1/medical/admission-types/?is_active=true \u001b[32m200\u001b[0m 5.814 ms - 1746\u001b[0m\u001b[39m","timestamp":"2025-12-06 19:13:07:137"}
{"level":"\u001b[32minfo\u001b[39m","message":"\u001b[32m🚀 Server is running on port 3000\u001b[39m","timestamp":"2025-12-06 19:14:04:144"}
{"level":"\u001b[32minfo\u001b[39m","message":"\u001b[32m📚 API Documentation: http://localhost:3000/api-docs\u001b[39m","timestamp":"2025-12-06 19:14:04:144"}
{"level":"\u001b[32minfo\u001b[39m","message":"\u001b[32m🔍 API v1: http://localhost:3000/api/v1\u001b[39m","timestamp":"2025-12-06 19:14:04:144"}
{"level":"\u001b[32minfo\u001b[39m","message":"\u001b[32m❤️  Health check: http://localhost:3000/health\u001b[39m","timestamp":"2025-12-06 19:14:04:144"}
{"level":"\u001b[37mdebug\u001b[39m","message":"\u001b[37mExecuting (default): SELECT 1+1 AS result\u001b[39m","timestamp":"2025-12-06 19:14:04:144"}
{"level":"\u001b[32minfo\u001b[39m","message":"\u001b[32m✅ Database connection established successfully\u001b[39m","timestamp":"2025-12-06 19:14:04:144"}
{"level":"\u001b[32minfo\u001b[39m","message":"\u001b[32m📊 Connected to: dev-cmdv@localhost\u001b[39m","timestamp":"2025-12-06 19:14:04:144"}
{"level":"\u001b[32minfo\u001b[39m","message":"\u001b[32m🚀 Server is running on port 3000\u001b[39m","timestamp":"2025-12-06 19:14:15:1415"}
{"level":"\u001b[32minfo\u001b[39m","message":"\u001b[32m📚 API Documentation: http://localhost:3000/api-docs\u001b[39m","timestamp":"2025-12-06 19:14:15:1415"}
{"level":"\u001b[32minfo\u001b[39m","message":"\u001b[32m🔍 API v1: http://localhost:3000/api/v1\u001b[39m","timestamp":"2025-12-06 19:14:15:1415"}
{"level":"\u001b[32minfo\u001b[39m","message":"\u001b[32m❤️  Health check: http://localhost:3000/health\u001b[39m","timestamp":"2025-12-06 19:14:15:1415"}
{"level":"\u001b[37mdebug\u001b[39m","message":"\u001b[37mExecuting (default): SELECT 1+1 AS result\u001b[39m","timestamp":"2025-12-06 19:14:15:1415"}
{"level":"\u001b[32minfo\u001b[39m","message":"\u001b[32m✅ Database connection established successfully\u001b[39m","timestamp":"2025-12-06 19:14:15:1415"}
{"level":"\u001b[32minfo\u001b[39m","message":"\u001b[32m📊 Connected to: dev-cmdv@localhost\u001b[39m","timestamp":"2025-12-06 19:14:15:1415"}
{"level":"\u001b[37mdebug\u001b[39m","message":"\u001b[37mExecuting (default): SELECT \"id\", \"code\", \"name\", \"requires_hospitalization\", \"requires_package\", \"allows_transfer\", \"requires_immediate_payment\", \"category\", \"description\", \"is_active\", \"created_at\" AS \"createdAt\", \"updated_at\" AS \"updatedAt\" FROM \"medical\".\"admission_types\" AS \"admission_types\" WHERE \"admission_types\".\"is_active\" = true ORDER BY \"admission_types\".\"name\" ASC;\u001b[39m","timestamp":"2025-12-06 19:18:28:1828"}
{"level":"\u001b[32minfo\u001b[39m","message":"\u001b[32m\u001b[0mGET /api/v1/medical/admission-types/grouped \u001b[32m200\u001b[0m 65.121 ms - 1787\u001b[0m\u001b[39m","timestamp":"2025-12-06 19:18:28:1828"}
{"level":"\u001b[37mdebug\u001b[39m","message":"\u001b[37mExecuting (default): SELECT \"id\", \"code\", \"name\", \"requires_hospitalization\", \"requires_package\", \"allows_transfer\", \"requires_immediate_payment\", \"category\", \"description\", \"is_active\", \"created_at\" AS \"createdAt\", \"updated_at\" AS \"updatedAt\" FROM \"medical\".\"admission_types\" AS \"admission_types\" WHERE \"admission_types\".\"code\" = 'PROCEDIMIENTO_MEDICO';\u001b[39m","timestamp":"2025-12-06 19:19:34:1934"}
{"level":"\u001b[32minfo\u001b[39m","message":"\u001b[32m\u001b[0mGET /api/v1/medical/admission-types/code/PROCEDIMIENTO_MEDICO \u001b[32m200\u001b[0m 35.276 ms - 337\u001b[0m\u001b[39m","timestamp":"2025-12-06 19:19:34:1934"}
{"level":"\u001b[37mdebug\u001b[39m","message":"\u001b[37mExecuting (default): SELECT \"id\", \"code\", \"name\", \"requires_hospitalization\", \"requires_package\", \"allows_transfer\", \"requires_immediate_payment\", \"category\", \"description\", \"is_active\", \"created_at\" AS \"createdAt\", \"updated_at\" AS \"updatedAt\" FROM \"medical\".\"admission_types\" AS \"admission_types\" WHERE \"admission_types\".\"code\" = ':code';\u001b[39m","timestamp":"2025-12-06 19:19:40:1940"}
{"level":"\u001b[32minfo\u001b[39m","message":"\u001b[32m\u001b[0mGET /api/v1/medical/admission-types/code/:code \u001b[33m404\u001b[0m 7.121 ms - 93\u001b[0m\u001b[39m","timestamp":"2025-12-06 19:19:40:1940"}
{"level":"\u001b[37mdebug\u001b[39m","message":"\u001b[37mExecuting (default): SELECT \"id\", \"code\", \"name\", \"requires_hospitalization\", \"requires_package\", \"allows_transfer\", \"requires_immediate_payment\", \"category\", \"description\", \"is_active\", \"created_at\" AS \"createdAt\", \"updated_at\" AS \"updatedAt\" FROM \"medical\".\"admission_types\" AS \"admission_types\" WHERE \"admission_types\".\"code\" = 'PROCEDIMIENTO_MEDICO';\u001b[39m","timestamp":"2025-12-06 19:19:44:1944"}
{"level":"\u001b[32minfo\u001b[39m","message":"\u001b[32m\u001b[0mGET /api/v1/medical/admission-types/code/PROCEDIMIENTO_MEDICO \u001b[32m200\u001b[0m 5.527 ms - 337\u001b[0m\u001b[39m","timestamp":"2025-12-06 19:19:44:1944"}
{"level":"\u001b[37mdebug\u001b[39m","message":"\u001b[37mExecuting (default): SELECT \"id\", \"code\", \"name\", \"requires_hospitalization\", \"requires_package\", \"allows_transfer\", \"requires_immediate_payment\", \"category\", \"description\", \"is_active\", \"created_at\" AS \"createdAt\", \"updated_at\" AS \"updatedAt\" FROM \"medical\".\"admission_types\" AS \"admission_types\" WHERE \"admission_types\".\"id\" = '773c4f31-4c42-422b-974e-74ae0999a2d0';\u001b[39m","timestamp":"2025-12-06 19:21:22:2122"}
{"level":"\u001b[32minfo\u001b[39m","message":"\u001b[32m\u001b[0mGET /api/v1/medical/admission-types/773c4f31-4c42-422b-974e-74ae0999a2d0 \u001b[32m200\u001b[0m 29.097 ms - 322\u001b[0m\u001b[39m","timestamp":"2025-12-06 19:21:22:2122"}
{"level":"\u001b[37mdebug\u001b[39m","message":"\u001b[37mExecuting (default): SELECT \"id\", \"code\", \"name\", \"requires_hospitalization\", \"requires_package\", \"allows_transfer\", \"requires_immediate_payment\", \"category\", \"description\", \"is_active\", \"created_at\" AS \"createdAt\", \"updated_at\" AS \"updatedAt\" FROM \"medical\".\"admission_types\" AS \"admission_types\" WHERE \"admission_types\".\"id\" = '773c4f31-4c42-422b-974e-74ae0999a2d0';\u001b[39m","timestamp":"2025-12-06 19:22:10:2210"}
{"level":"\u001b[32minfo\u001b[39m","message":"\u001b[32m\u001b[0mGET /api/v1/medical/admission-types/773c4f31-4c42-422b-974e-74ae0999a2d0/rules \u001b[32m200\u001b[0m 57.398 ms - 207\u001b[0m\u001b[39m","timestamp":"2025-12-06 19:22:10:2210"}
{"level":"\u001b[32minfo\u001b[39m","message":"\u001b[32m🚀 Server is running on port 3000\u001b[39m","timestamp":"2025-12-06 19:40:08:408"}
{"level":"\u001b[32minfo\u001b[39m","message":"\u001b[32m📚 API Documentation: http://localhost:3000/api-docs\u001b[39m","timestamp":"2025-12-06 19:40:08:408"}
{"level":"\u001b[32minfo\u001b[39m","message":"\u001b[32m🔍 API v1: http://localhost:3000/api/v1\u001b[39m","timestamp":"2025-12-06 19:40:08:408"}
{"level":"\u001b[32minfo\u001b[39m","message":"\u001b[32m❤️  Health check: http://localhost:3000/health\u001b[39m","timestamp":"2025-12-06 19:40:08:408"}
{"level":"\u001b[37mdebug\u001b[39m","message":"\u001b[37mExecuting (default): SELECT 1+1 AS result\u001b[39m","timestamp":"2025-12-06 19:40:08:408"}
{"level":"\u001b[32minfo\u001b[39m","message":"\u001b[32m✅ Database connection established successfully\u001b[39m","timestamp":"2025-12-06 19:40:08:408"}
{"level":"\u001b[32minfo\u001b[39m","message":"\u001b[32m📊 Connected to: dev-cmdv@localhost\u001b[39m","timestamp":"2025-12-06 19:40:08:408"}
{"level":"\u001b[32minfo\u001b[39m","message":"\u001b[32m🚀 Server is running on port 3000\u001b[39m","timestamp":"2025-12-06 19:41:10:4110"}
{"level":"\u001b[32minfo\u001b[39m","message":"\u001b[32m📚 API Documentation: http://localhost:3000/api-docs\u001b[39m","timestamp":"2025-12-06 19:41:10:4110"}
{"level":"\u001b[32minfo\u001b[39m","message":"\u001b[32m🔍 API v1: http://localhost:3000/api/v1\u001b[39m","timestamp":"2025-12-06 19:41:10:4110"}
{"level":"\u001b[32minfo\u001b[39m","message":"\u001b[32m❤️  Health check: http://localhost:3000/health\u001b[39m","timestamp":"2025-12-06 19:41:10:4110"}
{"level":"\u001b[37mdebug\u001b[39m","message":"\u001b[37mExecuting (default): SELECT 1+1 AS result\u001b[39m","timestamp":"2025-12-06 19:41:10:4110"}
{"level":"\u001b[32minfo\u001b[39m","message":"\u001b[32m✅ Database connection established successfully\u001b[39m","timestamp":"2025-12-06 19:41:10:4110"}
{"level":"\u001b[32minfo\u001b[39m","message":"\u001b[32m📊 Connected to: dev-cmdv@localhost\u001b[39m","timestamp":"2025-12-06 19:41:10:4110"}
{"level":"\u001b[32minfo\u001b[39m","message":"\u001b[32m\u001b[0mGET /api/v1/medical/case-files/?page=1&limit=10 \u001b[31m500\u001b[0m 95.634 ms - 89\u001b[0m\u001b[39m","timestamp":"2025-12-06 20:13:11:1311"}
{"level":"\u001b[32minfo\u001b[39m","message":"\u001b[32m🚀 Server is running on port 3000\u001b[39m","timestamp":"2025-12-06 20:14:10:1410"}
{"level":"\u001b[32minfo\u001b[39m","message":"\u001b[32m📚 API Documentation: http://localhost:3000/api-docs\u001b[39m","timestamp":"2025-12-06 20:14:10:1410"}
{"level":"\u001b[32minfo\u001b[39m","message":"\u001b[32m🔍 API v1: http://localhost:3000/api/v1\u001b[39m","timestamp":"2025-12-06 20:14:10:1410"}
{"level":"\u001b[32minfo\u001b[39m","message":"\u001b[32m❤️  Health check: http://localhost:3000/health\u001b[39m","timestamp":"2025-12-06 20:14:10:1410"}
{"level":"\u001b[37mdebug\u001b[39m","message":"\u001b[37mExecuting (default): SELECT 1+1 AS result\u001b[39m","timestamp":"2025-12-06 20:14:10:1410"}
{"level":"\u001b[32minfo\u001b[39m","message":"\u001b[32m✅ Database connection established successfully\u001b[39m","timestamp":"2025-12-06 20:14:10:1410"}
{"level":"\u001b[32minfo\u001b[39m","message":"\u001b[32m📊 Connected to: dev-cmdv@localhost\u001b[39m","timestamp":"2025-12-06 20:14:10:1410"}
{"level":"\u001b[32minfo\u001b[39m","message":"\u001b[32m🚀 Server is running on port 3000\u001b[39m","timestamp":"2025-12-06 20:14:46:1446"}
{"level":"\u001b[32minfo\u001b[39m","message":"\u001b[32m📚 API Documentation: http://localhost:3000/api-docs\u001b[39m","timestamp":"2025-12-06 20:14:46:1446"}
{"level":"\u001b[32minfo\u001b[39m","message":"\u001b[32m🔍 API v1: http://localhost:3000/api/v1\u001b[39m","timestamp":"2025-12-06 20:14:46:1446"}
{"level":"\u001b[32minfo\u001b[39m","message":"\u001b[32m❤️  Health check: http://localhost:3000/health\u001b[39m","timestamp":"2025-12-06 20:14:46:1446"}
{"level":"\u001b[37mdebug\u001b[39m","message":"\u001b[37mExecuting (default): SELECT 1+1 AS result\u001b[39m","timestamp":"2025-12-06 20:14:46:1446"}
{"level":"\u001b[32minfo\u001b[39m","message":"\u001b[32m✅ Database connection established successfully\u001b[39m","timestamp":"2025-12-06 20:14:46:1446"}
{"level":"\u001b[32minfo\u001b[39m","message":"\u001b[32m📊 Connected to: dev-cmdv@localhost\u001b[39m","timestamp":"2025-12-06 20:14:46:1446"}
{"level":"\u001b[32minfo\u001b[39m","message":"\u001b[32m\u001b[0mGET /api/v1/medical/case-files/?page=1&limit=10 \u001b[31m500\u001b[0m 11.642 ms - 95\u001b[0m\u001b[39m","timestamp":"2025-12-06 20:14:55:1455"}
{"level":"\u001b[32minfo\u001b[39m","message":"\u001b[32m🚀 Server is running on port 3000\u001b[39m","timestamp":"2025-12-06 20:15:44:1544"}
{"level":"\u001b[32minfo\u001b[39m","message":"\u001b[32m📚 API Documentation: http://localhost:3000/api-docs\u001b[39m","timestamp":"2025-12-06 20:15:44:1544"}
{"level":"\u001b[32minfo\u001b[39m","message":"\u001b[32m🔍 API v1: http://localhost:3000/api/v1\u001b[39m","timestamp":"2025-12-06 20:15:44:1544"}
{"level":"\u001b[32minfo\u001b[39m","message":"\u001b[32m❤️  Health check: http://localhost:3000/health\u001b[39m","timestamp":"2025-12-06 20:15:44:1544"}
{"level":"\u001b[37mdebug\u001b[39m","message":"\u001b[37mExecuting (default): SELECT 1+1 AS result\u001b[39m","timestamp":"2025-12-06 20:15:44:1544"}
{"level":"\u001b[32minfo\u001b[39m","message":"\u001b[32m✅ Database connection established successfully\u001b[39m","timestamp":"2025-12-06 20:15:44:1544"}
{"level":"\u001b[32minfo\u001b[39m","message":"\u001b[32m📊 Connected to: dev-cmdv@localhost\u001b[39m","timestamp":"2025-12-06 20:15:44:1544"}
{"level":"\u001b[32minfo\u001b[39m","message":"\u001b[32m🚀 Server is running on port 3000\u001b[39m","timestamp":"2025-12-06 20:17:19:1719"}
{"level":"\u001b[32minfo\u001b[39m","message":"\u001b[32m📚 API Documentation: http://localhost:3000/api-docs\u001b[39m","timestamp":"2025-12-06 20:17:19:1719"}
{"level":"\u001b[32minfo\u001b[39m","message":"\u001b[32m🔍 API v1: http://localhost:3000/api/v1\u001b[39m","timestamp":"2025-12-06 20:17:19:1719"}
{"level":"\u001b[32minfo\u001b[39m","message":"\u001b[32m❤️  Health check: http://localhost:3000/health\u001b[39m","timestamp":"2025-12-06 20:17:19:1719"}
{"level":"\u001b[37mdebug\u001b[39m","message":"\u001b[37mExecuting (default): SELECT 1+1 AS result\u001b[39m","timestamp":"2025-12-06 20:17:19:1719"}
{"level":"\u001b[32minfo\u001b[39m","message":"\u001b[32m✅ Database connection established successfully\u001b[39m","timestamp":"2025-12-06 20:17:19:1719"}
{"level":"\u001b[32minfo\u001b[39m","message":"\u001b[32m📊 Connected to: dev-cmdv@localhost\u001b[39m","timestamp":"2025-12-06 20:17:19:1719"}
{"level":"\u001b[31merror\u001b[39m","message":"\u001b[31mError finding doctors: TypeError: Cannot read properties of undefined (reading 'getQueryInterface')\u001b[39m","timestamp":"2025-12-06 20:17:22:1722"}
{"level":"\u001b[32minfo\u001b[39m","message":"\u001b[32m\u001b[0mGET /api/v1/medical/case-files/?page=1&limit=10 \u001b[31m500\u001b[0m 15.118 ms - 56\u001b[0m\u001b[39m","timestamp":"2025-12-06 20:17:22:1722"}
{"level":"\u001b[32minfo\u001b[39m","message":"\u001b[32m🚀 Server is running on port 3000\u001b[39m","timestamp":"2025-12-06 20:17:57:1757"}
{"level":"\u001b[32minfo\u001b[39m","message":"\u001b[32m📚 API Documentation: http://localhost:3000/api-docs\u001b[39m","timestamp":"2025-12-06 20:17:57:1757"}
{"level":"\u001b[32minfo\u001b[39m","message":"\u001b[32m🔍 API v1: http://localhost:3000/api/v1\u001b[39m","timestamp":"2025-12-06 20:17:57:1757"}
{"level":"\u001b[32minfo\u001b[39m","message":"\u001b[32m❤️  Health check: http://localhost:3000/health\u001b[39m","timestamp":"2025-12-06 20:17:57:1757"}
{"level":"\u001b[37mdebug\u001b[39m","message":"\u001b[37mExecuting (default): SELECT 1+1 AS result\u001b[39m","timestamp":"2025-12-06 20:17:58:1758"}
{"level":"\u001b[32minfo\u001b[39m","message":"\u001b[32m✅ Database connection established successfully\u001b[39m","timestamp":"2025-12-06 20:17:58:1758"}
{"level":"\u001b[32minfo\u001b[39m","message":"\u001b[32m📊 Connected to: dev-cmdv@localhost\u001b[39m","timestamp":"2025-12-06 20:17:58:1758"}
{"level":"\u001b[32minfo\u001b[39m","message":"\u001b[32m🚀 Server is running on port 3000\u001b[39m","timestamp":"2025-12-06 20:22:36:2236"}
{"level":"\u001b[32minfo\u001b[39m","message":"\u001b[32m📚 API Documentation: http://localhost:3000/api-docs\u001b[39m","timestamp":"2025-12-06 20:22:36:2236"}
{"level":"\u001b[32minfo\u001b[39m","message":"\u001b[32m🔍 API v1: http://localhost:3000/api/v1\u001b[39m","timestamp":"2025-12-06 20:22:36:2236"}
{"level":"\u001b[32minfo\u001b[39m","message":"\u001b[32m❤️  Health check: http://localhost:3000/health\u001b[39m","timestamp":"2025-12-06 20:22:36:2236"}
{"level":"\u001b[37mdebug\u001b[39m","message":"\u001b[37mExecuting (default): SELECT 1+1 AS result\u001b[39m","timestamp":"2025-12-06 20:22:36:2236"}
{"level":"\u001b[32minfo\u001b[39m","message":"\u001b[32m✅ Database connection established successfully\u001b[39m","timestamp":"2025-12-06 20:22:36:2236"}
{"level":"\u001b[32minfo\u001b[39m","message":"\u001b[32m📊 Connected to: dev-cmdv@localhost\u001b[39m","timestamp":"2025-12-06 20:22:36:2236"}
{"level":"\u001b[32minfo\u001b[39m","message":"\u001b[32m🚀 Server is running on port 3000\u001b[39m","timestamp":"2025-12-06 20:23:33:2333"}
{"level":"\u001b[32minfo\u001b[39m","message":"\u001b[32m📚 API Documentation: http://localhost:3000/api-docs\u001b[39m","timestamp":"2025-12-06 20:23:33:2333"}
{"level":"\u001b[32minfo\u001b[39m","message":"\u001b[32m🔍 API v1: http://localhost:3000/api/v1\u001b[39m","timestamp":"2025-12-06 20:23:33:2333"}
{"level":"\u001b[32minfo\u001b[39m","message":"\u001b[32m❤️  Health check: http://localhost:3000/health\u001b[39m","timestamp":"2025-12-06 20:23:33:2333"}
{"level":"\u001b[37mdebug\u001b[39m","message":"\u001b[37mExecuting (default): SELECT 1+1 AS result\u001b[39m","timestamp":"2025-12-06 20:23:33:2333"}
{"level":"\u001b[32minfo\u001b[39m","message":"\u001b[32m✅ Database connection established successfully\u001b[39m","timestamp":"2025-12-06 20:23:33:2333"}
{"level":"\u001b[32minfo\u001b[39m","message":"\u001b[32m📊 Connected to: dev-cmdv@localhost\u001b[39m","timestamp":"2025-12-06 20:23:33:2333"}
{"level":"\u001b[32minfo\u001b[39m","message":"\u001b[32m🚀 Server is running on port 3000\u001b[39m","timestamp":"2025-12-06 20:24:49:2449"}
{"level":"\u001b[32minfo\u001b[39m","message":"\u001b[32m📚 API Documentation: http://localhost:3000/api-docs\u001b[39m","timestamp":"2025-12-06 20:24:49:2449"}
{"level":"\u001b[32minfo\u001b[39m","message":"\u001b[32m🔍 API v1: http://localhost:3000/api/v1\u001b[39m","timestamp":"2025-12-06 20:24:49:2449"}
{"level":"\u001b[32minfo\u001b[39m","message":"\u001b[32m❤️  Health check: http://localhost:3000/health\u001b[39m","timestamp":"2025-12-06 20:24:49:2449"}
{"level":"\u001b[37mdebug\u001b[39m","message":"\u001b[37mExecuting (default): SELECT 1+1 AS result\u001b[39m","timestamp":"2025-12-06 20:24:49:2449"}
{"level":"\u001b[32minfo\u001b[39m","message":"\u001b[32m✅ Database connection established successfully\u001b[39m","timestamp":"2025-12-06 20:24:49:2449"}
{"level":"\u001b[32minfo\u001b[39m","message":"\u001b[32m📊 Connected to: dev-cmdv@localhost\u001b[39m","timestamp":"2025-12-06 20:24:49:2449"}
{"level":"\u001b[31merror\u001b[39m","message":"\u001b[31mError finding case files: TypeError: Cannot read properties of undefined (reading 'getQueryInterface')\u001b[39m","timestamp":"2025-12-06 20:24:52:2452"}
{"level":"\u001b[32minfo\u001b[39m","message":"\u001b[32m\u001b[0mGET /api/v1/medical/case-files/?page=1&limit=10 \u001b[31m500\u001b[0m 35.232 ms - 59\u001b[0m\u001b[39m","timestamp":"2025-12-06 20:24:52:2452"}
{"level":"\u001b[32minfo\u001b[39m","message":"\u001b[32m🚀 Server is running on port 3000\u001b[39m","timestamp":"2025-12-06 20:29:04:294"}
{"level":"\u001b[32minfo\u001b[39m","message":"\u001b[32m📚 API Documentation: http://localhost:3000/api-docs\u001b[39m","timestamp":"2025-12-06 20:29:04:294"}
{"level":"\u001b[32minfo\u001b[39m","message":"\u001b[32m🔍 API v1: http://localhost:3000/api/v1\u001b[39m","timestamp":"2025-12-06 20:29:04:294"}
{"level":"\u001b[32minfo\u001b[39m","message":"\u001b[32m❤️  Health check: http://localhost:3000/health\u001b[39m","timestamp":"2025-12-06 20:29:04:294"}
{"level":"\u001b[37mdebug\u001b[39m","message":"\u001b[37mExecuting (default): SELECT 1+1 AS result\u001b[39m","timestamp":"2025-12-06 20:29:04:294"}
{"level":"\u001b[32minfo\u001b[39m","message":"\u001b[32m✅ Database connection established successfully\u001b[39m","timestamp":"2025-12-06 20:29:04:294"}
{"level":"\u001b[32minfo\u001b[39m","message":"\u001b[32m📊 Connected to: dev-cmdv@localhost\u001b[39m","timestamp":"2025-12-06 20:29:04:294"}
{"level":"\u001b[32minfo\u001b[39m","message":"\u001b[32m🚀 Server is running on port 3000\u001b[39m","timestamp":"2025-12-06 20:29:32:2932"}
{"level":"\u001b[32minfo\u001b[39m","message":"\u001b[32m📚 API Documentation: http://localhost:3000/api-docs\u001b[39m","timestamp":"2025-12-06 20:29:32:2932"}
{"level":"\u001b[32minfo\u001b[39m","message":"\u001b[32m🔍 API v1: http://localhost:3000/api/v1\u001b[39m","timestamp":"2025-12-06 20:29:32:2932"}
{"level":"\u001b[32minfo\u001b[39m","message":"\u001b[32m❤️  Health check: http://localhost:3000/health\u001b[39m","timestamp":"2025-12-06 20:29:32:2932"}
{"level":"\u001b[37mdebug\u001b[39m","message":"\u001b[37mExecuting (default): SELECT 1+1 AS result\u001b[39m","timestamp":"2025-12-06 20:29:32:2932"}
{"level":"\u001b[32minfo\u001b[39m","message":"\u001b[32m✅ Database connection established successfully\u001b[39m","timestamp":"2025-12-06 20:29:32:2932"}
{"level":"\u001b[32minfo\u001b[39m","message":"\u001b[32m📊 Connected to: dev-cmdv@localhost\u001b[39m","timestamp":"2025-12-06 20:29:32:2932"}
{"level":"\u001b[32minfo\u001b[39m","message":"\u001b[32m🚀 Server is running on port 3000\u001b[39m","timestamp":"2025-12-06 20:29:58:2958"}
{"level":"\u001b[32minfo\u001b[39m","message":"\u001b[32m📚 API Documentation: http://localhost:3000/api-docs\u001b[39m","timestamp":"2025-12-06 20:29:58:2958"}
{"level":"\u001b[32minfo\u001b[39m","message":"\u001b[32m🔍 API v1: http://localhost:3000/api/v1\u001b[39m","timestamp":"2025-12-06 20:29:58:2958"}
{"level":"\u001b[32minfo\u001b[39m","message":"\u001b[32m❤️  Health check: http://localhost:3000/health\u001b[39m","timestamp":"2025-12-06 20:29:58:2958"}
{"level":"\u001b[37mdebug\u001b[39m","message":"\u001b[37mExecuting (default): SELECT 1+1 AS result\u001b[39m","timestamp":"2025-12-06 20:29:58:2958"}
{"level":"\u001b[32minfo\u001b[39m","message":"\u001b[32m✅ Database connection established successfully\u001b[39m","timestamp":"2025-12-06 20:29:58:2958"}
{"level":"\u001b[32minfo\u001b[39m","message":"\u001b[32m📊 Connected to: dev-cmdv@localhost\u001b[39m","timestamp":"2025-12-06 20:29:58:2958"}
{"level":"\u001b[37mdebug\u001b[39m","message":"\u001b[37mExecuting (default): SELECT count(\"case_files\".\"id\") AS \"count\" FROM \"medical\".\"case_files\" AS \"case_files\" LEFT OUTER JOIN \"medical\".\"patients\" AS \"patient\" ON \"case_files\".\"patient_id\" = \"patient\".\"id\" LEFT OUTER JOIN \"medical\".\"admission_types\" AS \"admissionType\" ON \"case_files\".\"admission_type_id\" = \"admissionType\".\"id\";\u001b[39m","timestamp":"2025-12-06 20:31:12:3112"}
{"level":"\u001b[37mdebug\u001b[39m","message":"\u001b[37mExecuting (default): SELECT \"case_files\".\"id\", \"case_files\".\"case_number\", \"case_files\".\"patient_id\", \"case_files\".\"admission_date\", \"case_files\".\"discharge_date\", \"case_files\".\"admission_type\", \"case_files\".\"chief_complaint\", \"case_files\".\"initial_diagnosis\", \"case_files\".\"final_diagnosis\", \"case_files\".\"case_status\", \"case_files\".\"total_cost\", \"case_files\".\"shift_type\", \"case_files\".\"current_status_flow\", \"case_files\".\"is_transfer\", \"case_files\".\"transfer_from_case_id\", \"case_files\".\"notes\", \"case_files\".\"created_by\", \"case_files\".\"admission_type_id\", \"case_files\".\"created_at\" AS \"createdAt\", \"case_files\".\"updated_at\" AS \"updatedAt\", \"patient\".\"id\" AS \"patient.id\", \"patient\".\"first_name\" AS \"patient.first_name\", \"patient\".\"last_name\" AS \"patient.last_name\", \"admissionType\".\"id\" AS \"admissionType.id\", \"admissionType\".\"code\" AS \"admissionType.code\", \"admissionType\".\"name\" AS \"admissionType.name\" FROM \"medical\".\"case_files\" AS \"case_files\" LEFT OUTER JOIN \"medical\".\"patients\" AS \"patient\" ON \"case_files\".\"patient_id\" = \"patient\".\"id\" LEFT OUTER JOIN \"medical\".\"admission_types\" AS \"admissionType\" ON \"case_files\".\"admission_type_id\" = \"admissionType\".\"id\" ORDER BY \"case_files\".\"admission_date\" DESC LIMIT 10 OFFSET 0;\u001b[39m","timestamp":"2025-12-06 20:31:12:3112"}
{"level":"\u001b[32minfo\u001b[39m","message":"\u001b[32m\u001b[0mGET /api/v1/medical/case-files/?page=1&limit=10 \u001b[32m200\u001b[0m 96.706 ms - 86\u001b[0m\u001b[39m","timestamp":"2025-12-06 20:31:12:3112"}
{"level":"\u001b[32minfo\u001b[39m","message":"\u001b[32m\u001b[0mGET /api/v1/medical/admission-types/case-number/314 \u001b[33m404\u001b[0m 6.935 ms - 185\u001b[0m\u001b[39m","timestamp":"2025-12-06 20:33:32:3332"}
{"level":"\u001b[37mdebug\u001b[39m","message":"\u001b[37mExecuting (default): SELECT \"case_files\".\"id\", \"case_files\".\"case_number\", \"case_files\".\"patient_id\", \"case_files\".\"admission_date\", \"case_files\".\"discharge_date\", \"case_files\".\"admission_type\", \"case_files\".\"chief_complaint\", \"case_files\".\"initial_diagnosis\", \"case_files\".\"final_diagnosis\", \"case_files\".\"case_status\", \"case_files\".\"total_cost\", \"case_files\".\"shift_type\", \"case_files\".\"current_status_flow\", \"case_files\".\"is_transfer\", \"case_files\".\"transfer_from_case_id\", \"case_files\".\"notes\", \"case_files\".\"created_by\", \"case_files\".\"admission_type_id\", \"case_files\".\"created_at\" AS \"createdAt\", \"case_files\".\"updated_at\" AS \"updatedAt\", \"patient\".\"id\" AS \"patient.id\", \"patient\".\"file_number\" AS \"patient.file_number\", \"patient\".\"first_name\" AS \"patient.first_name\", \"patient\".\"last_name\" AS \"patient.last_name\", \"admissionType\".\"id\" AS \"admissionType.id\", \"admissionType\".\"code\" AS \"admissionType.code\", \"admissionType\".\"name\" AS \"admissionType.name\", \"admissionType\".\"requires_hospitalization\" AS \"admissionType.requires_hospitalization\", \"admissionType\".\"requires_package\" AS \"admissionType.requires_package\", \"admissionType\".\"allows_transfer\" AS \"admissionType.allows_transfer\", \"admissionType\".\"requires_immediate_payment\" AS \"admissionType.requires_immediate_payment\", \"admissionType\".\"category\" AS \"admissionType.category\", \"admissionType\".\"description\" AS \"admissionType.description\", \"admissionType\".\"is_active\" AS \"admissionType.is_active\", \"admissionType\".\"created_at\" AS \"admissionType.createdAt\", \"admissionType\".\"updated_at\" AS \"admissionType.updatedAt\", \"case_rooms\".\"id\" AS \"case_rooms.id\", \"case_rooms\".\"case_file_id\" AS \"case_rooms.case_file_id\", \"case_rooms\".\"room_id\" AS \"case_rooms.room_id\", \"case_rooms\".\"check_in\" AS \"case_rooms.check_in\", \"case_rooms\".\"check_out\" AS \"case_rooms.check_out\", \"case_rooms\".\"daily_rate\" AS \"case_rooms.daily_rate\", \"case_rooms\".\"notes\" AS \"case_rooms.notes\", \"case_rooms->room\".\"id\" AS \"case_rooms.room.id\", \"case_rooms->room\".\"room_number\" AS \"case_rooms.room.room_number\", \"case_rooms->room\".\"room_type\" AS \"case_rooms.room.room_type\", \"case_package_assignments\".\"id\" AS \"case_package_assignments.id\", \"case_package_assignments\".\"case_file_id\" AS \"case_package_assignments.case_file_id\", \"case_package_assignments\".\"package_id\" AS \"case_package_assignments.package_id\", \"case_package_assignments\".\"doctor_id\" AS \"case_package_assignments.doctor_id\", \"case_package_assignments\".\"doctor_type_used\" AS \"case_package_assignments.doctor_type_used\", \"case_package_assignments\".\"price_applied\" AS \"case_package_assignments.price_applied\", \"case_package_assignments\".\"assigned_date\" AS \"case_package_assignments.assigned_date\", \"case_package_assignments\".\"assigned_by\" AS \"case_package_assignments.assigned_by\", \"case_package_assignments\".\"inventory_deducted\" AS \"case_package_assignments.inventory_deducted\", \"case_package_assignments\".\"inventory_deducted_at\" AS \"case_package_assignments.inventory_deducted_at\", \"case_package_assignments\".\"notes\" AS \"case_package_assignments.notes\", \"case_package_assignments->package\".\"id\" AS \"case_package_assignments.package.id\", \"case_package_assignments->package\".\"name\" AS \"case_package_assignments.package.name\", \"case_package_assignments->doctor\".\"id\" AS \"case_package_assignments.doctor.id\" FROM \"medical\".\"case_files\" AS \"case_files\" LEFT OUTER JOIN \"medical\".\"patients\" AS \"patient\" ON \"case_files\".\"patient_id\" = \"patient\".\"id\" LEFT OUTER JOIN \"medical\".\"admission_types\" AS \"admissionType\" ON \"case_files\".\"admission_type_id\" = \"admissionType\".\"id\" LEFT OUTER JOIN \"medical\".\"case_rooms\" AS \"case_rooms\" ON \"case_files\".\"id\" = \"case_rooms\".\"case_file_id\" LEFT OUTER JOIN \"medical\".\"rooms\" AS \"case_rooms->room\" ON \"case_rooms\".\"room_id\" = \"case_rooms->room\".\"id\" LEFT OUTER JOIN \"medical\".\"case_package_assignments\" AS \"case_package_assignments\" ON \"case_files\".\"id\" = \"case_package_assignments\".\"case_file_id\" LEFT OUTER JOIN \"medical\".\"packages\" AS \"case_package_assignments->package\" ON \"case_package_assignments\".\"package_id\" = \"case_package_assignments->package\".\"id\" LEFT OUTER JOIN \"medical\".\"doctors\" AS \"case_package_assignments->doctor\" ON \"case_package_assignments\".\"doctor_id\" = \"case_package_assignments->doctor\".\"id\" WHERE \"case_files\".\"case_number\" = '314';\u001b[39m","timestamp":"2025-12-06 20:34:10:3410"}
{"level":"\u001b[32minfo\u001b[39m","message":"\u001b[32m\u001b[0mGET /api/v1/medical/case-files/case-number/314 \u001b[33m404\u001b[0m 120.316 ms - 70\u001b[0m\u001b[39m","timestamp":"2025-12-06 20:34:10:3410"}
{"level":"\u001b[32minfo\u001b[39m","message":"\u001b[32m🚀 Server is running on port 3000\u001b[39m","timestamp":"2025-12-06 20:34:48:3448"}
{"level":"\u001b[32minfo\u001b[39m","message":"\u001b[32m📚 API Documentation: http://localhost:3000/api-docs\u001b[39m","timestamp":"2025-12-06 20:34:48:3448"}
{"level":"\u001b[32minfo\u001b[39m","message":"\u001b[32m🔍 API v1: http://localhost:3000/api/v1\u001b[39m","timestamp":"2025-12-06 20:34:48:3448"}
{"level":"\u001b[32minfo\u001b[39m","message":"\u001b[32m❤️  Health check: http://localhost:3000/health\u001b[39m","timestamp":"2025-12-06 20:34:48:3448"}
{"level":"\u001b[37mdebug\u001b[39m","message":"\u001b[37mExecuting (default): SELECT 1+1 AS result\u001b[39m","timestamp":"2025-12-06 20:34:48:3448"}
{"level":"\u001b[32minfo\u001b[39m","message":"\u001b[32m✅ Database connection established successfully\u001b[39m","timestamp":"2025-12-06 20:34:48:3448"}
{"level":"\u001b[32minfo\u001b[39m","message":"\u001b[32m📊 Connected to: dev-cmdv@localhost\u001b[39m","timestamp":"2025-12-06 20:34:48:3448"}
{"level":"\u001b[32minfo\u001b[39m","message":"\u001b[32m🚀 Server is running on port 3000\u001b[39m","timestamp":"2025-12-06 20:35:01:351"}
{"level":"\u001b[32minfo\u001b[39m","message":"\u001b[32m📚 API Documentation: http://localhost:3000/api-docs\u001b[39m","timestamp":"2025-12-06 20:35:01:351"}
{"level":"\u001b[32minfo\u001b[39m","message":"\u001b[32m🔍 API v1: http://localhost:3000/api/v1\u001b[39m","timestamp":"2025-12-06 20:35:01:351"}
{"level":"\u001b[32minfo\u001b[39m","message":"\u001b[32m❤️  Health check: http://localhost:3000/health\u001b[39m","timestamp":"2025-12-06 20:35:01:351"}
{"level":"\u001b[37mdebug\u001b[39m","message":"\u001b[37mExecuting (default): SELECT 1+1 AS result\u001b[39m","timestamp":"2025-12-06 20:35:02:352"}
{"level":"\u001b[32minfo\u001b[39m","message":"\u001b[32m✅ Database connection established successfully\u001b[39m","timestamp":"2025-12-06 20:35:02:352"}
{"level":"\u001b[32minfo\u001b[39m","message":"\u001b[32m📊 Connected to: dev-cmdv@localhost\u001b[39m","timestamp":"2025-12-06 20:35:02:352"}
{"level":"\u001b[32minfo\u001b[39m","message":"\u001b[32m🚀 Server is running on port 3000\u001b[39m","timestamp":"2025-12-06 20:35:13:3513"}
{"level":"\u001b[32minfo\u001b[39m","message":"\u001b[32m📚 API Documentation: http://localhost:3000/api-docs\u001b[39m","timestamp":"2025-12-06 20:35:13:3513"}
{"level":"\u001b[32minfo\u001b[39m","message":"\u001b[32m🔍 API v1: http://localhost:3000/api/v1\u001b[39m","timestamp":"2025-12-06 20:35:13:3513"}
{"level":"\u001b[32minfo\u001b[39m","message":"\u001b[32m❤️  Health check: http://localhost:3000/health\u001b[39m","timestamp":"2025-12-06 20:35:13:3513"}
{"level":"\u001b[37mdebug\u001b[39m","message":"\u001b[37mExecuting (default): SELECT 1+1 AS result\u001b[39m","timestamp":"2025-12-06 20:35:13:3513"}
{"level":"\u001b[32minfo\u001b[39m","message":"\u001b[32m✅ Database connection established successfully\u001b[39m","timestamp":"2025-12-06 20:35:13:3513"}
{"level":"\u001b[32minfo\u001b[39m","message":"\u001b[32m📊 Connected to: dev-cmdv@localhost\u001b[39m","timestamp":"2025-12-06 20:35:13:3513"}
{"level":"\u001b[32minfo\u001b[39m","message":"\u001b[32m🚀 Server is running on port 3000\u001b[39m","timestamp":"2025-12-06 20:36:21:3621"}
{"level":"\u001b[32minfo\u001b[39m","message":"\u001b[32m📚 API Documentation: http://localhost:3000/api-docs\u001b[39m","timestamp":"2025-12-06 20:36:21:3621"}
{"level":"\u001b[32minfo\u001b[39m","message":"\u001b[32m🔍 API v1: http://localhost:3000/api/v1\u001b[39m","timestamp":"2025-12-06 20:36:21:3621"}
{"level":"\u001b[32minfo\u001b[39m","message":"\u001b[32m❤️  Health check: http://localhost:3000/health\u001b[39m","timestamp":"2025-12-06 20:36:21:3621"}
{"level":"\u001b[37mdebug\u001b[39m","message":"\u001b[37mExecuting (default): SELECT 1+1 AS result\u001b[39m","timestamp":"2025-12-06 20:36:21:3621"}
{"level":"\u001b[32minfo\u001b[39m","message":"\u001b[32m✅ Database connection established successfully\u001b[39m","timestamp":"2025-12-06 20:36:21:3621"}
{"level":"\u001b[32minfo\u001b[39m","message":"\u001b[32m📊 Connected to: dev-cmdv@localhost\u001b[39m","timestamp":"2025-12-06 20:36:21:3621"}
{"level":"\u001b[32minfo\u001b[39m","message":"\u001b[32m🚀 Server is running on port 3000\u001b[39m","timestamp":"2025-12-06 20:36:50:3650"}
{"level":"\u001b[32minfo\u001b[39m","message":"\u001b[32m📚 API Documentation: http://localhost:3000/api-docs\u001b[39m","timestamp":"2025-12-06 20:36:50:3650"}
{"level":"\u001b[32minfo\u001b[39m","message":"\u001b[32m🔍 API v1: http://localhost:3000/api/v1\u001b[39m","timestamp":"2025-12-06 20:36:50:3650"}
{"level":"\u001b[32minfo\u001b[39m","message":"\u001b[32m❤️  Health check: http://localhost:3000/health\u001b[39m","timestamp":"2025-12-06 20:36:50:3650"}
{"level":"\u001b[37mdebug\u001b[39m","message":"\u001b[37mExecuting (default): SELECT 1+1 AS result\u001b[39m","timestamp":"2025-12-06 20:36:50:3650"}
{"level":"\u001b[32minfo\u001b[39m","message":"\u001b[32m✅ Database connection established successfully\u001b[39m","timestamp":"2025-12-06 20:36:50:3650"}
{"level":"\u001b[32minfo\u001b[39m","message":"\u001b[32m📊 Connected to: dev-cmdv@localhost\u001b[39m","timestamp":"2025-12-06 20:36:50:3650"}
{"level":"\u001b[32minfo\u001b[39m","message":"\u001b[32m🚀 Server is running on port 3000\u001b[39m","timestamp":"2025-12-06 20:37:15:3715"}
{"level":"\u001b[32minfo\u001b[39m","message":"\u001b[32m📚 API Documentation: http://localhost:3000/api-docs\u001b[39m","timestamp":"2025-12-06 20:37:15:3715"}
{"level":"\u001b[32minfo\u001b[39m","message":"\u001b[32m🔍 API v1: http://localhost:3000/api/v1\u001b[39m","timestamp":"2025-12-06 20:37:15:3715"}
{"level":"\u001b[32minfo\u001b[39m","message":"\u001b[32m❤️  Health check: http://localhost:3000/health\u001b[39m","timestamp":"2025-12-06 20:37:15:3715"}
{"level":"\u001b[37mdebug\u001b[39m","message":"\u001b[37mExecuting (default): SELECT 1+1 AS result\u001b[39m","timestamp":"2025-12-06 20:37:15:3715"}
{"level":"\u001b[32minfo\u001b[39m","message":"\u001b[32m✅ Database connection established successfully\u001b[39m","timestamp":"2025-12-06 20:37:15:3715"}
{"level":"\u001b[32minfo\u001b[39m","message":"\u001b[32m📊 Connected to: dev-cmdv@localhost\u001b[39m","timestamp":"2025-12-06 20:37:15:3715"}
{"level":"\u001b[37mdebug\u001b[39m","message":"\u001b[37mExecuting (default): SELECT count(\"case_files\".\"id\") AS \"count\" FROM \"medical\".\"case_files\" AS \"case_files\" LEFT OUTER JOIN \"medical\".\"patients\" AS \"patient\" ON \"case_files\".\"patient_id\" = \"patient\".\"id\" LEFT OUTER JOIN \"medical\".\"admission_types\" AS \"admissionType\" ON \"case_files\".\"admission_type_id\" = \"admissionType\".\"id\";\u001b[39m","timestamp":"2025-12-06 20:37:16:3716"}
{"level":"\u001b[37mdebug\u001b[39m","message":"\u001b[37mExecuting (default): SELECT \"case_files\".\"id\", \"case_files\".\"case_number\", \"case_files\".\"patient_id\", \"case_files\".\"admission_date\", \"case_files\".\"discharge_date\", \"case_files\".\"admission_type\", \"case_files\".\"chief_complaint\", \"case_files\".\"initial_diagnosis\", \"case_files\".\"final_diagnosis\", \"case_files\".\"case_status\", \"case_files\".\"total_cost\", \"case_files\".\"shift_type\", \"case_files\".\"current_status_flow\", \"case_files\".\"is_transfer\", \"case_files\".\"transfer_from_case_id\", \"case_files\".\"notes\", \"case_files\".\"created_by\", \"case_files\".\"admission_type_id\", \"case_files\".\"created_at\" AS \"createdAt\", \"case_files\".\"updated_at\" AS \"updatedAt\", \"patient\".\"id\" AS \"patient.id\", \"patient\".\"first_name\" AS \"patient.first_name\", \"patient\".\"last_name\" AS \"patient.last_name\", \"admissionType\".\"id\" AS \"admissionType.id\", \"admissionType\".\"code\" AS \"admissionType.code\", \"admissionType\".\"name\" AS \"admissionType.name\" FROM \"medical\".\"case_files\" AS \"case_files\" LEFT OUTER JOIN \"medical\".\"patients\" AS \"patient\" ON \"case_files\".\"patient_id\" = \"patient\".\"id\" LEFT OUTER JOIN \"medical\".\"admission_types\" AS \"admissionType\" ON \"case_files\".\"admission_type_id\" = \"admissionType\".\"id\" ORDER BY \"case_files\".\"admission_date\" DESC LIMIT 10 OFFSET 0;\u001b[39m","timestamp":"2025-12-06 20:37:16:3716"}
{"level":"\u001b[32minfo\u001b[39m","message":"\u001b[32m\u001b[0mGET /api/v1/medical/case-files/?page=1&limit=10 \u001b[32m200\u001b[0m 36.399 ms - 143\u001b[0m\u001b[39m","timestamp":"2025-12-06 20:37:16:3716"}
{"level":"\u001b[32minfo\u001b[39m","message":"\u001b[32m🚀 Server is running on port 3000\u001b[39m","timestamp":"2025-12-06 20:48:21:4821"}
{"level":"\u001b[32minfo\u001b[39m","message":"\u001b[32m📚 API Documentation: http://localhost:3000/api-docs\u001b[39m","timestamp":"2025-12-06 20:48:21:4821"}
{"level":"\u001b[32minfo\u001b[39m","message":"\u001b[32m🔍 API v1: http://localhost:3000/api/v1\u001b[39m","timestamp":"2025-12-06 20:48:21:4821"}
{"level":"\u001b[32minfo\u001b[39m","message":"\u001b[32m❤️  Health check: http://localhost:3000/health\u001b[39m","timestamp":"2025-12-06 20:48:21:4821"}
{"level":"\u001b[37mdebug\u001b[39m","message":"\u001b[37mExecuting (default): SELECT 1+1 AS result\u001b[39m","timestamp":"2025-12-06 20:48:21:4821"}
{"level":"\u001b[32minfo\u001b[39m","message":"\u001b[32m✅ Database connection established successfully\u001b[39m","timestamp":"2025-12-06 20:48:21:4821"}
{"level":"\u001b[32minfo\u001b[39m","message":"\u001b[32m📊 Connected to: dev-cmdv@localhost\u001b[39m","timestamp":"2025-12-06 20:48:21:4821"}
{"level":"\u001b[32minfo\u001b[39m","message":"\u001b[32m🚀 Server is running on port 3000\u001b[39m","timestamp":"2025-12-06 20:48:49:4849"}
{"level":"\u001b[32minfo\u001b[39m","message":"\u001b[32m📚 API Documentation: http://localhost:3000/api-docs\u001b[39m","timestamp":"2025-12-06 20:48:49:4849"}
{"level":"\u001b[32minfo\u001b[39m","message":"\u001b[32m🔍 API v1: http://localhost:3000/api/v1\u001b[39m","timestamp":"2025-12-06 20:48:49:4849"}
{"level":"\u001b[32minfo\u001b[39m","message":"\u001b[32m❤️  Health check: http://localhost:3000/health\u001b[39m","timestamp":"2025-12-06 20:48:49:4849"}
{"level":"\u001b[37mdebug\u001b[39m","message":"\u001b[37mExecuting (default): SELECT 1+1 AS result\u001b[39m","timestamp":"2025-12-06 20:48:49:4849"}
{"level":"\u001b[32minfo\u001b[39m","message":"\u001b[32m✅ Database connection established successfully\u001b[39m","timestamp":"2025-12-06 20:48:49:4849"}
{"level":"\u001b[32minfo\u001b[39m","message":"\u001b[32m📊 Connected to: dev-cmdv@localhost\u001b[39m","timestamp":"2025-12-06 20:48:49:4849"}
{"level":"\u001b[32minfo\u001b[39m","message":"\u001b[32m🚀 Server is running on port 3000\u001b[39m","timestamp":"2025-12-06 20:49:19:4919"}
{"level":"\u001b[32minfo\u001b[39m","message":"\u001b[32m📚 API Documentation: http://localhost:3000/api-docs\u001b[39m","timestamp":"2025-12-06 20:49:19:4919"}
{"level":"\u001b[32minfo\u001b[39m","message":"\u001b[32m🔍 API v1: http://localhost:3000/api/v1\u001b[39m","timestamp":"2025-12-06 20:49:19:4919"}
{"level":"\u001b[32minfo\u001b[39m","message":"\u001b[32m❤️  Health check: http://localhost:3000/health\u001b[39m","timestamp":"2025-12-06 20:49:19:4919"}
{"level":"\u001b[37mdebug\u001b[39m","message":"\u001b[37mExecuting (default): SELECT 1+1 AS result\u001b[39m","timestamp":"2025-12-06 20:49:19:4919"}
{"level":"\u001b[32minfo\u001b[39m","message":"\u001b[32m✅ Database connection established successfully\u001b[39m","timestamp":"2025-12-06 20:49:19:4919"}
{"level":"\u001b[32minfo\u001b[39m","message":"\u001b[32m📊 Connected to: dev-cmdv@localhost\u001b[39m","timestamp":"2025-12-06 20:49:19:4919"}
{"level":"\u001b[32minfo\u001b[39m","message":"\u001b[32m🚀 Server is running on port 3000\u001b[39m","timestamp":"2025-12-06 20:50:15:5015"}
{"level":"\u001b[32minfo\u001b[39m","message":"\u001b[32m📚 API Documentation: http://localhost:3000/api-docs\u001b[39m","timestamp":"2025-12-06 20:50:15:5015"}
{"level":"\u001b[32minfo\u001b[39m","message":"\u001b[32m🔍 API v1: http://localhost:3000/api/v1\u001b[39m","timestamp":"2025-12-06 20:50:15:5015"}
{"level":"\u001b[32minfo\u001b[39m","message":"\u001b[32m❤️  Health check: http://localhost:3000/health\u001b[39m","timestamp":"2025-12-06 20:50:15:5015"}
{"level":"\u001b[37mdebug\u001b[39m","message":"\u001b[37mExecuting (default): SELECT 1+1 AS result\u001b[39m","timestamp":"2025-12-06 20:50:15:5015"}
{"level":"\u001b[32minfo\u001b[39m","message":"\u001b[32m✅ Database connection established successfully\u001b[39m","timestamp":"2025-12-06 20:50:15:5015"}
{"level":"\u001b[32minfo\u001b[39m","message":"\u001b[32m📊 Connected to: dev-cmdv@localhost\u001b[39m","timestamp":"2025-12-06 20:50:15:5015"}
{"level":"\u001b[32minfo\u001b[39m","message":"\u001b[32m🚀 Server is running on port 3000\u001b[39m","timestamp":"2025-12-07 12:15:11:1511"}
{"level":"\u001b[32minfo\u001b[39m","message":"\u001b[32m📚 API Documentation: http://localhost:3000/api-docs\u001b[39m","timestamp":"2025-12-07 12:15:11:1511"}
{"level":"\u001b[32minfo\u001b[39m","message":"\u001b[32m🔍 API v1: http://localhost:3000/api/v1\u001b[39m","timestamp":"2025-12-07 12:15:11:1511"}
{"level":"\u001b[32minfo\u001b[39m","message":"\u001b[32m❤️  Health check: http://localhost:3000/health\u001b[39m","timestamp":"2025-12-07 12:15:11:1511"}
{"level":"\u001b[37mdebug\u001b[39m","message":"\u001b[37mExecuting (default): SELECT 1+1 AS result\u001b[39m","timestamp":"2025-12-07 12:15:11:1511"}
{"level":"\u001b[32minfo\u001b[39m","message":"\u001b[32m✅ Database connection established successfully\u001b[39m","timestamp":"2025-12-07 12:15:11:1511"}
{"level":"\u001b[32minfo\u001b[39m","message":"\u001b[32m📊 Connected to: dev-cmdv@localhost\u001b[39m","timestamp":"2025-12-07 12:15:11:1511"}
{"level":"\u001b[32minfo\u001b[39m","message":"\u001b[32m\u001b[0mGET /api/v1/medical/case-files/:id/validation \u001b[33m401\u001b[0m 21.346 ms - 54\u001b[0m\u001b[39m","timestamp":"2025-12-07 12:16:57:1657"}
{"level":"\u001b[37mdebug\u001b[39m","message":"\u001b[37mExecuting (default): SELECT \"id\", \"username\", \"email\", \"password_hash\", \"full_name\", \"role\", \"is_active\", \"last_login\", \"password_changed_at\", \"failed_login_attempts\", \"locked_until\", \"created_by\", \"updated_by\", \"created_at\", \"updated_at\" FROM \"core\".\"users\" AS \"users\" WHERE \"users\".\"email\" = 'jldonis@cmdv.com' AND \"users\".\"is_active\" = true AND \"users\".\"locked_until\" IS NULL;\u001b[39m","timestamp":"2025-12-07 12:17:07:177"}
{"level":"\u001b[37mdebug\u001b[39m","message":"\u001b[37mExecuting (default): INSERT INTO \"core\".\"jwt_tokens\" (\"id\",\"user_id\",\"token_hash\",\"refresh_token_hash\",\"expires_at\",\"refresh_expires_at\",\"is_revoked\",\"created_at\",\"updated_at\") VALUES ($1,$2,$3,$4,$5,$6,$7,$8,$9) RETURNING \"id\",\"user_id\",\"token_hash\",\"refresh_token_hash\",\"expires_at\",\"refresh_expires_at\",\"is_revoked\",\"revoked_at\",\"ip_address\",\"user_agent\",\"created_at\",\"updated_at\";\u001b[39m","timestamp":"2025-12-07 12:17:07:177"}
{"level":"\u001b[31merror\u001b[39m","message":"\u001b[31mError storing refresh token:\u001b[39m","name":"SequelizeDatabaseError","original":{"code":"42703","file":"parse_target.c","length":134,"line":"1066","name":"error","parameters":["4ec58dc9-3a39-4b5b-9bfd-7ceba803c154","ba0a2b9b-c023-4368-82ea-a341a798cdd4","eyJhbGciOiJIUzI1NiIsInR5cCI6IkpXVCJ9.eyJ1c2VySWQiOiJiYTBhMmI5Yi1jMDIzLTQzNjgtODJlYS1hMzQxYTc5OGNkZDQiLCJlbWFpbCI6ImpsZG9uaXNAY21kdi5jb20iLCJpYXQiOjE3NjUxMzE0MjcsImV4cCI6MTc2NzcyMzQyN30.CR-CJjtvmAlcNTWQm-kZBuw3ZgX4iPSY_Tld8btq-dQ","eyJhbGciOiJIUzI1NiIsInR5cCI6IkpXVCJ9.eyJ1c2VySWQiOiJiYTBhMmI5Yi1jMDIzLTQzNjgtODJlYS1hMzQxYTc5OGNkZDQiLCJlbWFpbCI6ImpsZG9uaXNAY21kdi5jb20iLCJpYXQiOjE3NjUxMzE0MjcsImV4cCI6MTc2NzcyMzQyN30.CR-CJjtvmAlcNTWQm-kZBuw3ZgX4iPSY_Tld8btq-dQ","2026-01-06 18:17:07.947 +00:00","2026-01-06 18:17:07.947 +00:00",false,"2025-12-07 18:17:07.949 +00:00","2025-12-07 18:17:07.949 +00:00"],"position":"143","routine":"checkInsertTargets","severity":"ERROR","sql":"INSERT INTO \"core\".\"jwt_tokens\" (\"id\",\"user_id\",\"token_hash\",\"refresh_token_hash\",\"expires_at\",\"refresh_expires_at\",\"is_revoked\",\"created_at\",\"updated_at\") VALUES ($1,$2,$3,$4,$5,$6,$7,$8,$9) RETURNING \"id\",\"user_id\",\"token_hash\",\"refresh_token_hash\",\"expires_at\",\"refresh_expires_at\",\"is_revoked\",\"revoked_at\",\"ip_address\",\"user_agent\",\"created_at\",\"updated_at\";"},"parameters":["4ec58dc9-3a39-4b5b-9bfd-7ceba803c154","ba0a2b9b-c023-4368-82ea-a341a798cdd4","eyJhbGciOiJIUzI1NiIsInR5cCI6IkpXVCJ9.eyJ1c2VySWQiOiJiYTBhMmI5Yi1jMDIzLTQzNjgtODJlYS1hMzQxYTc5OGNkZDQiLCJlbWFpbCI6ImpsZG9uaXNAY21kdi5jb20iLCJpYXQiOjE3NjUxMzE0MjcsImV4cCI6MTc2NzcyMzQyN30.CR-CJjtvmAlcNTWQm-kZBuw3ZgX4iPSY_Tld8btq-dQ","eyJhbGciOiJIUzI1NiIsInR5cCI6IkpXVCJ9.eyJ1c2VySWQiOiJiYTBhMmI5Yi1jMDIzLTQzNjgtODJlYS1hMzQxYTc5OGNkZDQiLCJlbWFpbCI6ImpsZG9uaXNAY21kdi5jb20iLCJpYXQiOjE3NjUxMzE0MjcsImV4cCI6MTc2NzcyMzQyN30.CR-CJjtvmAlcNTWQm-kZBuw3ZgX4iPSY_Tld8btq-dQ","2026-01-06 18:17:07.947 +00:00","2026-01-06 18:17:07.947 +00:00",false,"2025-12-07 18:17:07.949 +00:00","2025-12-07 18:17:07.949 +00:00"],"parent":{"code":"42703","file":"parse_target.c","length":134,"line":"1066","name":"error","parameters":["4ec58dc9-3a39-4b5b-9bfd-7ceba803c154","ba0a2b9b-c023-4368-82ea-a341a798cdd4","eyJhbGciOiJIUzI1NiIsInR5cCI6IkpXVCJ9.eyJ1c2VySWQiOiJiYTBhMmI5Yi1jMDIzLTQzNjgtODJlYS1hMzQxYTc5OGNkZDQiLCJlbWFpbCI6ImpsZG9uaXNAY21kdi5jb20iLCJpYXQiOjE3NjUxMzE0MjcsImV4cCI6MTc2NzcyMzQyN30.CR-CJjtvmAlcNTWQm-kZBuw3ZgX4iPSY_Tld8btq-dQ","eyJhbGciOiJIUzI1NiIsInR5cCI6IkpXVCJ9.eyJ1c2VySWQiOiJiYTBhMmI5Yi1jMDIzLTQzNjgtODJlYS1hMzQxYTc5OGNkZDQiLCJlbWFpbCI6ImpsZG9uaXNAY21kdi5jb20iLCJpYXQiOjE3NjUxMzE0MjcsImV4cCI6MTc2NzcyMzQyN30.CR-CJjtvmAlcNTWQm-kZBuw3ZgX4iPSY_Tld8btq-dQ","2026-01-06 18:17:07.947 +00:00","2026-01-06 18:17:07.947 +00:00",false,"2025-12-07 18:17:07.949 +00:00","2025-12-07 18:17:07.949 +00:00"],"position":"143","routine":"checkInsertTargets","severity":"ERROR","sql":"INSERT INTO \"core\".\"jwt_tokens\" (\"id\",\"user_id\",\"token_hash\",\"refresh_token_hash\",\"expires_at\",\"refresh_expires_at\",\"is_revoked\",\"created_at\",\"updated_at\") VALUES ($1,$2,$3,$4,$5,$6,$7,$8,$9) RETURNING \"id\",\"user_id\",\"token_hash\",\"refresh_token_hash\",\"expires_at\",\"refresh_expires_at\",\"is_revoked\",\"revoked_at\",\"ip_address\",\"user_agent\",\"created_at\",\"updated_at\";"},"sql":"INSERT INTO \"core\".\"jwt_tokens\" (\"id\",\"user_id\",\"token_hash\",\"refresh_token_hash\",\"expires_at\",\"refresh_expires_at\",\"is_revoked\",\"created_at\",\"updated_at\") VALUES ($1,$2,$3,$4,$5,$6,$7,$8,$9) RETURNING \"id\",\"user_id\",\"token_hash\",\"refresh_token_hash\",\"expires_at\",\"refresh_expires_at\",\"is_revoked\",\"revoked_at\",\"ip_address\",\"user_agent\",\"created_at\",\"updated_at\";","timestamp":"2025-12-07 12:17:08:178"}
{"level":"\u001b[37mdebug\u001b[39m","message":"\u001b[37mExecuting (default): UPDATE \"core\".\"users\" SET \"last_login\"=$1,\"updated_at\"=$2 WHERE \"id\" = $3\u001b[39m","timestamp":"2025-12-07 12:17:08:178"}
{"level":"\u001b[32minfo\u001b[39m","message":"\u001b[32m\u001b[0mPOST /api/v1/auth/login \u001b[32m200\u001b[0m 312.914 ms - 748\u001b[0m\u001b[39m","timestamp":"2025-12-07 12:17:08:178"}
{"level":"\u001b[37mdebug\u001b[39m","message":"\u001b[37mExecuting (default): SELECT \"case_files\".\"id\", \"case_files\".\"case_number\", \"case_files\".\"patient_id\", \"case_files\".\"admission_date\", \"case_files\".\"discharge_date\", \"case_files\".\"admission_type\", \"case_files\".\"chief_complaint\", \"case_files\".\"initial_diagnosis\", \"case_files\".\"final_diagnosis\", \"case_files\".\"case_status\", \"case_files\".\"total_cost\", \"case_files\".\"shift_type\", \"case_files\".\"current_status_flow\", \"case_files\".\"is_transfer\", \"case_files\".\"transfer_from_case_id\", \"case_files\".\"notes\", \"case_files\".\"created_by\", \"case_files\".\"admission_type_id\", \"case_files\".\"created_at\" AS \"createdAt\", \"case_files\".\"updated_at\" AS \"updatedAt\", \"admissionType\".\"id\" AS \"admissionType.id\", \"admissionType\".\"code\" AS \"admissionType.code\", \"admissionType\".\"name\" AS \"admissionType.name\", \"admissionType\".\"requires_hospitalization\" AS \"admissionType.requires_hospitalization\", \"admissionType\".\"requires_package\" AS \"admissionType.requires_package\", \"admissionType\".\"allows_transfer\" AS \"admissionType.allows_transfer\", \"admissionType\".\"requires_immediate_payment\" AS \"admissionType.requires_immediate_payment\", \"admissionType\".\"category\" AS \"admissionType.category\", \"admissionType\".\"description\" AS \"admissionType.description\", \"admissionType\".\"is_active\" AS \"admissionType.is_active\", \"admissionType\".\"created_at\" AS \"admissionType.createdAt\", \"admissionType\".\"updated_at\" AS \"admissionType.updatedAt\", \"case_rooms\".\"id\" AS \"case_rooms.id\", \"case_rooms\".\"case_file_id\" AS \"case_rooms.case_file_id\", \"case_rooms\".\"room_id\" AS \"case_rooms.room_id\", \"case_rooms\".\"check_in\" AS \"case_rooms.check_in\", \"case_rooms\".\"check_out\" AS \"case_rooms.check_out\", \"case_rooms\".\"daily_rate\" AS \"case_rooms.daily_rate\", \"case_rooms\".\"notes\" AS \"case_rooms.notes\", \"case_package_assignments\".\"id\" AS \"case_package_assignments.id\", \"case_package_assignments\".\"case_file_id\" AS \"case_package_assignments.case_file_id\", \"case_package_assignments\".\"package_id\" AS \"case_package_assignments.package_id\", \"case_package_assignments\".\"doctor_id\" AS \"case_package_assignments.doctor_id\", \"case_package_assignments\".\"doctor_type_used\" AS \"case_package_assignments.doctor_type_used\", \"case_package_assignments\".\"price_applied\" AS \"case_package_assignments.price_applied\", \"case_package_assignments\".\"assigned_date\" AS \"case_package_assignments.assigned_date\", \"case_package_assignments\".\"assigned_by\" AS \"case_package_assignments.assigned_by\", \"case_package_assignments\".\"inventory_deducted\" AS \"case_package_assignments.inventory_deducted\", \"case_package_assignments\".\"inventory_deducted_at\" AS \"case_package_assignments.inventory_deducted_at\", \"case_package_assignments\".\"notes\" AS \"case_package_assignments.notes\" FROM \"medical\".\"case_files\" AS \"case_files\" LEFT OUTER JOIN \"medical\".\"admission_types\" AS \"admissionType\" ON \"case_files\".\"admission_type_id\" = \"admissionType\".\"id\" LEFT OUTER JOIN \"medical\".\"case_rooms\" AS \"case_rooms\" ON \"case_files\".\"id\" = \"case_rooms\".\"case_file_id\" LEFT OUTER JOIN \"medical\".\"case_package_assignments\" AS \"case_package_assignments\" ON \"case_files\".\"id\" = \"case_package_assignments\".\"case_file_id\" WHERE \"case_files\".\"id\" = ':id';\u001b[39m","timestamp":"2025-12-07 12:17:26:1726"}
{"level":"\u001b[32minfo\u001b[39m","message":"\u001b[32m\u001b[0mGET /api/v1/medical/case-files/:id/validation \u001b[31m500\u001b[0m 27.988 ms - 84\u001b[0m\u001b[39m","timestamp":"2025-12-07 12:17:26:1726"}
{"level":"\u001b[32minfo\u001b[39m","message":"\u001b[32m\u001b[0mPOST /api/v1/medical/case-files/ \u001b[31m500\u001b[0m 146.653 ms - 100\u001b[0m\u001b[39m","timestamp":"2025-12-07 16:25:06:256"}
{"level":"\u001b[32minfo\u001b[39m","message":"\u001b[32m🚀 Server is running on port 3000\u001b[39m","timestamp":"2025-12-07 16:26:17:2617"}
{"level":"\u001b[32minfo\u001b[39m","message":"\u001b[32m📚 API Documentation: http://localhost:3000/api-docs\u001b[39m","timestamp":"2025-12-07 16:26:17:2617"}
{"level":"\u001b[32minfo\u001b[39m","message":"\u001b[32m🔍 API v1: http://localhost:3000/api/v1\u001b[39m","timestamp":"2025-12-07 16:26:17:2617"}
{"level":"\u001b[32minfo\u001b[39m","message":"\u001b[32m❤️  Health check: http://localhost:3000/health\u001b[39m","timestamp":"2025-12-07 16:26:17:2617"}
{"level":"\u001b[37mdebug\u001b[39m","message":"\u001b[37mExecuting (default): SELECT 1+1 AS result\u001b[39m","timestamp":"2025-12-07 16:26:17:2617"}
{"level":"\u001b[32minfo\u001b[39m","message":"\u001b[32m✅ Database connection established successfully\u001b[39m","timestamp":"2025-12-07 16:26:17:2617"}
{"level":"\u001b[32minfo\u001b[39m","message":"\u001b[32m📊 Connected to: dev-cmdv@localhost\u001b[39m","timestamp":"2025-12-07 16:26:17:2617"}
{"level":"\u001b[32minfo\u001b[39m","message":"\u001b[32m\u001b[0mPOST /api/v1/medical/case-files/ \u001b[31m500\u001b[0m 14.187 ms - 100\u001b[0m\u001b[39m","timestamp":"2025-12-07 16:26:20:2620"}
{"level":"\u001b[32minfo\u001b[39m","message":"\u001b[32m🚀 Server is running on port 3000\u001b[39m","timestamp":"2025-12-07 16:27:10:2710"}
{"level":"\u001b[32minfo\u001b[39m","message":"\u001b[32m📚 API Documentation: http://localhost:3000/api-docs\u001b[39m","timestamp":"2025-12-07 16:27:10:2710"}
{"level":"\u001b[32minfo\u001b[39m","message":"\u001b[32m🔍 API v1: http://localhost:3000/api/v1\u001b[39m","timestamp":"2025-12-07 16:27:10:2710"}
{"level":"\u001b[32minfo\u001b[39m","message":"\u001b[32m❤️  Health check: http://localhost:3000/health\u001b[39m","timestamp":"2025-12-07 16:27:10:2710"}
{"level":"\u001b[37mdebug\u001b[39m","message":"\u001b[37mExecuting (default): SELECT 1+1 AS result\u001b[39m","timestamp":"2025-12-07 16:27:10:2710"}
{"level":"\u001b[32minfo\u001b[39m","message":"\u001b[32m✅ Database connection established successfully\u001b[39m","timestamp":"2025-12-07 16:27:10:2710"}
{"level":"\u001b[32minfo\u001b[39m","message":"\u001b[32m📊 Connected to: dev-cmdv@localhost\u001b[39m","timestamp":"2025-12-07 16:27:10:2710"}
{"level":"\u001b[32minfo\u001b[39m","message":"\u001b[32m🚀 Server is running on port 3000\u001b[39m","timestamp":"2025-12-07 16:27:29:2729"}
{"level":"\u001b[32minfo\u001b[39m","message":"\u001b[32m📚 API Documentation: http://localhost:3000/api-docs\u001b[39m","timestamp":"2025-12-07 16:27:29:2729"}
{"level":"\u001b[32minfo\u001b[39m","message":"\u001b[32m🔍 API v1: http://localhost:3000/api/v1\u001b[39m","timestamp":"2025-12-07 16:27:29:2729"}
{"level":"\u001b[32minfo\u001b[39m","message":"\u001b[32m❤️  Health check: http://localhost:3000/health\u001b[39m","timestamp":"2025-12-07 16:27:29:2729"}
{"level":"\u001b[37mdebug\u001b[39m","message":"\u001b[37mExecuting (default): SELECT 1+1 AS result\u001b[39m","timestamp":"2025-12-07 16:27:29:2729"}
{"level":"\u001b[32minfo\u001b[39m","message":"\u001b[32m✅ Database connection established successfully\u001b[39m","timestamp":"2025-12-07 16:27:29:2729"}
{"level":"\u001b[32minfo\u001b[39m","message":"\u001b[32m📊 Connected to: dev-cmdv@localhost\u001b[39m","timestamp":"2025-12-07 16:27:29:2729"}
{"level":"\u001b[32minfo\u001b[39m","message":"\u001b[32m\u001b[0mPOST /api/v1/medical/case-files/ \u001b[31m500\u001b[0m 37.311 ms - 100\u001b[0m\u001b[39m","timestamp":"2025-12-07 16:27:32:2732"}
{"level":"\u001b[37mdebug\u001b[39m","message":"\u001b[37mExecuting (default): SELECT \"id\", \"username\", \"email\", \"password_hash\", \"full_name\", \"role\", \"is_active\", \"last_login\", \"password_changed_at\", \"failed_login_attempts\", \"locked_until\", \"created_by\", \"updated_by\", \"created_at\", \"updated_at\" FROM \"core\".\"users\" AS \"users\" WHERE \"users\".\"email\" = 'jldonis@cmdv.com' AND \"users\".\"is_active\" = true AND \"users\".\"locked_until\" IS NULL;\u001b[39m","timestamp":"2025-12-07 16:27:48:2748"}
{"level":"\u001b[37mdebug\u001b[39m","message":"\u001b[37mExecuting (default): INSERT INTO \"core\".\"jwt_tokens\" (\"id\",\"user_id\",\"token_hash\",\"refresh_token_hash\",\"expires_at\",\"refresh_expires_at\",\"is_revoked\",\"created_at\",\"updated_at\") VALUES ($1,$2,$3,$4,$5,$6,$7,$8,$9) RETURNING \"id\",\"user_id\",\"token_hash\",\"refresh_token_hash\",\"expires_at\",\"refresh_expires_at\",\"is_revoked\",\"revoked_at\",\"ip_address\",\"user_agent\",\"created_at\",\"updated_at\";\u001b[39m","timestamp":"2025-12-07 16:27:48:2748"}
{"level":"\u001b[31merror\u001b[39m","message":"\u001b[31mError storing refresh token:\u001b[39m","name":"SequelizeDatabaseError","original":{"code":"42703","file":"parse_target.c","length":134,"line":"1066","name":"error","parameters":["7d209915-d626-4f91-bcc8-fbaf9d132dd4","ba0a2b9b-c023-4368-82ea-a341a798cdd4","eyJhbGciOiJIUzI1NiIsInR5cCI6IkpXVCJ9.eyJ1c2VySWQiOiJiYTBhMmI5Yi1jMDIzLTQzNjgtODJlYS1hMzQxYTc5OGNkZDQiLCJlbWFpbCI6ImpsZG9uaXNAY21kdi5jb20iLCJpYXQiOjE3NjUxNDY0NjgsImV4cCI6MTc2NzczODQ2OH0.3yw7iUxaROjRc2SKj349SQ_DaxrUXmD7bqKaGB2MwWE","eyJhbGciOiJIUzI1NiIsInR5cCI6IkpXVCJ9.eyJ1c2VySWQiOiJiYTBhMmI5Yi1jMDIzLTQzNjgtODJlYS1hMzQxYTc5OGNkZDQiLCJlbWFpbCI6ImpsZG9uaXNAY21kdi5jb20iLCJpYXQiOjE3NjUxNDY0NjgsImV4cCI6MTc2NzczODQ2OH0.3yw7iUxaROjRc2SKj349SQ_DaxrUXmD7bqKaGB2MwWE","2026-01-06 22:27:48.686 +00:00","2026-01-06 22:27:48.686 +00:00",false,"2025-12-07 22:27:48.688 +00:00","2025-12-07 22:27:48.688 +00:00"],"position":"143","routine":"checkInsertTargets","severity":"ERROR","sql":"INSERT INTO \"core\".\"jwt_tokens\" (\"id\",\"user_id\",\"token_hash\",\"refresh_token_hash\",\"expires_at\",\"refresh_expires_at\",\"is_revoked\",\"created_at\",\"updated_at\") VALUES ($1,$2,$3,$4,$5,$6,$7,$8,$9) RETURNING \"id\",\"user_id\",\"token_hash\",\"refresh_token_hash\",\"expires_at\",\"refresh_expires_at\",\"is_revoked\",\"revoked_at\",\"ip_address\",\"user_agent\",\"created_at\",\"updated_at\";"},"parameters":["7d209915-d626-4f91-bcc8-fbaf9d132dd4","ba0a2b9b-c023-4368-82ea-a341a798cdd4","eyJhbGciOiJIUzI1NiIsInR5cCI6IkpXVCJ9.eyJ1c2VySWQiOiJiYTBhMmI5Yi1jMDIzLTQzNjgtODJlYS1hMzQxYTc5OGNkZDQiLCJlbWFpbCI6ImpsZG9uaXNAY21kdi5jb20iLCJpYXQiOjE3NjUxNDY0NjgsImV4cCI6MTc2NzczODQ2OH0.3yw7iUxaROjRc2SKj349SQ_DaxrUXmD7bqKaGB2MwWE","eyJhbGciOiJIUzI1NiIsInR5cCI6IkpXVCJ9.eyJ1c2VySWQiOiJiYTBhMmI5Yi1jMDIzLTQzNjgtODJlYS1hMzQxYTc5OGNkZDQiLCJlbWFpbCI6ImpsZG9uaXNAY21kdi5jb20iLCJpYXQiOjE3NjUxNDY0NjgsImV4cCI6MTc2NzczODQ2OH0.3yw7iUxaROjRc2SKj349SQ_DaxrUXmD7bqKaGB2MwWE","2026-01-06 22:27:48.686 +00:00","2026-01-06 22:27:48.686 +00:00",false,"2025-12-07 22:27:48.688 +00:00","2025-12-07 22:27:48.688 +00:00"],"parent":{"code":"42703","file":"parse_target.c","length":134,"line":"1066","name":"error","parameters":["7d209915-d626-4f91-bcc8-fbaf9d132dd4","ba0a2b9b-c023-4368-82ea-a341a798cdd4","eyJhbGciOiJIUzI1NiIsInR5cCI6IkpXVCJ9.eyJ1c2VySWQiOiJiYTBhMmI5Yi1jMDIzLTQzNjgtODJlYS1hMzQxYTc5OGNkZDQiLCJlbWFpbCI6ImpsZG9uaXNAY21kdi5jb20iLCJpYXQiOjE3NjUxNDY0NjgsImV4cCI6MTc2NzczODQ2OH0.3yw7iUxaROjRc2SKj349SQ_DaxrUXmD7bqKaGB2MwWE","eyJhbGciOiJIUzI1NiIsInR5cCI6IkpXVCJ9.eyJ1c2VySWQiOiJiYTBhMmI5Yi1jMDIzLTQzNjgtODJlYS1hMzQxYTc5OGNkZDQiLCJlbWFpbCI6ImpsZG9uaXNAY21kdi5jb20iLCJpYXQiOjE3NjUxNDY0NjgsImV4cCI6MTc2NzczODQ2OH0.3yw7iUxaROjRc2SKj349SQ_DaxrUXmD7bqKaGB2MwWE","2026-01-06 22:27:48.686 +00:00","2026-01-06 22:27:48.686 +00:00",false,"2025-12-07 22:27:48.688 +00:00","2025-12-07 22:27:48.688 +00:00"],"position":"143","routine":"checkInsertTargets","severity":"ERROR","sql":"INSERT INTO \"core\".\"jwt_tokens\" (\"id\",\"user_id\",\"token_hash\",\"refresh_token_hash\",\"expires_at\",\"refresh_expires_at\",\"is_revoked\",\"created_at\",\"updated_at\") VALUES ($1,$2,$3,$4,$5,$6,$7,$8,$9) RETURNING \"id\",\"user_id\",\"token_hash\",\"refresh_token_hash\",\"expires_at\",\"refresh_expires_at\",\"is_revoked\",\"revoked_at\",\"ip_address\",\"user_agent\",\"created_at\",\"updated_at\";"},"sql":"INSERT INTO \"core\".\"jwt_tokens\" (\"id\",\"user_id\",\"token_hash\",\"refresh_token_hash\",\"expires_at\",\"refresh_expires_at\",\"is_revoked\",\"created_at\",\"updated_at\") VALUES ($1,$2,$3,$4,$5,$6,$7,$8,$9) RETURNING \"id\",\"user_id\",\"token_hash\",\"refresh_token_hash\",\"expires_at\",\"refresh_expires_at\",\"is_revoked\",\"revoked_at\",\"ip_address\",\"user_agent\",\"created_at\",\"updated_at\";","timestamp":"2025-12-07 16:27:48:2748"}
{"level":"\u001b[37mdebug\u001b[39m","message":"\u001b[37mExecuting (default): UPDATE \"core\".\"users\" SET \"last_login\"=$1,\"updated_at\"=$2 WHERE \"id\" = $3\u001b[39m","timestamp":"2025-12-07 16:27:48:2748"}
{"level":"\u001b[32minfo\u001b[39m","message":"\u001b[32m\u001b[0mPOST /api/v1/auth/login \u001b[32m200\u001b[0m 396.608 ms - 748\u001b[0m\u001b[39m","timestamp":"2025-12-07 16:27:48:2748"}
{"level":"\u001b[32minfo\u001b[39m","message":"\u001b[32m\u001b[0mPOST /api/v1/medical/case-files/ \u001b[31m500\u001b[0m 4.156 ms - 100\u001b[0m\u001b[39m","timestamp":"2025-12-07 16:28:07:287"}
{"level":"\u001b[32minfo\u001b[39m","message":"\u001b[32m🚀 Server is running on port 3000\u001b[39m","timestamp":"2025-12-07 16:29:57:2957"}
{"level":"\u001b[32minfo\u001b[39m","message":"\u001b[32m📚 API Documentation: http://localhost:3000/api-docs\u001b[39m","timestamp":"2025-12-07 16:29:57:2957"}
{"level":"\u001b[32minfo\u001b[39m","message":"\u001b[32m🔍 API v1: http://localhost:3000/api/v1\u001b[39m","timestamp":"2025-12-07 16:29:57:2957"}
{"level":"\u001b[32minfo\u001b[39m","message":"\u001b[32m❤️  Health check: http://localhost:3000/health\u001b[39m","timestamp":"2025-12-07 16:29:57:2957"}
{"level":"\u001b[37mdebug\u001b[39m","message":"\u001b[37mExecuting (default): SELECT 1+1 AS result\u001b[39m","timestamp":"2025-12-07 16:29:57:2957"}
{"level":"\u001b[32minfo\u001b[39m","message":"\u001b[32m✅ Database connection established successfully\u001b[39m","timestamp":"2025-12-07 16:29:57:2957"}
{"level":"\u001b[32minfo\u001b[39m","message":"\u001b[32m📊 Connected to: dev-cmdv@localhost\u001b[39m","timestamp":"2025-12-07 16:29:57:2957"}
{"level":"\u001b[32minfo\u001b[39m","message":"\u001b[32m\u001b[0mPOST /api/v1/medical/case-files/ \u001b[31m500\u001b[0m 21.832 ms - 100\u001b[0m\u001b[39m","timestamp":"2025-12-07 16:30:04:304"}
{"level":"\u001b[32minfo\u001b[39m","message":"\u001b[32m🚀 Server is running on port 3000\u001b[39m","timestamp":"2025-12-07 16:30:24:3024"}
{"level":"\u001b[32minfo\u001b[39m","message":"\u001b[32m📚 API Documentation: http://localhost:3000/api-docs\u001b[39m","timestamp":"2025-12-07 16:30:24:3024"}
{"level":"\u001b[32minfo\u001b[39m","message":"\u001b[32m🔍 API v1: http://localhost:3000/api/v1\u001b[39m","timestamp":"2025-12-07 16:30:24:3024"}
{"level":"\u001b[32minfo\u001b[39m","message":"\u001b[32m❤️  Health check: http://localhost:3000/health\u001b[39m","timestamp":"2025-12-07 16:30:24:3024"}
{"level":"\u001b[37mdebug\u001b[39m","message":"\u001b[37mExecuting (default): SELECT 1+1 AS result\u001b[39m","timestamp":"2025-12-07 16:30:24:3024"}
{"level":"\u001b[32minfo\u001b[39m","message":"\u001b[32m✅ Database connection established successfully\u001b[39m","timestamp":"2025-12-07 16:30:24:3024"}
{"level":"\u001b[32minfo\u001b[39m","message":"\u001b[32m📊 Connected to: dev-cmdv@localhost\u001b[39m","timestamp":"2025-12-07 16:30:24:3024"}
{"level":"\u001b[32minfo\u001b[39m","message":"\u001b[32m🚀 Server is running on port 3000\u001b[39m","timestamp":"2025-12-07 16:30:42:3042"}
{"level":"\u001b[32minfo\u001b[39m","message":"\u001b[32m📚 API Documentation: http://localhost:3000/api-docs\u001b[39m","timestamp":"2025-12-07 16:30:42:3042"}
{"level":"\u001b[32minfo\u001b[39m","message":"\u001b[32m🔍 API v1: http://localhost:3000/api/v1\u001b[39m","timestamp":"2025-12-07 16:30:42:3042"}
{"level":"\u001b[32minfo\u001b[39m","message":"\u001b[32m❤️  Health check: http://localhost:3000/health\u001b[39m","timestamp":"2025-12-07 16:30:42:3042"}
{"level":"\u001b[37mdebug\u001b[39m","message":"\u001b[37mExecuting (default): SELECT 1+1 AS result\u001b[39m","timestamp":"2025-12-07 16:30:43:3043"}
{"level":"\u001b[32minfo\u001b[39m","message":"\u001b[32m✅ Database connection established successfully\u001b[39m","timestamp":"2025-12-07 16:30:43:3043"}
{"level":"\u001b[32minfo\u001b[39m","message":"\u001b[32m📊 Connected to: dev-cmdv@localhost\u001b[39m","timestamp":"2025-12-07 16:30:43:3043"}
{"level":"\u001b[32minfo\u001b[39m","message":"\u001b[32m🚀 Server is running on port 3000\u001b[39m","timestamp":"2025-12-07 16:36:00:360"}
{"level":"\u001b[32minfo\u001b[39m","message":"\u001b[32m📚 API Documentation: http://localhost:3000/api-docs\u001b[39m","timestamp":"2025-12-07 16:36:00:360"}
{"level":"\u001b[32minfo\u001b[39m","message":"\u001b[32m🔍 API v1: http://localhost:3000/api/v1\u001b[39m","timestamp":"2025-12-07 16:36:00:360"}
{"level":"\u001b[32minfo\u001b[39m","message":"\u001b[32m❤️  Health check: http://localhost:3000/health\u001b[39m","timestamp":"2025-12-07 16:36:00:360"}
{"level":"\u001b[37mdebug\u001b[39m","message":"\u001b[37mExecuting (default): SELECT 1+1 AS result\u001b[39m","timestamp":"2025-12-07 16:36:01:361"}
{"level":"\u001b[32minfo\u001b[39m","message":"\u001b[32m✅ Database connection established successfully\u001b[39m","timestamp":"2025-12-07 16:36:01:361"}
{"level":"\u001b[32minfo\u001b[39m","message":"\u001b[32m📊 Connected to: dev-cmdv@localhost\u001b[39m","timestamp":"2025-12-07 16:36:01:361"}
{"level":"\u001b[32minfo\u001b[39m","message":"\u001b[32m\u001b[0mPOST /api/v1/medical/case-files/ \u001b[31m500\u001b[0m 40.193 ms - 100\u001b[0m\u001b[39m","timestamp":"2025-12-07 16:47:18:4718"}
{"level":"\u001b[32minfo\u001b[39m","message":"\u001b[32m🚀 Server is running on port 3000\u001b[39m","timestamp":"2025-12-07 16:48:58:4858"}
{"level":"\u001b[32minfo\u001b[39m","message":"\u001b[32m📚 API Documentation: http://localhost:3000/api-docs\u001b[39m","timestamp":"2025-12-07 16:48:58:4858"}
{"level":"\u001b[32minfo\u001b[39m","message":"\u001b[32m🔍 API v1: http://localhost:3000/api/v1\u001b[39m","timestamp":"2025-12-07 16:48:58:4858"}
{"level":"\u001b[32minfo\u001b[39m","message":"\u001b[32m❤️  Health check: http://localhost:3000/health\u001b[39m","timestamp":"2025-12-07 16:48:58:4858"}
{"level":"\u001b[37mdebug\u001b[39m","message":"\u001b[37mExecuting (default): SELECT 1+1 AS result\u001b[39m","timestamp":"2025-12-07 16:48:58:4858"}
{"level":"\u001b[32minfo\u001b[39m","message":"\u001b[32m✅ Database connection established successfully\u001b[39m","timestamp":"2025-12-07 16:48:58:4858"}
{"level":"\u001b[32minfo\u001b[39m","message":"\u001b[32m📊 Connected to: dev-cmdv@localhost\u001b[39m","timestamp":"2025-12-07 16:48:58:4858"}
{"level":"\u001b[37mdebug\u001b[39m","message":"\u001b[37mExecuting (default): SELECT \"id\", \"file_number\", \"first_name\", \"last_name\", \"identification_number\", \"date_of_birth\", \"gender\", \"blood_type\", \"phone\", \"mobile\", \"email\", \"address\", \"city\", \"state\", \"zip_code\", \"emergency_contact_name\", \"emergency_contact_phone\", \"emergency_contact_relationship\", \"allergies\", \"chronic_conditions\", \"current_medications\", \"insurance_company\", \"insurance_policy_number\", \"is_active\", \"notes\", \"created_at\" AS \"createdAt\", \"updated_at\" AS \"updatedAt\" FROM \"medical\".\"patients\" AS \"patients\" WHERE \"patients\".\"id\" = '5b440f6a-f284-4fd0-be83-c745f41eb9c8';\u001b[39m","timestamp":"2025-12-07 16:48:59:4859"}
{"level":"\u001b[37mdebug\u001b[39m","message":"\u001b[37mExecuting (default): SELECT \"id\", \"code\", \"name\", \"requires_hospitalization\", \"requires_package\", \"allows_transfer\", \"requires_immediate_payment\", \"category\", \"description\", \"is_active\", \"created_at\" AS \"createdAt\", \"updated_at\" AS \"updatedAt\" FROM \"medical\".\"admission_types\" AS \"admission_types\" WHERE \"admission_types\".\"id\" = '360d3839-1981-4dc7-bb4c-4cffe9556a9d';\u001b[39m","timestamp":"2025-12-07 16:48:59:4859"}
{"level":"\u001b[37mdebug\u001b[39m","message":"\u001b[37mExecuting (default): SELECT \"id\", \"case_number\", \"patient_id\", \"admission_date\", \"discharge_date\", \"admission_type\", \"chief_complaint\", \"initial_diagnosis\", \"final_diagnosis\", \"case_status\", \"total_cost\", \"shift_type\", \"current_status_flow\", \"is_transfer\", \"transfer_from_case_id\", \"notes\", \"created_by\", \"admission_type_id\", \"created_at\" AS \"createdAt\", \"updated_at\" AS \"updatedAt\" FROM \"medical\".\"case_files\" AS \"case_files\" WHERE \"case_files\".\"case_number\" LIKE 'CASE-20251207%' ORDER BY \"case_files\".\"case_number\" DESC LIMIT 1;\u001b[39m","timestamp":"2025-12-07 16:48:59:4859"}
{"level":"\u001b[37mdebug\u001b[39m","message":"\u001b[37mExecuting (default): INSERT INTO \"medical\".\"case_files\" (\"id\",\"case_number\",\"patient_id\",\"admission_date\",\"admission_type\",\"chief_complaint\",\"initial_diagnosis\",\"case_status\",\"total_cost\",\"shift_type\",\"current_status_flow\",\"is_transfer\",\"created_by\",\"admission_type_id\",\"created_at\",\"updated_at\") VALUES ($1,$2,$3,$4,$5,$6,$7,$8,$9,$10,$11,$12,$13,$14,$15,$16) RETURNING \"id\",\"case_number\",\"patient_id\",\"admission_date\",\"discharge_date\",\"admission_type\",\"chief_complaint\",\"initial_diagnosis\",\"final_diagnosis\",\"case_status\",\"total_cost\",\"shift_type\",\"current_status_flow\",\"is_transfer\",\"transfer_from_case_id\",\"notes\",\"created_by\",\"admission_type_id\",\"created_at\",\"updated_at\";\u001b[39m","timestamp":"2025-12-07 16:48:59:4859"}
{"level":"\u001b[32minfo\u001b[39m","message":"\u001b[32m\u001b[0mPOST /api/v1/medical/case-files/ \u001b[31m500\u001b[0m 251.849 ms - 123\u001b[0m\u001b[39m","timestamp":"2025-12-07 16:49:00:490"}
{"level":"\u001b[32minfo\u001b[39m","message":"\u001b[32m🚀 Server is running on port 3000\u001b[39m","timestamp":"2025-12-07 16:57:07:577"}
{"level":"\u001b[32minfo\u001b[39m","message":"\u001b[32m📚 API Documentation: http://localhost:3000/api-docs\u001b[39m","timestamp":"2025-12-07 16:57:07:577"}
{"level":"\u001b[32minfo\u001b[39m","message":"\u001b[32m🔍 API v1: http://localhost:3000/api/v1\u001b[39m","timestamp":"2025-12-07 16:57:07:577"}
{"level":"\u001b[32minfo\u001b[39m","message":"\u001b[32m❤️  Health check: http://localhost:3000/health\u001b[39m","timestamp":"2025-12-07 16:57:07:577"}
{"level":"\u001b[37mdebug\u001b[39m","message":"\u001b[37mExecuting (default): SELECT 1+1 AS result\u001b[39m","timestamp":"2025-12-07 16:57:08:578"}
{"level":"\u001b[32minfo\u001b[39m","message":"\u001b[32m✅ Database connection established successfully\u001b[39m","timestamp":"2025-12-07 16:57:08:578"}
{"level":"\u001b[32minfo\u001b[39m","message":"\u001b[32m📊 Connected to: dev-cmdv@localhost\u001b[39m","timestamp":"2025-12-07 16:57:08:578"}
{"level":"\u001b[32minfo\u001b[39m","message":"\u001b[32m🚀 Server is running on port 3000\u001b[39m","timestamp":"2025-12-07 16:57:38:5738"}
{"level":"\u001b[32minfo\u001b[39m","message":"\u001b[32m📚 API Documentation: http://localhost:3000/api-docs\u001b[39m","timestamp":"2025-12-07 16:57:38:5738"}
{"level":"\u001b[32minfo\u001b[39m","message":"\u001b[32m🔍 API v1: http://localhost:3000/api/v1\u001b[39m","timestamp":"2025-12-07 16:57:38:5738"}
{"level":"\u001b[32minfo\u001b[39m","message":"\u001b[32m❤️  Health check: http://localhost:3000/health\u001b[39m","timestamp":"2025-12-07 16:57:38:5738"}
{"level":"\u001b[37mdebug\u001b[39m","message":"\u001b[37mExecuting (default): SELECT 1+1 AS result\u001b[39m","timestamp":"2025-12-07 16:57:38:5738"}
{"level":"\u001b[32minfo\u001b[39m","message":"\u001b[32m✅ Database connection established successfully\u001b[39m","timestamp":"2025-12-07 16:57:38:5738"}
{"level":"\u001b[32minfo\u001b[39m","message":"\u001b[32m📊 Connected to: dev-cmdv@localhost\u001b[39m","timestamp":"2025-12-07 16:57:38:5738"}
{"level":"\u001b[37mdebug\u001b[39m","message":"\u001b[37mExecuting (default): SELECT \"id\", \"file_number\", \"first_name\", \"last_name\", \"identification_number\", \"date_of_birth\", \"gender\", \"blood_type\", \"phone\", \"mobile\", \"email\", \"address\", \"city\", \"state\", \"zip_code\", \"emergency_contact_name\", \"emergency_contact_phone\", \"emergency_contact_relationship\", \"allergies\", \"chronic_conditions\", \"current_medications\", \"insurance_company\", \"insurance_policy_number\", \"is_active\", \"notes\", \"created_at\" AS \"createdAt\", \"updated_at\" AS \"updatedAt\" FROM \"medical\".\"patients\" AS \"patients\" WHERE \"patients\".\"id\" = '5b440f6a-f284-4fd0-be83-c745f41eb9c8';\u001b[39m","timestamp":"2025-12-07 16:58:06:586"}
{"level":"\u001b[37mdebug\u001b[39m","message":"\u001b[37mExecuting (default): SELECT \"id\", \"code\", \"name\", \"requires_hospitalization\", \"requires_package\", \"allows_transfer\", \"requires_immediate_payment\", \"category\", \"description\", \"is_active\", \"created_at\" AS \"createdAt\", \"updated_at\" AS \"updatedAt\" FROM \"medical\".\"admission_types\" AS \"admission_types\" WHERE \"admission_types\".\"id\" = '360d3839-1981-4dc7-bb4c-4cffe9556a9d';\u001b[39m","timestamp":"2025-12-07 16:58:06:586"}
{"level":"\u001b[37mdebug\u001b[39m","message":"\u001b[37mExecuting (default): SELECT \"id\", \"case_number\", \"patient_id\", \"admission_date\", \"discharge_date\", \"admission_type\", \"chief_complaint\", \"initial_diagnosis\", \"final_diagnosis\", \"case_status\", \"total_cost\", \"shift_type\", \"current_status_flow\", \"is_transfer\", \"transfer_from_case_id\", \"notes\", \"created_by\", \"admission_type_id\", \"created_at\" AS \"createdAt\", \"updated_at\" AS \"updatedAt\" FROM \"medical\".\"case_files\" AS \"case_files\" WHERE \"case_files\".\"case_number\" LIKE 'CASE-20251207%' ORDER BY \"case_files\".\"case_number\" DESC LIMIT 1;\u001b[39m","timestamp":"2025-12-07 16:58:06:586"}
{"level":"\u001b[37mdebug\u001b[39m","message":"\u001b[37mExecuting (default): INSERT INTO \"medical\".\"case_files\" (\"id\",\"case_number\",\"patient_id\",\"admission_date\",\"admission_type\",\"chief_complaint\",\"initial_diagnosis\",\"case_status\",\"total_cost\",\"shift_type\",\"current_status_flow\",\"is_transfer\",\"created_by\",\"admission_type_id\",\"created_at\",\"updated_at\") VALUES ($1,$2,$3,$4,$5,$6,$7,$8,$9,$10,$11,$12,$13,$14,$15,$16) RETURNING \"id\",\"case_number\",\"patient_id\",\"admission_date\",\"discharge_date\",\"admission_type\",\"chief_complaint\",\"initial_diagnosis\",\"final_diagnosis\",\"case_status\",\"total_cost\",\"shift_type\",\"current_status_flow\",\"is_transfer\",\"transfer_from_case_id\",\"notes\",\"created_by\",\"admission_type_id\",\"created_at\",\"updated_at\";\u001b[39m","timestamp":"2025-12-07 16:58:06:586"}
{"level":"\u001b[32minfo\u001b[39m","message":"\u001b[32m\u001b[0mPOST /api/v1/medical/case-files/ \u001b[31m500\u001b[0m 284.320 ms - 123\u001b[0m\u001b[39m","timestamp":"2025-12-07 16:58:06:586"}
{"level":"\u001b[32minfo\u001b[39m","message":"\u001b[32m🚀 Server is running on port 3000\u001b[39m","timestamp":"2025-12-07 17:01:34:134"}
{"level":"\u001b[32minfo\u001b[39m","message":"\u001b[32m📚 API Documentation: http://localhost:3000/api-docs\u001b[39m","timestamp":"2025-12-07 17:01:34:134"}
{"level":"\u001b[32minfo\u001b[39m","message":"\u001b[32m🔍 API v1: http://localhost:3000/api/v1\u001b[39m","timestamp":"2025-12-07 17:01:34:134"}
{"level":"\u001b[32minfo\u001b[39m","message":"\u001b[32m❤️  Health check: http://localhost:3000/health\u001b[39m","timestamp":"2025-12-07 17:01:34:134"}
{"level":"\u001b[37mdebug\u001b[39m","message":"\u001b[37mExecuting (default): SELECT 1+1 AS result\u001b[39m","timestamp":"2025-12-07 17:01:34:134"}
{"level":"\u001b[32minfo\u001b[39m","message":"\u001b[32m✅ Database connection established successfully\u001b[39m","timestamp":"2025-12-07 17:01:34:134"}
{"level":"\u001b[32minfo\u001b[39m","message":"\u001b[32m📊 Connected to: dev-cmdv@localhost\u001b[39m","timestamp":"2025-12-07 17:01:34:134"}
{"level":"\u001b[37mdebug\u001b[39m","message":"\u001b[37mExecuting (default): SELECT \"id\", \"file_number\", \"first_name\", \"last_name\", \"identification_number\", \"date_of_birth\", \"gender\", \"blood_type\", \"phone\", \"mobile\", \"email\", \"address\", \"city\", \"state\", \"zip_code\", \"emergency_contact_name\", \"emergency_contact_phone\", \"emergency_contact_relationship\", \"allergies\", \"chronic_conditions\", \"current_medications\", \"insurance_company\", \"insurance_policy_number\", \"is_active\", \"notes\", \"created_at\" AS \"createdAt\", \"updated_at\" AS \"updatedAt\" FROM \"medical\".\"patients\" AS \"patients\" WHERE \"patients\".\"id\" = '5b440f6a-f284-4fd0-be83-c745f41eb9c8';\u001b[39m","timestamp":"2025-12-07 17:03:16:316"}
{"level":"\u001b[37mdebug\u001b[39m","message":"\u001b[37mExecuting (default): SELECT \"id\", \"code\", \"name\", \"requires_hospitalization\", \"requires_package\", \"allows_transfer\", \"requires_immediate_payment\", \"category\", \"description\", \"is_active\", \"created_at\" AS \"createdAt\", \"updated_at\" AS \"updatedAt\" FROM \"medical\".\"admission_types\" AS \"admission_types\" WHERE \"admission_types\".\"id\" = '360d3839-1981-4dc7-bb4c-4cffe9556a9d';\u001b[39m","timestamp":"2025-12-07 17:03:16:316"}
{"level":"\u001b[37mdebug\u001b[39m","message":"\u001b[37mExecuting (default): SELECT \"id\", \"case_number\", \"patient_id\", \"admission_date\", \"discharge_date\", \"admission_type\", \"chief_complaint\", \"initial_diagnosis\", \"final_diagnosis\", \"case_status\", \"total_cost\", \"shift_type\", \"current_status_flow\", \"is_transfer\", \"transfer_from_case_id\", \"notes\", \"created_by\", \"admission_type_id\", \"created_at\" AS \"createdAt\", \"updated_at\" AS \"updatedAt\" FROM \"medical\".\"case_files\" AS \"case_files\" WHERE \"case_files\".\"case_number\" LIKE 'CASE-20251207%' ORDER BY \"case_files\".\"case_number\" DESC LIMIT 1;\u001b[39m","timestamp":"2025-12-07 17:03:16:316"}
{"level":"\u001b[37mdebug\u001b[39m","message":"\u001b[37mExecuting (default): INSERT INTO \"medical\".\"case_files\" (\"id\",\"case_number\",\"patient_id\",\"admission_date\",\"admission_type\",\"chief_complaint\",\"initial_diagnosis\",\"case_status\",\"total_cost\",\"shift_type\",\"current_status_flow\",\"is_transfer\",\"created_by\",\"admission_type_id\",\"created_at\",\"updated_at\") VALUES ($1,$2,$3,$4,$5,$6,$7,$8,$9,$10,$11,$12,$13,$14,$15,$16) RETURNING \"id\",\"case_number\",\"patient_id\",\"admission_date\",\"discharge_date\",\"admission_type\",\"chief_complaint\",\"initial_diagnosis\",\"final_diagnosis\",\"case_status\",\"total_cost\",\"shift_type\",\"current_status_flow\",\"is_transfer\",\"transfer_from_case_id\",\"notes\",\"created_by\",\"admission_type_id\",\"created_at\",\"updated_at\";\u001b[39m","timestamp":"2025-12-07 17:03:16:316"}
{"level":"\u001b[37mdebug\u001b[39m","message":"\u001b[37mExecuting (default): INSERT INTO \"medical\".\"case_timeline\" (\"id\",\"case_file_id\",\"stage\",\"started_at\",\"notes\",\"created_by\",\"status_flow\") VALUES ($1,$2,$3,$4,$5,$6,$7) RETURNING \"id\",\"case_file_id\",\"stage\",\"service_type_id\",\"started_at\",\"ended_at\",\"notes\",\"created_by\",\"status_flow\",\"shift_type\";\u001b[39m","timestamp":"2025-12-07 17:03:16:316"}
{"level":"\u001b[37mdebug\u001b[39m","message":"\u001b[37mExecuting (default): INSERT INTO \"medical\".\"case_status_history\" (\"id\",\"case_file_id\",\"from_status\",\"to_status\",\"transition_date\",\"reason\",\"performed_by\",\"created_at\",\"updated_at\") VALUES ($1,$2,$3,$4,$5,$6,$7,$8,$9) RETURNING \"id\",\"case_file_id\",\"from_status\",\"to_status\",\"transition_date\",\"reason\",\"notes\",\"performed_by\",\"created_at\",\"updated_at\";\u001b[39m","timestamp":"2025-12-07 17:03:16:316"}
{"level":"\u001b[32minfo\u001b[39m","message":"\u001b[32m\u001b[0mPOST /api/v1/medical/case-files/ \u001b[31m500\u001b[0m 276.950 ms - 141\u001b[0m\u001b[39m","timestamp":"2025-12-07 17:03:16:316"}
{"level":"\u001b[32minfo\u001b[39m","message":"\u001b[32m🚀 Server is running on port 3000\u001b[39m","timestamp":"2025-12-07 17:04:12:412"}
{"level":"\u001b[32minfo\u001b[39m","message":"\u001b[32m📚 API Documentation: http://localhost:3000/api-docs\u001b[39m","timestamp":"2025-12-07 17:04:12:412"}
{"level":"\u001b[32minfo\u001b[39m","message":"\u001b[32m🔍 API v1: http://localhost:3000/api/v1\u001b[39m","timestamp":"2025-12-07 17:04:12:412"}
{"level":"\u001b[32minfo\u001b[39m","message":"\u001b[32m❤️  Health check: http://localhost:3000/health\u001b[39m","timestamp":"2025-12-07 17:04:12:412"}
{"level":"\u001b[37mdebug\u001b[39m","message":"\u001b[37mExecuting (default): SELECT 1+1 AS result\u001b[39m","timestamp":"2025-12-07 17:04:12:412"}
{"level":"\u001b[32minfo\u001b[39m","message":"\u001b[32m✅ Database connection established successfully\u001b[39m","timestamp":"2025-12-07 17:04:12:412"}
{"level":"\u001b[32minfo\u001b[39m","message":"\u001b[32m📊 Connected to: dev-cmdv@localhost\u001b[39m","timestamp":"2025-12-07 17:04:12:412"}
{"level":"\u001b[32minfo\u001b[39m","message":"\u001b[32m🚀 Server is running on port 3000\u001b[39m","timestamp":"2025-12-07 17:04:31:431"}
{"level":"\u001b[32minfo\u001b[39m","message":"\u001b[32m📚 API Documentation: http://localhost:3000/api-docs\u001b[39m","timestamp":"2025-12-07 17:04:31:431"}
{"level":"\u001b[32minfo\u001b[39m","message":"\u001b[32m🔍 API v1: http://localhost:3000/api/v1\u001b[39m","timestamp":"2025-12-07 17:04:31:431"}
{"level":"\u001b[32minfo\u001b[39m","message":"\u001b[32m❤️  Health check: http://localhost:3000/health\u001b[39m","timestamp":"2025-12-07 17:04:31:431"}
{"level":"\u001b[37mdebug\u001b[39m","message":"\u001b[37mExecuting (default): SELECT 1+1 AS result\u001b[39m","timestamp":"2025-12-07 17:04:31:431"}
{"level":"\u001b[32minfo\u001b[39m","message":"\u001b[32m✅ Database connection established successfully\u001b[39m","timestamp":"2025-12-07 17:04:31:431"}
{"level":"\u001b[32minfo\u001b[39m","message":"\u001b[32m📊 Connected to: dev-cmdv@localhost\u001b[39m","timestamp":"2025-12-07 17:04:31:431"}
{"level":"\u001b[32minfo\u001b[39m","message":"\u001b[32m🚀 Server is running on port 3000\u001b[39m","timestamp":"2025-12-07 17:04:42:442"}
{"level":"\u001b[32minfo\u001b[39m","message":"\u001b[32m📚 API Documentation: http://localhost:3000/api-docs\u001b[39m","timestamp":"2025-12-07 17:04:42:442"}
{"level":"\u001b[32minfo\u001b[39m","message":"\u001b[32m🔍 API v1: http://localhost:3000/api/v1\u001b[39m","timestamp":"2025-12-07 17:04:42:442"}
{"level":"\u001b[32minfo\u001b[39m","message":"\u001b[32m❤️  Health check: http://localhost:3000/health\u001b[39m","timestamp":"2025-12-07 17:04:42:442"}
{"level":"\u001b[37mdebug\u001b[39m","message":"\u001b[37mExecuting (default): SELECT 1+1 AS result\u001b[39m","timestamp":"2025-12-07 17:04:43:443"}
{"level":"\u001b[32minfo\u001b[39m","message":"\u001b[32m✅ Database connection established successfully\u001b[39m","timestamp":"2025-12-07 17:04:43:443"}
{"level":"\u001b[32minfo\u001b[39m","message":"\u001b[32m📊 Connected to: dev-cmdv@localhost\u001b[39m","timestamp":"2025-12-07 17:04:43:443"}
{"level":"\u001b[37mdebug\u001b[39m","message":"\u001b[37mExecuting (default): SELECT \"id\", \"file_number\", \"first_name\", \"last_name\", \"identification_number\", \"date_of_birth\", \"gender\", \"blood_type\", \"phone\", \"mobile\", \"email\", \"address\", \"city\", \"state\", \"zip_code\", \"emergency_contact_name\", \"emergency_contact_phone\", \"emergency_contact_relationship\", \"allergies\", \"chronic_conditions\", \"current_medications\", \"insurance_company\", \"insurance_policy_number\", \"is_active\", \"notes\", \"created_at\" AS \"createdAt\", \"updated_at\" AS \"updatedAt\" FROM \"medical\".\"patients\" AS \"patients\" WHERE \"patients\".\"id\" = '5b440f6a-f284-4fd0-be83-c745f41eb9c8';\u001b[39m","timestamp":"2025-12-07 17:04:52:452"}
{"level":"\u001b[37mdebug\u001b[39m","message":"\u001b[37mExecuting (default): SELECT \"id\", \"code\", \"name\", \"requires_hospitalization\", \"requires_package\", \"allows_transfer\", \"requires_immediate_payment\", \"category\", \"description\", \"is_active\", \"created_at\" AS \"createdAt\", \"updated_at\" AS \"updatedAt\" FROM \"medical\".\"admission_types\" AS \"admission_types\" WHERE \"admission_types\".\"id\" = '360d3839-1981-4dc7-bb4c-4cffe9556a9d';\u001b[39m","timestamp":"2025-12-07 17:04:52:452"}
{"level":"\u001b[37mdebug\u001b[39m","message":"\u001b[37mExecuting (default): SELECT \"id\", \"case_number\", \"patient_id\", \"admission_date\", \"discharge_date\", \"admission_type\", \"chief_complaint\", \"initial_diagnosis\", \"final_diagnosis\", \"case_status\", \"total_cost\", \"shift_type\", \"current_status_flow\", \"is_transfer\", \"transfer_from_case_id\", \"notes\", \"created_by\", \"admission_type_id\", \"created_at\" AS \"createdAt\", \"updated_at\" AS \"updatedAt\" FROM \"medical\".\"case_files\" AS \"case_files\" WHERE \"case_files\".\"case_number\" LIKE 'CASE-20251207%' ORDER BY \"case_files\".\"case_number\" DESC LIMIT 1;\u001b[39m","timestamp":"2025-12-07 17:04:52:452"}
{"level":"\u001b[37mdebug\u001b[39m","message":"\u001b[37mExecuting (default): INSERT INTO \"medical\".\"case_files\" (\"id\",\"case_number\",\"patient_id\",\"admission_date\",\"admission_type\",\"chief_complaint\",\"initial_diagnosis\",\"case_status\",\"total_cost\",\"shift_type\",\"current_status_flow\",\"is_transfer\",\"created_by\",\"admission_type_id\",\"created_at\",\"updated_at\") VALUES ($1,$2,$3,$4,$5,$6,$7,$8,$9,$10,$11,$12,$13,$14,$15,$16) RETURNING \"id\",\"case_number\",\"patient_id\",\"admission_date\",\"discharge_date\",\"admission_type\",\"chief_complaint\",\"initial_diagnosis\",\"final_diagnosis\",\"case_status\",\"total_cost\",\"shift_type\",\"current_status_flow\",\"is_transfer\",\"transfer_from_case_id\",\"notes\",\"created_by\",\"admission_type_id\",\"created_at\",\"updated_at\";\u001b[39m","timestamp":"2025-12-07 17:04:52:452"}
{"level":"\u001b[37mdebug\u001b[39m","message":"\u001b[37mExecuting (default): INSERT INTO \"medical\".\"case_timeline\" (\"id\",\"case_file_id\",\"stage\",\"started_at\",\"notes\",\"created_by\",\"status_flow\") VALUES ($1,$2,$3,$4,$5,$6,$7) RETURNING \"id\",\"case_file_id\",\"stage\",\"service_type_id\",\"started_at\",\"ended_at\",\"notes\",\"created_by\",\"status_flow\",\"shift_type\";\u001b[39m","timestamp":"2025-12-07 17:04:52:452"}
{"level":"\u001b[37mdebug\u001b[39m","message":"\u001b[37mExecuting (default): INSERT INTO \"medical\".\"case_status_history\" (\"id\",\"case_file_id\",\"from_status\",\"to_status\",\"transition_date\",\"reason\",\"performed_by\",\"created_at\") VALUES ($1,$2,$3,$4,$5,$6,$7,$8) RETURNING \"id\",\"case_file_id\",\"from_status\",\"to_status\",\"transition_date\",\"reason\",\"notes\",\"performed_by\",\"created_at\";\u001b[39m","timestamp":"2025-12-07 17:04:52:452"}
{"level":"\u001b[37mdebug\u001b[39m","message":"\u001b[37mExecuting (default): SELECT \"case_files\".\"id\", \"case_files\".\"case_number\", \"case_files\".\"patient_id\", \"case_files\".\"admission_date\", \"case_files\".\"discharge_date\", \"case_files\".\"admission_type\", \"case_files\".\"chief_complaint\", \"case_files\".\"initial_diagnosis\", \"case_files\".\"final_diagnosis\", \"case_files\".\"case_status\", \"case_files\".\"total_cost\", \"case_files\".\"shift_type\", \"case_files\".\"current_status_flow\", \"case_files\".\"is_transfer\", \"case_files\".\"transfer_from_case_id\", \"case_files\".\"notes\", \"case_files\".\"created_by\", \"case_files\".\"admission_type_id\", \"case_files\".\"created_at\" AS \"createdAt\", \"case_files\".\"updated_at\" AS \"updatedAt\", \"patient\".\"id\" AS \"patient.id\", \"patient\".\"file_number\" AS \"patient.file_number\", \"patient\".\"first_name\" AS \"patient.first_name\", \"patient\".\"last_name\" AS \"patient.last_name\", \"admissionType\".\"id\" AS \"admissionType.id\", \"admissionType\".\"code\" AS \"admissionType.code\", \"admissionType\".\"name\" AS \"admissionType.name\", \"admissionType\".\"requires_hospitalization\" AS \"admissionType.requires_hospitalization\", \"admissionType\".\"requires_package\" AS \"admissionType.requires_package\", \"admissionType\".\"allows_transfer\" AS \"admissionType.allows_transfer\", \"admissionType\".\"requires_immediate_payment\" AS \"admissionType.requires_immediate_payment\", \"admissionType\".\"category\" AS \"admissionType.category\", \"case_rooms\".\"id\" AS \"case_rooms.id\", \"case_rooms\".\"case_file_id\" AS \"case_rooms.case_file_id\", \"case_rooms\".\"room_id\" AS \"case_rooms.room_id\", \"case_rooms\".\"check_in\" AS \"case_rooms.check_in\", \"case_rooms\".\"check_out\" AS \"case_rooms.check_out\", \"case_rooms\".\"daily_rate\" AS \"case_rooms.daily_rate\", \"case_rooms\".\"notes\" AS \"case_rooms.notes\", \"case_rooms->room\".\"id\" AS \"case_rooms.room.id\", \"case_rooms->room\".\"room_number\" AS \"case_rooms.room.room_number\", \"case_rooms->room\".\"room_type\" AS \"case_rooms.room.room_type\", \"case_package_assignments\".\"id\" AS \"case_package_assignments.id\", \"case_package_assignments\".\"case_file_id\" AS \"case_package_assignments.case_file_id\", \"case_package_assignments\".\"package_id\" AS \"case_package_assignments.package_id\", \"case_package_assignments\".\"doctor_id\" AS \"case_package_assignments.doctor_id\", \"case_package_assignments\".\"doctor_type_used\" AS \"case_package_assignments.doctor_type_used\", \"case_package_assignments\".\"price_applied\" AS \"case_package_assignments.price_applied\", \"case_package_assignments\".\"assigned_date\" AS \"case_package_assignments.assigned_date\", \"case_package_assignments\".\"assigned_by\" AS \"case_package_assignments.assigned_by\", \"case_package_assignments\".\"inventory_deducted\" AS \"case_package_assignments.inventory_deducted\", \"case_package_assignments\".\"inventory_deducted_at\" AS \"case_package_assignments.inventory_deducted_at\", \"case_package_assignments\".\"notes\" AS \"case_package_assignments.notes\", \"case_package_assignments->package\".\"id\" AS \"case_package_assignments.package.id\", \"case_package_assignments->package\".\"name\" AS \"case_package_assignments.package.name\", \"case_package_assignments->doctor\".\"id\" AS \"case_package_assignments.doctor.id\" FROM \"medical\".\"case_files\" AS \"case_files\" LEFT OUTER JOIN \"medical\".\"patients\" AS \"patient\" ON \"case_files\".\"patient_id\" = \"patient\".\"id\" LEFT OUTER JOIN \"medical\".\"admission_types\" AS \"admissionType\" ON \"case_files\".\"admission_type_id\" = \"admissionType\".\"id\" LEFT OUTER JOIN \"medical\".\"case_rooms\" AS \"case_rooms\" ON \"case_files\".\"id\" = \"case_rooms\".\"case_file_id\" LEFT OUTER JOIN \"medical\".\"rooms\" AS \"case_rooms->room\" ON \"case_rooms\".\"room_id\" = \"case_rooms->room\".\"id\" LEFT OUTER JOIN \"medical\".\"case_package_assignments\" AS \"case_package_assignments\" ON \"case_files\".\"id\" = \"case_package_assignments\".\"case_file_id\" LEFT OUTER JOIN \"medical\".\"packages\" AS \"case_package_assignments->package\" ON \"case_package_assignments\".\"package_id\" = \"case_package_assignments->package\".\"id\" LEFT OUTER JOIN \"medical\".\"doctors\" AS \"case_package_assignments->doctor\" ON \"case_package_assignments\".\"doctor_id\" = \"case_package_assignments->doctor\".\"id\" WHERE \"case_files\".\"id\" = '1af534dc-560a-409e-badd-1a3535782e5c';\u001b[39m","timestamp":"2025-12-07 17:04:52:452"}
{"level":"\u001b[32minfo\u001b[39m","message":"\u001b[32m\u001b[0mPOST /api/v1/medical/case-files/ \u001b[32m201\u001b[0m 233.495 ms - 984\u001b[0m\u001b[39m","timestamp":"2025-12-07 17:04:52:452"}
{"level":"\u001b[37mdebug\u001b[39m","message":"\u001b[37mExecuting (default): SELECT count(\"case_files\".\"id\") AS \"count\" FROM \"medical\".\"case_files\" AS \"case_files\" LEFT OUTER JOIN \"medical\".\"patients\" AS \"patient\" ON \"case_files\".\"patient_id\" = \"patient\".\"id\" LEFT OUTER JOIN \"medical\".\"admission_types\" AS \"admissionType\" ON \"case_files\".\"admission_type_id\" = \"admissionType\".\"id\";\u001b[39m","timestamp":"2025-12-07 17:05:26:526"}
{"level":"\u001b[37mdebug\u001b[39m","message":"\u001b[37mExecuting (default): SELECT \"case_files\".\"id\", \"case_files\".\"case_number\", \"case_files\".\"patient_id\", \"case_files\".\"admission_date\", \"case_files\".\"discharge_date\", \"case_files\".\"admission_type\", \"case_files\".\"chief_complaint\", \"case_files\".\"initial_diagnosis\", \"case_files\".\"final_diagnosis\", \"case_files\".\"case_status\", \"case_files\".\"total_cost\", \"case_files\".\"shift_type\", \"case_files\".\"current_status_flow\", \"case_files\".\"is_transfer\", \"case_files\".\"transfer_from_case_id\", \"case_files\".\"notes\", \"case_files\".\"created_by\", \"case_files\".\"admission_type_id\", \"case_files\".\"created_at\" AS \"createdAt\", \"case_files\".\"updated_at\" AS \"updatedAt\", \"patient\".\"id\" AS \"patient.id\", \"patient\".\"first_name\" AS \"patient.first_name\", \"patient\".\"last_name\" AS \"patient.last_name\", \"admissionType\".\"id\" AS \"admissionType.id\", \"admissionType\".\"code\" AS \"admissionType.code\", \"admissionType\".\"name\" AS \"admissionType.name\" FROM \"medical\".\"case_files\" AS \"case_files\" LEFT OUTER JOIN \"medical\".\"patients\" AS \"patient\" ON \"case_files\".\"patient_id\" = \"patient\".\"id\" LEFT OUTER JOIN \"medical\".\"admission_types\" AS \"admissionType\" ON \"case_files\".\"admission_type_id\" = \"admissionType\".\"id\" ORDER BY \"case_files\".\"admission_date\" DESC LIMIT 10 OFFSET 0;\u001b[39m","timestamp":"2025-12-07 17:05:26:526"}
{"level":"\u001b[32minfo\u001b[39m","message":"\u001b[32m\u001b[0mGET /api/v1/medical/case-files/?page=1&limit=10 \u001b[32m200\u001b[0m 120.141 ms - 1338\u001b[0m\u001b[39m","timestamp":"2025-12-07 17:05:26:526"}
{"level":"\u001b[37mdebug\u001b[39m","message":"\u001b[37mExecuting (default): SELECT \"id\", \"file_number\", \"first_name\", \"last_name\", \"identification_number\", \"date_of_birth\", \"gender\", \"blood_type\", \"phone\", \"mobile\", \"email\", \"address\", \"city\", \"state\", \"zip_code\", \"emergency_contact_name\", \"emergency_contact_phone\", \"emergency_contact_relationship\", \"allergies\", \"chronic_conditions\", \"current_medications\", \"insurance_company\", \"insurance_policy_number\", \"is_active\", \"notes\", \"created_by\", \"created_at\" AS \"createdAt\", \"updated_at\" AS \"updatedAt\" FROM \"medical\".\"patients\" AS \"patients\" WHERE \"patients\".\"identification_number\" = '2514005730502';\u001b[39m","timestamp":"2025-12-07 17:17:48:1748"}
{"level":"\u001b[37mdebug\u001b[39m","message":"\u001b[37mExecuting (default): SELECT \"id\", \"file_number\", \"first_name\", \"last_name\", \"identification_number\", \"date_of_birth\", \"gender\", \"blood_type\", \"phone\", \"mobile\", \"email\", \"address\", \"city\", \"state\", \"zip_code\", \"emergency_contact_name\", \"emergency_contact_phone\", \"emergency_contact_relationship\", \"allergies\", \"chronic_conditions\", \"current_medications\", \"insurance_company\", \"insurance_policy_number\", \"is_active\", \"notes\", \"created_by\", \"created_at\" AS \"createdAt\", \"updated_at\" AS \"updatedAt\" FROM \"medical\".\"patients\" AS \"patients\" WHERE \"patients\".\"file_number\" LIKE 'PAT-2025-%' ORDER BY \"createdAt\" DESC LIMIT 1;\u001b[39m","timestamp":"2025-12-07 17:17:48:1748"}
{"level":"\u001b[37mdebug\u001b[39m","message":"\u001b[37mExecuting (default): INSERT INTO \"medical\".\"patients\" (\"id\",\"file_number\",\"first_name\",\"last_name\",\"identification_number\",\"date_of_birth\",\"gender\",\"blood_type\",\"phone\",\"mobile\",\"address\",\"city\",\"state\",\"zip_code\",\"emergency_contact_name\",\"emergency_contact_phone\",\"emergency_contact_relationship\",\"insurance_company\",\"insurance_policy_number\",\"is_active\",\"notes\",\"created_by\",\"created_at\",\"updated_at\") VALUES ($1,$2,$3,$4,$5,$6,$7,$8,$9,$10,$11,$12,$13,$14,$15,$16,$17,$18,$19,$20,$21,$22,$23,$24) RETURNING \"id\",\"file_number\",\"first_name\",\"last_name\",\"identification_number\",\"date_of_birth\",\"gender\",\"blood_type\",\"phone\",\"mobile\",\"email\",\"address\",\"city\",\"state\",\"zip_code\",\"emergency_contact_name\",\"emergency_contact_phone\",\"emergency_contact_relationship\",\"allergies\",\"chronic_conditions\",\"current_medications\",\"insurance_company\",\"insurance_policy_number\",\"is_active\",\"notes\",\"created_by\",\"created_at\",\"updated_at\";\u001b[39m","timestamp":"2025-12-07 17:17:48:1748"}
{"level":"\u001b[32minfo\u001b[39m","message":"\u001b[32m\u001b[0mPOST /api/v1/medical/patients \u001b[32m201\u001b[0m 170.363 ms - 779\u001b[0m\u001b[39m","timestamp":"2025-12-07 17:17:48:1748"}
{"level":"\u001b[37mdebug\u001b[39m","message":"\u001b[37mExecuting (default): SELECT count(*) AS \"count\" FROM \"medical\".\"patients\" AS \"patients\" WHERE \"patients\".\"is_active\" = true;\u001b[39m","timestamp":"2025-12-07 17:17:53:1753"}
{"level":"\u001b[37mdebug\u001b[39m","message":"\u001b[37mExecuting (default): SELECT \"id\", \"file_number\", \"first_name\", \"last_name\", \"identification_number\", \"date_of_birth\", \"gender\", \"blood_type\", \"phone\", \"mobile\", \"email\", \"address\", \"city\", \"state\", \"zip_code\", \"emergency_contact_name\", \"emergency_contact_phone\", \"emergency_contact_relationship\", \"allergies\", \"chronic_conditions\", \"current_medications\", \"insurance_company\", \"insurance_policy_number\", \"is_active\", \"notes\", \"created_at\" AS \"createdAt\", \"updated_at\" AS \"updatedAt\" FROM \"medical\".\"patients\" AS \"patients\" WHERE \"patients\".\"is_active\" = true ORDER BY \"createdAt\" DESC LIMIT 50 OFFSET 0;\u001b[39m","timestamp":"2025-12-07 17:17:53:1753"}
{"level":"\u001b[32minfo\u001b[39m","message":"\u001b[32m\u001b[0mGET /api/v1/medical/patients/?page=1&limit=50 \u001b[32m200\u001b[0m 12.763 ms - 1778\u001b[0m\u001b[39m","timestamp":"2025-12-07 17:17:53:1753"}
{"level":"\u001b[32minfo\u001b[39m","message":"\u001b[32m🚀 Server is running on port 3000\u001b[39m","timestamp":"2025-12-07 17:50:41:5041"}
{"level":"\u001b[32minfo\u001b[39m","message":"\u001b[32m📚 API Documentation: http://localhost:3000/api-docs\u001b[39m","timestamp":"2025-12-07 17:50:41:5041"}
{"level":"\u001b[32minfo\u001b[39m","message":"\u001b[32m🔍 API v1: http://localhost:3000/api/v1\u001b[39m","timestamp":"2025-12-07 17:50:41:5041"}
{"level":"\u001b[32minfo\u001b[39m","message":"\u001b[32m❤️  Health check: http://localhost:3000/health\u001b[39m","timestamp":"2025-12-07 17:50:41:5041"}
{"level":"\u001b[37mdebug\u001b[39m","message":"\u001b[37mExecuting (default): SELECT 1+1 AS result\u001b[39m","timestamp":"2025-12-07 17:50:41:5041"}
{"level":"\u001b[32minfo\u001b[39m","message":"\u001b[32m✅ Database connection established successfully\u001b[39m","timestamp":"2025-12-07 17:50:41:5041"}
{"level":"\u001b[32minfo\u001b[39m","message":"\u001b[32m📊 Connected to: dev-cmdv@localhost\u001b[39m","timestamp":"2025-12-07 17:50:41:5041"}
{"level":"\u001b[32minfo\u001b[39m","message":"\u001b[32m🚀 Server is running on port 3000\u001b[39m","timestamp":"2025-12-07 18:12:56:1256"}
{"level":"\u001b[32minfo\u001b[39m","message":"\u001b[32m📚 API Documentation: http://localhost:3000/api-docs\u001b[39m","timestamp":"2025-12-07 18:12:56:1256"}
{"level":"\u001b[32minfo\u001b[39m","message":"\u001b[32m🔍 API v1: http://localhost:3000/api/v1\u001b[39m","timestamp":"2025-12-07 18:12:56:1256"}
{"level":"\u001b[32minfo\u001b[39m","message":"\u001b[32m❤️  Health check: http://localhost:3000/health\u001b[39m","timestamp":"2025-12-07 18:12:56:1256"}
{"level":"\u001b[37mdebug\u001b[39m","message":"\u001b[37mExecuting (default): SELECT 1+1 AS result\u001b[39m","timestamp":"2025-12-07 18:12:56:1256"}
{"level":"\u001b[32minfo\u001b[39m","message":"\u001b[32m✅ Database connection established successfully\u001b[39m","timestamp":"2025-12-07 18:12:56:1256"}
{"level":"\u001b[32minfo\u001b[39m","message":"\u001b[32m📊 Connected to: dev-cmdv@localhost\u001b[39m","timestamp":"2025-12-07 18:12:56:1256"}
{"level":"\u001b[32minfo\u001b[39m","message":"\u001b[32m🚀 Server is running on port 3000\u001b[39m","timestamp":"2025-12-07 18:13:48:1348"}
{"level":"\u001b[32minfo\u001b[39m","message":"\u001b[32m📚 API Documentation: http://localhost:3000/api-docs\u001b[39m","timestamp":"2025-12-07 18:13:48:1348"}
{"level":"\u001b[32minfo\u001b[39m","message":"\u001b[32m🔍 API v1: http://localhost:3000/api/v1\u001b[39m","timestamp":"2025-12-07 18:13:48:1348"}
{"level":"\u001b[32minfo\u001b[39m","message":"\u001b[32m❤️  Health check: http://localhost:3000/health\u001b[39m","timestamp":"2025-12-07 18:13:48:1348"}
{"level":"\u001b[37mdebug\u001b[39m","message":"\u001b[37mExecuting (default): SELECT 1+1 AS result\u001b[39m","timestamp":"2025-12-07 18:13:48:1348"}
{"level":"\u001b[32minfo\u001b[39m","message":"\u001b[32m✅ Database connection established successfully\u001b[39m","timestamp":"2025-12-07 18:13:48:1348"}
{"level":"\u001b[32minfo\u001b[39m","message":"\u001b[32m📊 Connected to: dev-cmdv@localhost\u001b[39m","timestamp":"2025-12-07 18:13:48:1348"}
{"level":"\u001b[37mdebug\u001b[39m","message":"\u001b[37mExecuting (default): SELECT \"id\", \"file_number\", \"first_name\", \"last_name\", \"identification_number\", \"date_of_birth\", \"gender\", \"blood_type\", \"phone\", \"mobile\", \"email\", \"address\", \"city\", \"state\", \"zip_code\", \"emergency_contact_name\", \"emergency_contact_phone\", \"emergency_contact_relationship\", \"allergies\", \"chronic_conditions\", \"current_medications\", \"insurance_company\", \"insurance_policy_number\", \"is_active\", \"notes\", \"created_at\" AS \"createdAt\", \"updated_at\" AS \"updatedAt\" FROM \"medical\".\"patients\" AS \"patients\" WHERE \"patients\".\"id\" = '5b440f6a-f284-4fd0-be83-c745f41eb9c8';\u001b[39m","timestamp":"2025-12-07 18:14:18:1418"}
{"level":"\u001b[37mdebug\u001b[39m","message":"\u001b[37mExecuting (default): SELECT \"id\", \"code\", \"name\", \"requires_hospitalization\", \"requires_package\", \"allows_transfer\", \"requires_immediate_payment\", \"category\", \"description\", \"is_active\", \"created_at\" AS \"createdAt\", \"updated_at\" AS \"updatedAt\" FROM \"medical\".\"admission_types\" AS \"admission_types\" WHERE \"admission_types\".\"id\" = '360d3839-1981-4dc7-bb4c-4cffe9556a9d';\u001b[39m","timestamp":"2025-12-07 18:14:18:1418"}
{"level":"\u001b[37mdebug\u001b[39m","message":"\u001b[37mExecuting (default): SELECT \"id\", \"code\", \"name\", \"requires_hospitalization\", \"requires_package\", \"allows_transfer\", \"requires_immediate_payment\", \"category\", \"description\", \"is_active\", \"created_at\" AS \"createdAt\", \"updated_at\" AS \"updatedAt\" FROM \"medical\".\"admission_types\" AS \"admission_types\" WHERE \"admission_types\".\"id\" = '360d3839-1981-4dc7-bb4c-4cffe9556a9d';\u001b[39m","timestamp":"2025-12-07 18:14:18:1418"}
{"level":"\u001b[37mdebug\u001b[39m","message":"\u001b[37mExecuting (default): SELECT \"id\", \"case_number\", \"patient_id\", \"admission_date\", \"discharge_date\", \"admission_type\", \"chief_complaint\", \"initial_diagnosis\", \"final_diagnosis\", \"case_status\", \"total_cost\", \"shift_type\", \"current_status_flow\", \"is_transfer\", \"transfer_from_case_id\", \"notes\", \"created_by\", \"admission_type_id\", \"created_at\" AS \"createdAt\", \"updated_at\" AS \"updatedAt\" FROM \"medical\".\"case_files\" AS \"case_files\" WHERE \"case_files\".\"case_number\" LIKE 'EMERGENCIA-20251207%' AND \"case_files\".\"admission_type_id\" = '360d3839-1981-4dc7-bb4c-4cffe9556a9d' ORDER BY \"case_files\".\"case_number\" DESC LIMIT 1;\u001b[39m","timestamp":"2025-12-07 18:14:18:1418"}
{"level":"\u001b[37mdebug\u001b[39m","message":"\u001b[37mExecuting (default): SELECT \"id\", \"code\", \"name\", \"requires_hospitalization\", \"requires_package\", \"allows_transfer\", \"requires_immediate_payment\", \"category\", \"description\", \"is_active\", \"created_at\" AS \"createdAt\", \"updated_at\" AS \"updatedAt\" FROM \"medical\".\"admission_types\" AS \"admission_types\" WHERE \"admission_types\".\"id\" = '360d3839-1981-4dc7-bb4c-4cffe9556a9d';\u001b[39m","timestamp":"2025-12-07 18:14:18:1418"}
{"level":"\u001b[37mdebug\u001b[39m","message":"\u001b[37mExecuting (default): INSERT INTO \"medical\".\"case_files\" (\"id\",\"case_number\",\"patient_id\",\"admission_date\",\"admission_type\",\"chief_complaint\",\"initial_diagnosis\",\"case_status\",\"total_cost\",\"shift_type\",\"current_status_flow\",\"is_transfer\",\"created_by\",\"admission_type_id\",\"created_at\",\"updated_at\") VALUES ($1,$2,$3,$4,$5,$6,$7,$8,$9,$10,$11,$12,$13,$14,$15,$16) RETURNING \"id\",\"case_number\",\"patient_id\",\"admission_date\",\"discharge_date\",\"admission_type\",\"chief_complaint\",\"initial_diagnosis\",\"final_diagnosis\",\"case_status\",\"total_cost\",\"shift_type\",\"current_status_flow\",\"is_transfer\",\"transfer_from_case_id\",\"notes\",\"created_by\",\"admission_type_id\",\"created_at\",\"updated_at\";\u001b[39m","timestamp":"2025-12-07 18:14:18:1418"}
{"level":"\u001b[37mdebug\u001b[39m","message":"\u001b[37mExecuting (default): INSERT INTO \"medical\".\"case_timeline\" (\"id\",\"case_file_id\",\"stage\",\"started_at\",\"notes\",\"created_by\",\"status_flow\") VALUES ($1,$2,$3,$4,$5,$6,$7) RETURNING \"id\",\"case_file_id\",\"stage\",\"service_type_id\",\"started_at\",\"ended_at\",\"notes\",\"created_by\",\"status_flow\",\"shift_type\";\u001b[39m","timestamp":"2025-12-07 18:14:18:1418"}
{"level":"\u001b[37mdebug\u001b[39m","message":"\u001b[37mExecuting (default): INSERT INTO \"medical\".\"case_status_history\" (\"id\",\"case_file_id\",\"from_status\",\"to_status\",\"transition_date\",\"reason\",\"performed_by\",\"created_at\") VALUES ($1,$2,$3,$4,$5,$6,$7,$8) RETURNING \"id\",\"case_file_id\",\"from_status\",\"to_status\",\"transition_date\",\"reason\",\"notes\",\"performed_by\",\"created_at\";\u001b[39m","timestamp":"2025-12-07 18:14:18:1418"}
{"level":"\u001b[37mdebug\u001b[39m","message":"\u001b[37mExecuting (default): SELECT \"case_files\".\"id\", \"case_files\".\"case_number\", \"case_files\".\"patient_id\", \"case_files\".\"admission_date\", \"case_files\".\"discharge_date\", \"case_files\".\"admission_type\", \"case_files\".\"chief_complaint\", \"case_files\".\"initial_diagnosis\", \"case_files\".\"final_diagnosis\", \"case_files\".\"case_status\", \"case_files\".\"total_cost\", \"case_files\".\"shift_type\", \"case_files\".\"current_status_flow\", \"case_files\".\"is_transfer\", \"case_files\".\"transfer_from_case_id\", \"case_files\".\"notes\", \"case_files\".\"created_by\", \"case_files\".\"admission_type_id\", \"case_files\".\"created_at\" AS \"createdAt\", \"case_files\".\"updated_at\" AS \"updatedAt\", \"patient\".\"id\" AS \"patient.id\", \"patient\".\"file_number\" AS \"patient.file_number\", \"patient\".\"first_name\" AS \"patient.first_name\", \"patient\".\"last_name\" AS \"patient.last_name\", \"admissionType\".\"id\" AS \"admissionType.id\", \"admissionType\".\"code\" AS \"admissionType.code\", \"admissionType\".\"name\" AS \"admissionType.name\", \"admissionType\".\"requires_hospitalization\" AS \"admissionType.requires_hospitalization\", \"admissionType\".\"requires_package\" AS \"admissionType.requires_package\", \"admissionType\".\"allows_transfer\" AS \"admissionType.allows_transfer\", \"admissionType\".\"requires_immediate_payment\" AS \"admissionType.requires_immediate_payment\", \"admissionType\".\"category\" AS \"admissionType.category\", \"case_rooms\".\"id\" AS \"case_rooms.id\", \"case_rooms\".\"case_file_id\" AS \"case_rooms.case_file_id\", \"case_rooms\".\"room_id\" AS \"case_rooms.room_id\", \"case_rooms\".\"check_in\" AS \"case_rooms.check_in\", \"case_rooms\".\"check_out\" AS \"case_rooms.check_out\", \"case_rooms\".\"daily_rate\" AS \"case_rooms.daily_rate\", \"case_rooms\".\"notes\" AS \"case_rooms.notes\", \"case_rooms->room\".\"id\" AS \"case_rooms.room.id\", \"case_rooms->room\".\"room_number\" AS \"case_rooms.room.room_number\", \"case_rooms->room\".\"room_type\" AS \"case_rooms.room.room_type\", \"case_package_assignments\".\"id\" AS \"case_package_assignments.id\", \"case_package_assignments\".\"case_file_id\" AS \"case_package_assignments.case_file_id\", \"case_package_assignments\".\"package_id\" AS \"case_package_assignments.package_id\", \"case_package_assignments\".\"doctor_id\" AS \"case_package_assignments.doctor_id\", \"case_package_assignments\".\"doctor_type_used\" AS \"case_package_assignments.doctor_type_used\", \"case_package_assignments\".\"price_applied\" AS \"case_package_assignments.price_applied\", \"case_package_assignments\".\"assigned_date\" AS \"case_package_assignments.assigned_date\", \"case_package_assignments\".\"assigned_by\" AS \"case_package_assignments.assigned_by\", \"case_package_assignments\".\"inventory_deducted\" AS \"case_package_assignments.inventory_deducted\", \"case_package_assignments\".\"inventory_deducted_at\" AS \"case_package_assignments.inventory_deducted_at\", \"case_package_assignments\".\"notes\" AS \"case_package_assignments.notes\", \"case_package_assignments->package\".\"id\" AS \"case_package_assignments.package.id\", \"case_package_assignments->package\".\"name\" AS \"case_package_assignments.package.name\", \"case_package_assignments->doctor\".\"id\" AS \"case_package_assignments.doctor.id\" FROM \"medical\".\"case_files\" AS \"case_files\" LEFT OUTER JOIN \"medical\".\"patients\" AS \"patient\" ON \"case_files\".\"patient_id\" = \"patient\".\"id\" LEFT OUTER JOIN \"medical\".\"admission_types\" AS \"admissionType\" ON \"case_files\".\"admission_type_id\" = \"admissionType\".\"id\" LEFT OUTER JOIN \"medical\".\"case_rooms\" AS \"case_rooms\" ON \"case_files\".\"id\" = \"case_rooms\".\"case_file_id\" LEFT OUTER JOIN \"medical\".\"rooms\" AS \"case_rooms->room\" ON \"case_rooms\".\"room_id\" = \"case_rooms->room\".\"id\" LEFT OUTER JOIN \"medical\".\"case_package_assignments\" AS \"case_package_assignments\" ON \"case_files\".\"id\" = \"case_package_assignments\".\"case_file_id\" LEFT OUTER JOIN \"medical\".\"packages\" AS \"case_package_assignments->package\" ON \"case_package_assignments\".\"package_id\" = \"case_package_assignments->package\".\"id\" LEFT OUTER JOIN \"medical\".\"doctors\" AS \"case_package_assignments->doctor\" ON \"case_package_assignments\".\"doctor_id\" = \"case_package_assignments->doctor\".\"id\" WHERE \"case_files\".\"id\" = '47885af2-8b92-4981-a5a3-227e1b32dcff';\u001b[39m","timestamp":"2025-12-07 18:14:18:1418"}
{"level":"\u001b[32minfo\u001b[39m","message":"\u001b[32m\u001b[0mPOST /api/v1/medical/case-files/ \u001b[32m201\u001b[0m 230.129 ms - 1000\u001b[0m\u001b[39m","timestamp":"2025-12-07 18:14:18:1418"}
{"level":"\u001b[32minfo\u001b[39m","message":"\u001b[32m🚀 Server is running on port 3000\u001b[39m","timestamp":"2025-12-07 18:39:36:3936"}
{"level":"\u001b[32minfo\u001b[39m","message":"\u001b[32m📚 API Documentation: http://localhost:3000/api-docs\u001b[39m","timestamp":"2025-12-07 18:39:36:3936"}
{"level":"\u001b[32minfo\u001b[39m","message":"\u001b[32m🔍 API v1: http://localhost:3000/api/v1\u001b[39m","timestamp":"2025-12-07 18:39:36:3936"}
{"level":"\u001b[32minfo\u001b[39m","message":"\u001b[32m❤️  Health check: http://localhost:3000/health\u001b[39m","timestamp":"2025-12-07 18:39:36:3936"}
{"level":"\u001b[37mdebug\u001b[39m","message":"\u001b[37mExecuting (default): SELECT 1+1 AS result\u001b[39m","timestamp":"2025-12-07 18:39:36:3936"}
{"level":"\u001b[32minfo\u001b[39m","message":"\u001b[32m✅ Database connection established successfully\u001b[39m","timestamp":"2025-12-07 18:39:36:3936"}
{"level":"\u001b[32minfo\u001b[39m","message":"\u001b[32m📊 Connected to: dev-cmdv@localhost\u001b[39m","timestamp":"2025-12-07 18:39:36:3936"}
{"level":"\u001b[37mdebug\u001b[39m","message":"\u001b[37mExecuting (default): SELECT \"case_files\".\"id\", \"case_files\".\"case_number\", \"case_files\".\"patient_id\", \"case_files\".\"admission_date\", \"case_files\".\"discharge_date\", \"case_files\".\"admission_type\", \"case_files\".\"chief_complaint\", \"case_files\".\"initial_diagnosis\", \"case_files\".\"final_diagnosis\", \"case_files\".\"case_status\", \"case_files\".\"total_cost\", \"case_files\".\"shift_type\", \"case_files\".\"current_status_flow\", \"case_files\".\"is_transfer\", \"case_files\".\"transfer_from_case_id\", \"case_files\".\"notes\", \"case_files\".\"created_by\", \"case_files\".\"admission_type_id\", \"case_files\".\"created_at\" AS \"createdAt\", \"case_files\".\"updated_at\" AS \"updatedAt\", \"patient\".\"id\" AS \"patient.id\", \"patient\".\"file_number\" AS \"patient.file_number\", \"patient\".\"first_name\" AS \"patient.first_name\", \"patient\".\"last_name\" AS \"patient.last_name\", \"admissionType\".\"id\" AS \"admissionType.id\", \"admissionType\".\"code\" AS \"admissionType.code\", \"admissionType\".\"name\" AS \"admissionType.name\", \"admissionType\".\"requires_hospitalization\" AS \"admissionType.requires_hospitalization\", \"admissionType\".\"requires_package\" AS \"admissionType.requires_package\", \"admissionType\".\"allows_transfer\" AS \"admissionType.allows_transfer\", \"admissionType\".\"requires_immediate_payment\" AS \"admissionType.requires_immediate_payment\", \"admissionType\".\"category\" AS \"admissionType.category\", \"case_rooms\".\"id\" AS \"case_rooms.id\", \"case_rooms\".\"case_file_id\" AS \"case_rooms.case_file_id\", \"case_rooms\".\"room_id\" AS \"case_rooms.room_id\", \"case_rooms\".\"check_in\" AS \"case_rooms.check_in\", \"case_rooms\".\"check_out\" AS \"case_rooms.check_out\", \"case_rooms\".\"daily_rate\" AS \"case_rooms.daily_rate\", \"case_rooms\".\"notes\" AS \"case_rooms.notes\", \"case_rooms->room\".\"id\" AS \"case_rooms.room.id\", \"case_rooms->room\".\"room_number\" AS \"case_rooms.room.room_number\", \"case_rooms->room\".\"room_type\" AS \"case_rooms.room.room_type\", \"case_package_assignments\".\"id\" AS \"case_package_assignments.id\", \"case_package_assignments\".\"case_file_id\" AS \"case_package_assignments.case_file_id\", \"case_package_assignments\".\"package_id\" AS \"case_package_assignments.package_id\", \"case_package_assignments\".\"doctor_id\" AS \"case_package_assignments.doctor_id\", \"case_package_assignments\".\"doctor_type_used\" AS \"case_package_assignments.doctor_type_used\", \"case_package_assignments\".\"price_applied\" AS \"case_package_assignments.price_applied\", \"case_package_assignments\".\"assigned_date\" AS \"case_package_assignments.assigned_date\", \"case_package_assignments\".\"assigned_by\" AS \"case_package_assignments.assigned_by\", \"case_package_assignments\".\"inventory_deducted\" AS \"case_package_assignments.inventory_deducted\", \"case_package_assignments\".\"inventory_deducted_at\" AS \"case_package_assignments.inventory_deducted_at\", \"case_package_assignments\".\"notes\" AS \"case_package_assignments.notes\", \"case_package_assignments->package\".\"id\" AS \"case_package_assignments.package.id\", \"case_package_assignments->package\".\"name\" AS \"case_package_assignments.package.name\", \"case_package_assignments->doctor\".\"id\" AS \"case_package_assignments.doctor.id\" FROM \"medical\".\"case_files\" AS \"case_files\" LEFT OUTER JOIN \"medical\".\"patients\" AS \"patient\" ON \"case_files\".\"patient_id\" = \"patient\".\"id\" LEFT OUTER JOIN \"medical\".\"admission_types\" AS \"admissionType\" ON \"case_files\".\"admission_type_id\" = \"admissionType\".\"id\" LEFT OUTER JOIN \"medical\".\"case_rooms\" AS \"case_rooms\" ON \"case_files\".\"id\" = \"case_rooms\".\"case_file_id\" LEFT OUTER JOIN \"medical\".\"rooms\" AS \"case_rooms->room\" ON \"case_rooms\".\"room_id\" = \"case_rooms->room\".\"id\" LEFT OUTER JOIN \"medical\".\"case_package_assignments\" AS \"case_package_assignments\" ON \"case_files\".\"id\" = \"case_package_assignments\".\"case_file_id\" LEFT OUTER JOIN \"medical\".\"packages\" AS \"case_package_assignments->package\" ON \"case_package_assignments\".\"package_id\" = \"case_package_assignments->package\".\"id\" LEFT OUTER JOIN \"medical\".\"doctors\" AS \"case_package_assignments->doctor\" ON \"case_package_assignments\".\"doctor_id\" = \"case_package_assignments->doctor\".\"id\" WHERE \"case_files\".\"id\" = '47885af2-8b92-4981-a5a3-227e1b32dcff';\u001b[39m","timestamp":"2025-12-07 18:43:03:433"}
{"level":"\u001b[32minfo\u001b[39m","message":"\u001b[32m\u001b[0mGET /api/v1/medical/case-files/47885af2-8b92-4981-a5a3-227e1b32dcff/can-transfer \u001b[32m200\u001b[0m 71.802 ms - 182\u001b[0m\u001b[39m","timestamp":"2025-12-07 18:43:03:433"}
{"level":"\u001b[37mdebug\u001b[39m","message":"\u001b[37mExecuting (default): SELECT \"case_files\".\"id\", \"case_files\".\"case_number\", \"case_files\".\"patient_id\", \"case_files\".\"admission_date\", \"case_files\".\"discharge_date\", \"case_files\".\"admission_type\", \"case_files\".\"chief_complaint\", \"case_files\".\"initial_diagnosis\", \"case_files\".\"final_diagnosis\", \"case_files\".\"case_status\", \"case_files\".\"total_cost\", \"case_files\".\"shift_type\", \"case_files\".\"current_status_flow\", \"case_files\".\"is_transfer\", \"case_files\".\"transfer_from_case_id\", \"case_files\".\"notes\", \"case_files\".\"created_by\", \"case_files\".\"admission_type_id\", \"case_files\".\"created_at\" AS \"createdAt\", \"case_files\".\"updated_at\" AS \"updatedAt\", \"patient\".\"id\" AS \"patient.id\", \"patient\".\"file_number\" AS \"patient.file_number\", \"patient\".\"first_name\" AS \"patient.first_name\", \"patient\".\"last_name\" AS \"patient.last_name\", \"admissionType\".\"id\" AS \"admissionType.id\", \"admissionType\".\"code\" AS \"admissionType.code\", \"admissionType\".\"name\" AS \"admissionType.name\", \"admissionType\".\"requires_hospitalization\" AS \"admissionType.requires_hospitalization\", \"admissionType\".\"requires_package\" AS \"admissionType.requires_package\", \"admissionType\".\"allows_transfer\" AS \"admissionType.allows_transfer\", \"admissionType\".\"requires_immediate_payment\" AS \"admissionType.requires_immediate_payment\", \"admissionType\".\"category\" AS \"admissionType.category\", \"case_rooms\".\"id\" AS \"case_rooms.id\", \"case_rooms\".\"case_file_id\" AS \"case_rooms.case_file_id\", \"case_rooms\".\"room_id\" AS \"case_rooms.room_id\", \"case_rooms\".\"check_in\" AS \"case_rooms.check_in\", \"case_rooms\".\"check_out\" AS \"case_rooms.check_out\", \"case_rooms\".\"daily_rate\" AS \"case_rooms.daily_rate\", \"case_rooms\".\"notes\" AS \"case_rooms.notes\", \"case_rooms->room\".\"id\" AS \"case_rooms.room.id\", \"case_rooms->room\".\"room_number\" AS \"case_rooms.room.room_number\", \"case_rooms->room\".\"room_type\" AS \"case_rooms.room.room_type\", \"case_package_assignments\".\"id\" AS \"case_package_assignments.id\", \"case_package_assignments\".\"case_file_id\" AS \"case_package_assignments.case_file_id\", \"case_package_assignments\".\"package_id\" AS \"case_package_assignments.package_id\", \"case_package_assignments\".\"doctor_id\" AS \"case_package_assignments.doctor_id\", \"case_package_assignments\".\"doctor_type_used\" AS \"case_package_assignments.doctor_type_used\", \"case_package_assignments\".\"price_applied\" AS \"case_package_assignments.price_applied\", \"case_package_assignments\".\"assigned_date\" AS \"case_package_assignments.assigned_date\", \"case_package_assignments\".\"assigned_by\" AS \"case_package_assignments.assigned_by\", \"case_package_assignments\".\"inventory_deducted\" AS \"case_package_assignments.inventory_deducted\", \"case_package_assignments\".\"inventory_deducted_at\" AS \"case_package_assignments.inventory_deducted_at\", \"case_package_assignments\".\"notes\" AS \"case_package_assignments.notes\", \"case_package_assignments->package\".\"id\" AS \"case_package_assignments.package.id\", \"case_package_assignments->package\".\"name\" AS \"case_package_assignments.package.name\", \"case_package_assignments->doctor\".\"id\" AS \"case_package_assignments.doctor.id\" FROM \"medical\".\"case_files\" AS \"case_files\" LEFT OUTER JOIN \"medical\".\"patients\" AS \"patient\" ON \"case_files\".\"patient_id\" = \"patient\".\"id\" LEFT OUTER JOIN \"medical\".\"admission_types\" AS \"admissionType\" ON \"case_files\".\"admission_type_id\" = \"admissionType\".\"id\" LEFT OUTER JOIN \"medical\".\"case_rooms\" AS \"case_rooms\" ON \"case_files\".\"id\" = \"case_rooms\".\"case_file_id\" LEFT OUTER JOIN \"medical\".\"rooms\" AS \"case_rooms->room\" ON \"case_rooms\".\"room_id\" = \"case_rooms->room\".\"id\" LEFT OUTER JOIN \"medical\".\"case_package_assignments\" AS \"case_package_assignments\" ON \"case_files\".\"id\" = \"case_package_assignments\".\"case_file_id\" LEFT OUTER JOIN \"medical\".\"packages\" AS \"case_package_assignments->package\" ON \"case_package_assignments\".\"package_id\" = \"case_package_assignments->package\".\"id\" LEFT OUTER JOIN \"medical\".\"doctors\" AS \"case_package_assignments->doctor\" ON \"case_package_assignments\".\"doctor_id\" = \"case_package_assignments->doctor\".\"id\" WHERE \"case_files\".\"id\" = ':id';\u001b[39m","timestamp":"2025-12-07 18:56:52:5652"}
{"level":"\u001b[32minfo\u001b[39m","message":"\u001b[32m\u001b[0mGET /api/v1/medical/case-files/:id/can-close \u001b[31m500\u001b[0m 183.793 ms - 84\u001b[0m\u001b[39m","timestamp":"2025-12-07 18:56:53:5653"}
{"level":"\u001b[37mdebug\u001b[39m","message":"\u001b[37mExecuting (default): SELECT \"case_files\".\"id\", \"case_files\".\"case_number\", \"case_files\".\"patient_id\", \"case_files\".\"admission_date\", \"case_files\".\"discharge_date\", \"case_files\".\"admission_type\", \"case_files\".\"chief_complaint\", \"case_files\".\"initial_diagnosis\", \"case_files\".\"final_diagnosis\", \"case_files\".\"case_status\", \"case_files\".\"total_cost\", \"case_files\".\"shift_type\", \"case_files\".\"current_status_flow\", \"case_files\".\"is_transfer\", \"case_files\".\"transfer_from_case_id\", \"case_files\".\"notes\", \"case_files\".\"created_by\", \"case_files\".\"admission_type_id\", \"case_files\".\"created_at\" AS \"createdAt\", \"case_files\".\"updated_at\" AS \"updatedAt\", \"patient\".\"id\" AS \"patient.id\", \"patient\".\"file_number\" AS \"patient.file_number\", \"patient\".\"first_name\" AS \"patient.first_name\", \"patient\".\"last_name\" AS \"patient.last_name\", \"admissionType\".\"id\" AS \"admissionType.id\", \"admissionType\".\"code\" AS \"admissionType.code\", \"admissionType\".\"name\" AS \"admissionType.name\", \"admissionType\".\"requires_hospitalization\" AS \"admissionType.requires_hospitalization\", \"admissionType\".\"requires_package\" AS \"admissionType.requires_package\", \"admissionType\".\"allows_transfer\" AS \"admissionType.allows_transfer\", \"admissionType\".\"requires_immediate_payment\" AS \"admissionType.requires_immediate_payment\", \"admissionType\".\"category\" AS \"admissionType.category\", \"case_rooms\".\"id\" AS \"case_rooms.id\", \"case_rooms\".\"case_file_id\" AS \"case_rooms.case_file_id\", \"case_rooms\".\"room_id\" AS \"case_rooms.room_id\", \"case_rooms\".\"check_in\" AS \"case_rooms.check_in\", \"case_rooms\".\"check_out\" AS \"case_rooms.check_out\", \"case_rooms\".\"daily_rate\" AS \"case_rooms.daily_rate\", \"case_rooms\".\"notes\" AS \"case_rooms.notes\", \"case_rooms->room\".\"id\" AS \"case_rooms.room.id\", \"case_rooms->room\".\"room_number\" AS \"case_rooms.room.room_number\", \"case_rooms->room\".\"room_type\" AS \"case_rooms.room.room_type\", \"case_package_assignments\".\"id\" AS \"case_package_assignments.id\", \"case_package_assignments\".\"case_file_id\" AS \"case_package_assignments.case_file_id\", \"case_package_assignments\".\"package_id\" AS \"case_package_assignments.package_id\", \"case_package_assignments\".\"doctor_id\" AS \"case_package_assignments.doctor_id\", \"case_package_assignments\".\"doctor_type_used\" AS \"case_package_assignments.doctor_type_used\", \"case_package_assignments\".\"price_applied\" AS \"case_package_assignments.price_applied\", \"case_package_assignments\".\"assigned_date\" AS \"case_package_assignments.assigned_date\", \"case_package_assignments\".\"assigned_by\" AS \"case_package_assignments.assigned_by\", \"case_package_assignments\".\"inventory_deducted\" AS \"case_package_assignments.inventory_deducted\", \"case_package_assignments\".\"inventory_deducted_at\" AS \"case_package_assignments.inventory_deducted_at\", \"case_package_assignments\".\"notes\" AS \"case_package_assignments.notes\", \"case_package_assignments->package\".\"id\" AS \"case_package_assignments.package.id\", \"case_package_assignments->package\".\"name\" AS \"case_package_assignments.package.name\", \"case_package_assignments->doctor\".\"id\" AS \"case_package_assignments.doctor.id\" FROM \"medical\".\"case_files\" AS \"case_files\" LEFT OUTER JOIN \"medical\".\"patients\" AS \"patient\" ON \"case_files\".\"patient_id\" = \"patient\".\"id\" LEFT OUTER JOIN \"medical\".\"admission_types\" AS \"admissionType\" ON \"case_files\".\"admission_type_id\" = \"admissionType\".\"id\" LEFT OUTER JOIN \"medical\".\"case_rooms\" AS \"case_rooms\" ON \"case_files\".\"id\" = \"case_rooms\".\"case_file_id\" LEFT OUTER JOIN \"medical\".\"rooms\" AS \"case_rooms->room\" ON \"case_rooms\".\"room_id\" = \"case_rooms->room\".\"id\" LEFT OUTER JOIN \"medical\".\"case_package_assignments\" AS \"case_package_assignments\" ON \"case_files\".\"id\" = \"case_package_assignments\".\"case_file_id\" LEFT OUTER JOIN \"medical\".\"packages\" AS \"case_package_assignments->package\" ON \"case_package_assignments\".\"package_id\" = \"case_package_assignments->package\".\"id\" LEFT OUTER JOIN \"medical\".\"doctors\" AS \"case_package_assignments->doctor\" ON \"case_package_assignments\".\"doctor_id\" = \"case_package_assignments->doctor\".\"id\" WHERE \"case_files\".\"id\" = '47885af2-8b92-4981-a5a3-227e1b32dcff';\u001b[39m","timestamp":"2025-12-07 18:57:06:576"}
{"level":"\u001b[32minfo\u001b[39m","message":"\u001b[32m\u001b[0mGET /api/v1/medical/case-files/47885af2-8b92-4981-a5a3-227e1b32dcff/can-close \u001b[32m200\u001b[0m 154.317 ms - 108\u001b[0m\u001b[39m","timestamp":"2025-12-07 18:57:06:576"}
{"level":"\u001b[32minfo\u001b[39m","message":"\u001b[32m🚀 Server is running on port 3000\u001b[39m","timestamp":"2025-12-07 19:46:34:4634"}
{"level":"\u001b[32minfo\u001b[39m","message":"\u001b[32m📚 API Documentation: http://localhost:3000/api-docs\u001b[39m","timestamp":"2025-12-07 19:46:34:4634"}
{"level":"\u001b[32minfo\u001b[39m","message":"\u001b[32m🔍 API v1: http://localhost:3000/api/v1\u001b[39m","timestamp":"2025-12-07 19:46:34:4634"}
{"level":"\u001b[32minfo\u001b[39m","message":"\u001b[32m❤️  Health check: http://localhost:3000/health\u001b[39m","timestamp":"2025-12-07 19:46:34:4634"}
{"level":"\u001b[37mdebug\u001b[39m","message":"\u001b[37mExecuting (default): SELECT 1+1 AS result\u001b[39m","timestamp":"2025-12-07 19:46:34:4634"}
{"level":"\u001b[32minfo\u001b[39m","message":"\u001b[32m✅ Database connection established successfully\u001b[39m","timestamp":"2025-12-07 19:46:34:4634"}
{"level":"\u001b[32minfo\u001b[39m","message":"\u001b[32m📊 Connected to: dev-cmdv@localhost\u001b[39m","timestamp":"2025-12-07 19:46:34:4634"}
{"level":"\u001b[32minfo\u001b[39m","message":"\u001b[32m🚀 Server is running on port 3000\u001b[39m","timestamp":"2025-12-07 19:47:25:4725"}
{"level":"\u001b[32minfo\u001b[39m","message":"\u001b[32m📚 API Documentation: http://localhost:3000/api-docs\u001b[39m","timestamp":"2025-12-07 19:47:25:4725"}
{"level":"\u001b[32minfo\u001b[39m","message":"\u001b[32m🔍 API v1: http://localhost:3000/api/v1\u001b[39m","timestamp":"2025-12-07 19:47:25:4725"}
{"level":"\u001b[32minfo\u001b[39m","message":"\u001b[32m❤️  Health check: http://localhost:3000/health\u001b[39m","timestamp":"2025-12-07 19:47:25:4725"}
{"level":"\u001b[37mdebug\u001b[39m","message":"\u001b[37mExecuting (default): SELECT 1+1 AS result\u001b[39m","timestamp":"2025-12-07 19:47:25:4725"}
{"level":"\u001b[32minfo\u001b[39m","message":"\u001b[32m✅ Database connection established successfully\u001b[39m","timestamp":"2025-12-07 19:47:25:4725"}
{"level":"\u001b[32minfo\u001b[39m","message":"\u001b[32m📊 Connected to: dev-cmdv@localhost\u001b[39m","timestamp":"2025-12-07 19:47:25:4725"}
{"level":"\u001b[32minfo\u001b[39m","message":"\u001b[32m🚀 Server is running on port 3000\u001b[39m","timestamp":"2025-12-07 19:47:41:4741"}
{"level":"\u001b[32minfo\u001b[39m","message":"\u001b[32m📚 API Documentation: http://localhost:3000/api-docs\u001b[39m","timestamp":"2025-12-07 19:47:41:4741"}
{"level":"\u001b[32minfo\u001b[39m","message":"\u001b[32m🔍 API v1: http://localhost:3000/api/v1\u001b[39m","timestamp":"2025-12-07 19:47:41:4741"}
{"level":"\u001b[32minfo\u001b[39m","message":"\u001b[32m❤️  Health check: http://localhost:3000/health\u001b[39m","timestamp":"2025-12-07 19:47:41:4741"}
{"level":"\u001b[37mdebug\u001b[39m","message":"\u001b[37mExecuting (default): SELECT 1+1 AS result\u001b[39m","timestamp":"2025-12-07 19:47:42:4742"}
{"level":"\u001b[32minfo\u001b[39m","message":"\u001b[32m✅ Database connection established successfully\u001b[39m","timestamp":"2025-12-07 19:47:42:4742"}
{"level":"\u001b[32minfo\u001b[39m","message":"\u001b[32m📊 Connected to: dev-cmdv@localhost\u001b[39m","timestamp":"2025-12-07 19:47:42:4742"}
{"level":"\u001b[32minfo\u001b[39m","message":"\u001b[32m🚀 Server is running on port 3000\u001b[39m","timestamp":"2025-12-07 19:53:06:536"}
{"level":"\u001b[32minfo\u001b[39m","message":"\u001b[32m📚 API Documentation: http://localhost:3000/api-docs\u001b[39m","timestamp":"2025-12-07 19:53:06:536"}
{"level":"\u001b[32minfo\u001b[39m","message":"\u001b[32m🔍 API v1: http://localhost:3000/api/v1\u001b[39m","timestamp":"2025-12-07 19:53:06:536"}
{"level":"\u001b[32minfo\u001b[39m","message":"\u001b[32m❤️  Health check: http://localhost:3000/health\u001b[39m","timestamp":"2025-12-07 19:53:06:536"}
{"level":"\u001b[37mdebug\u001b[39m","message":"\u001b[37mExecuting (default): SELECT 1+1 AS result\u001b[39m","timestamp":"2025-12-07 19:53:07:537"}
{"level":"\u001b[32minfo\u001b[39m","message":"\u001b[32m✅ Database connection established successfully\u001b[39m","timestamp":"2025-12-07 19:53:07:537"}
{"level":"\u001b[32minfo\u001b[39m","message":"\u001b[32m📊 Connected to: dev-cmdv@localhost\u001b[39m","timestamp":"2025-12-07 19:53:07:537"}
{"level":"\u001b[32minfo\u001b[39m","message":"\u001b[32m🚀 Server is running on port 3000\u001b[39m","timestamp":"2025-12-07 19:54:57:5457"}
{"level":"\u001b[32minfo\u001b[39m","message":"\u001b[32m📚 API Documentation: http://localhost:3000/api-docs\u001b[39m","timestamp":"2025-12-07 19:54:57:5457"}
{"level":"\u001b[32minfo\u001b[39m","message":"\u001b[32m🔍 API v1: http://localhost:3000/api/v1\u001b[39m","timestamp":"2025-12-07 19:54:57:5457"}
{"level":"\u001b[32minfo\u001b[39m","message":"\u001b[32m❤️  Health check: http://localhost:3000/health\u001b[39m","timestamp":"2025-12-07 19:54:57:5457"}
{"level":"\u001b[37mdebug\u001b[39m","message":"\u001b[37mExecuting (default): SELECT 1+1 AS result\u001b[39m","timestamp":"2025-12-07 19:54:57:5457"}
{"level":"\u001b[32minfo\u001b[39m","message":"\u001b[32m✅ Database connection established successfully\u001b[39m","timestamp":"2025-12-07 19:54:57:5457"}
{"level":"\u001b[32minfo\u001b[39m","message":"\u001b[32m📊 Connected to: dev-cmdv@localhost\u001b[39m","timestamp":"2025-12-07 19:54:57:5457"}
{"level":"\u001b[32minfo\u001b[39m","message":"\u001b[32m🚀 Server is running on port 3000\u001b[39m","timestamp":"2025-12-07 19:57:09:579"}
{"level":"\u001b[32minfo\u001b[39m","message":"\u001b[32m📚 API Documentation: http://localhost:3000/api-docs\u001b[39m","timestamp":"2025-12-07 19:57:09:579"}
{"level":"\u001b[32minfo\u001b[39m","message":"\u001b[32m🔍 API v1: http://localhost:3000/api/v1\u001b[39m","timestamp":"2025-12-07 19:57:09:579"}
{"level":"\u001b[32minfo\u001b[39m","message":"\u001b[32m❤️  Health check: http://localhost:3000/health\u001b[39m","timestamp":"2025-12-07 19:57:09:579"}
{"level":"\u001b[37mdebug\u001b[39m","message":"\u001b[37mExecuting (default): SELECT 1+1 AS result\u001b[39m","timestamp":"2025-12-07 19:57:09:579"}
{"level":"\u001b[32minfo\u001b[39m","message":"\u001b[32m✅ Database connection established successfully\u001b[39m","timestamp":"2025-12-07 19:57:09:579"}
{"level":"\u001b[32minfo\u001b[39m","message":"\u001b[32m📊 Connected to: dev-cmdv@localhost\u001b[39m","timestamp":"2025-12-07 19:57:09:579"}
{"level":"\u001b[32minfo\u001b[39m","message":"\u001b[32m🚀 Server is running on port 3000\u001b[39m","timestamp":"2025-12-07 20:00:06:06"}
{"level":"\u001b[32minfo\u001b[39m","message":"\u001b[32m📚 API Documentation: http://localhost:3000/api-docs\u001b[39m","timestamp":"2025-12-07 20:00:06:06"}
{"level":"\u001b[32minfo\u001b[39m","message":"\u001b[32m🔍 API v1: http://localhost:3000/api/v1\u001b[39m","timestamp":"2025-12-07 20:00:06:06"}
{"level":"\u001b[32minfo\u001b[39m","message":"\u001b[32m❤️  Health check: http://localhost:3000/health\u001b[39m","timestamp":"2025-12-07 20:00:06:06"}
{"level":"\u001b[37mdebug\u001b[39m","message":"\u001b[37mExecuting (default): SELECT 1+1 AS result\u001b[39m","timestamp":"2025-12-07 20:00:06:06"}
{"level":"\u001b[32minfo\u001b[39m","message":"\u001b[32m✅ Database connection established successfully\u001b[39m","timestamp":"2025-12-07 20:00:06:06"}
{"level":"\u001b[32minfo\u001b[39m","message":"\u001b[32m📊 Connected to: dev-cmdv@localhost\u001b[39m","timestamp":"2025-12-07 20:00:06:06"}
{"level":"\u001b[32minfo\u001b[39m","message":"\u001b[32m🚀 Server is running on port 3000\u001b[39m","timestamp":"2025-12-07 20:00:31:031"}
{"level":"\u001b[32minfo\u001b[39m","message":"\u001b[32m📚 API Documentation: http://localhost:3000/api-docs\u001b[39m","timestamp":"2025-12-07 20:00:31:031"}
{"level":"\u001b[32minfo\u001b[39m","message":"\u001b[32m🔍 API v1: http://localhost:3000/api/v1\u001b[39m","timestamp":"2025-12-07 20:00:31:031"}
{"level":"\u001b[32minfo\u001b[39m","message":"\u001b[32m❤️  Health check: http://localhost:3000/health\u001b[39m","timestamp":"2025-12-07 20:00:31:031"}
{"level":"\u001b[37mdebug\u001b[39m","message":"\u001b[37mExecuting (default): SELECT 1+1 AS result\u001b[39m","timestamp":"2025-12-07 20:00:31:031"}
{"level":"\u001b[32minfo\u001b[39m","message":"\u001b[32m✅ Database connection established successfully\u001b[39m","timestamp":"2025-12-07 20:00:31:031"}
{"level":"\u001b[32minfo\u001b[39m","message":"\u001b[32m📊 Connected to: dev-cmdv@localhost\u001b[39m","timestamp":"2025-12-07 20:00:31:031"}
{"level":"\u001b[32minfo\u001b[39m","message":"\u001b[32m🚀 Server is running on port 3000\u001b[39m","timestamp":"2025-12-07 20:01:04:14"}
{"level":"\u001b[32minfo\u001b[39m","message":"\u001b[32m📚 API Documentation: http://localhost:3000/api-docs\u001b[39m","timestamp":"2025-12-07 20:01:04:14"}
{"level":"\u001b[32minfo\u001b[39m","message":"\u001b[32m🔍 API v1: http://localhost:3000/api/v1\u001b[39m","timestamp":"2025-12-07 20:01:04:14"}
{"level":"\u001b[32minfo\u001b[39m","message":"\u001b[32m❤️  Health check: http://localhost:3000/health\u001b[39m","timestamp":"2025-12-07 20:01:04:14"}
{"level":"\u001b[37mdebug\u001b[39m","message":"\u001b[37mExecuting (default): SELECT 1+1 AS result\u001b[39m","timestamp":"2025-12-07 20:01:04:14"}
{"level":"\u001b[32minfo\u001b[39m","message":"\u001b[32m✅ Database connection established successfully\u001b[39m","timestamp":"2025-12-07 20:01:04:14"}
{"level":"\u001b[32minfo\u001b[39m","message":"\u001b[32m📊 Connected to: dev-cmdv@localhost\u001b[39m","timestamp":"2025-12-07 20:01:04:14"}
{"level":"\u001b[32minfo\u001b[39m","message":"\u001b[32m🚀 Server is running on port 3000\u001b[39m","timestamp":"2025-12-07 20:01:26:126"}
{"level":"\u001b[32minfo\u001b[39m","message":"\u001b[32m📚 API Documentation: http://localhost:3000/api-docs\u001b[39m","timestamp":"2025-12-07 20:01:26:126"}
{"level":"\u001b[32minfo\u001b[39m","message":"\u001b[32m🔍 API v1: http://localhost:3000/api/v1\u001b[39m","timestamp":"2025-12-07 20:01:26:126"}
{"level":"\u001b[32minfo\u001b[39m","message":"\u001b[32m❤️  Health check: http://localhost:3000/health\u001b[39m","timestamp":"2025-12-07 20:01:26:126"}
{"level":"\u001b[37mdebug\u001b[39m","message":"\u001b[37mExecuting (default): SELECT 1+1 AS result\u001b[39m","timestamp":"2025-12-07 20:01:26:126"}
{"level":"\u001b[32minfo\u001b[39m","message":"\u001b[32m✅ Database connection established successfully\u001b[39m","timestamp":"2025-12-07 20:01:26:126"}
{"level":"\u001b[32minfo\u001b[39m","message":"\u001b[32m📊 Connected to: dev-cmdv@localhost\u001b[39m","timestamp":"2025-12-07 20:01:26:126"}
{"level":"\u001b[32minfo\u001b[39m","message":"\u001b[32m🚀 Server is running on port 3000\u001b[39m","timestamp":"2025-12-07 20:02:31:231"}
{"level":"\u001b[32minfo\u001b[39m","message":"\u001b[32m📚 API Documentation: http://localhost:3000/api-docs\u001b[39m","timestamp":"2025-12-07 20:02:31:231"}
{"level":"\u001b[32minfo\u001b[39m","message":"\u001b[32m🔍 API v1: http://localhost:3000/api/v1\u001b[39m","timestamp":"2025-12-07 20:02:31:231"}
{"level":"\u001b[32minfo\u001b[39m","message":"\u001b[32m❤️  Health check: http://localhost:3000/health\u001b[39m","timestamp":"2025-12-07 20:02:31:231"}
{"level":"\u001b[37mdebug\u001b[39m","message":"\u001b[37mExecuting (default): SELECT 1+1 AS result\u001b[39m","timestamp":"2025-12-07 20:02:31:231"}
{"level":"\u001b[32minfo\u001b[39m","message":"\u001b[32m✅ Database connection established successfully\u001b[39m","timestamp":"2025-12-07 20:02:31:231"}
{"level":"\u001b[32minfo\u001b[39m","message":"\u001b[32m📊 Connected to: dev-cmdv@localhost\u001b[39m","timestamp":"2025-12-07 20:02:31:231"}
{"level":"\u001b[32minfo\u001b[39m","message":"\u001b[32m🚀 Server is running on port 3000\u001b[39m","timestamp":"2025-12-12 11:26:14:2614"}
{"level":"\u001b[32minfo\u001b[39m","message":"\u001b[32m📚 API Documentation: http://localhost:3000/api-docs\u001b[39m","timestamp":"2025-12-12 11:26:14:2614"}
{"level":"\u001b[32minfo\u001b[39m","message":"\u001b[32m🔍 API v1: http://localhost:3000/api/v1\u001b[39m","timestamp":"2025-12-12 11:26:14:2614"}
{"level":"\u001b[32minfo\u001b[39m","message":"\u001b[32m❤️  Health check: http://localhost:3000/health\u001b[39m","timestamp":"2025-12-12 11:26:14:2614"}
{"level":"\u001b[31merror\u001b[39m","message":"\u001b[31m❌ Unable to connect to database: Connection terminated unexpectedly\u001b[39m","name":"SequelizeConnectionError","original":{},"parent":{},"stack":"SequelizeConnectionError: Connection terminated unexpectedly\n    at Client._connectionCallback (E:\\Proyectos personales\\CMDV2\\backend\\node_modules\\sequelize\\src\\dialects\\postgres\\connection-manager.js:200:20)\n    at Connection.<anonymous> (E:\\Proyectos personales\\CMDV2\\backend\\node_modules\\pg\\lib\\client.js:149:18)\n    at Object.onceWrapper (node:events:633:28)\n    at Connection.emit (node:events:519:28)\n    at Connection.emit (node:domain:489:12)\n    at Socket.<anonymous> (E:\\Proyectos personales\\CMDV2\\backend\\node_modules\\pg\\lib\\connection.js:62:12)\n    at Socket.emit (node:events:519:28)\n    at Socket.emit (node:domain:489:12)\n    at TCP.<anonymous> (node:net:346:12)","timestamp":"2025-12-12 11:26:16:2616"}
{"level":"\u001b[32minfo\u001b[39m","message":"\u001b[32m🚀 Server is running on port 3000\u001b[39m","timestamp":"2025-12-13 16:51:46:5146"}
{"level":"\u001b[32minfo\u001b[39m","message":"\u001b[32m📚 API Documentation: http://localhost:3000/api-docs\u001b[39m","timestamp":"2025-12-13 16:51:46:5146"}
{"level":"\u001b[32minfo\u001b[39m","message":"\u001b[32m🔍 API v1: http://localhost:3000/api/v1\u001b[39m","timestamp":"2025-12-13 16:51:46:5146"}
{"level":"\u001b[32minfo\u001b[39m","message":"\u001b[32m❤️  Health check: http://localhost:3000/health\u001b[39m","timestamp":"2025-12-13 16:51:46:5146"}
{"level":"\u001b[31merror\u001b[39m","message":"\u001b[31m❌ Unable to connect to database: la autentificaci�n password fall� para el usuario �admin�\u001b[39m","name":"SequelizeConnectionError","original":{"code":"28P01","file":"auth.c","length":111,"line":"326","name":"error","routine":"auth_failed","severity":"FATAL"},"parent":{"code":"28P01","file":"auth.c","length":111,"line":"326","name":"error","routine":"auth_failed","severity":"FATAL"},"stack":"SequelizeConnectionError: la autentificaci�n password fall� para el usuario �admin�\n    at Client._connectionCallback (E:\\Proyectos personales\\CMDV2\\backend\\node_modules\\sequelize\\src\\dialects\\postgres\\connection-manager.js:196:24)\n    at Client._handleErrorWhileConnecting (E:\\Proyectos personales\\CMDV2\\backend\\node_modules\\pg\\lib\\client.js:336:19)\n    at Client._handleErrorMessage (E:\\Proyectos personales\\CMDV2\\backend\\node_modules\\pg\\lib\\client.js:356:19)\n    at Connection.emit (node:events:519:28)\n    at Connection.emit (node:domain:489:12)\n    at E:\\Proyectos personales\\CMDV2\\backend\\node_modules\\pg\\lib\\connection.js:116:12\n    at Parser.parse (E:\\Proyectos personales\\CMDV2\\backend\\node_modules\\pg-protocol\\src\\parser.ts:103:9)\n    at Socket.<anonymous> (E:\\Proyectos personales\\CMDV2\\backend\\node_modules\\pg-protocol\\src\\index.ts:7:48)\n    at Socket.emit (node:events:519:28)\n    at Socket.emit (node:domain:489:12)","timestamp":"2025-12-13 16:51:46:5146"}
{"level":"\u001b[32minfo\u001b[39m","message":"\u001b[32m🚀 Server is running on port 3000\u001b[39m","timestamp":"2025-12-13 16:52:56:5256"}
{"level":"\u001b[32minfo\u001b[39m","message":"\u001b[32m📚 API Documentation: http://localhost:3000/api-docs\u001b[39m","timestamp":"2025-12-13 16:52:56:5256"}
{"level":"\u001b[32minfo\u001b[39m","message":"\u001b[32m🔍 API v1: http://localhost:3000/api/v1\u001b[39m","timestamp":"2025-12-13 16:52:56:5256"}
{"level":"\u001b[32minfo\u001b[39m","message":"\u001b[32m❤️  Health check: http://localhost:3000/health\u001b[39m","timestamp":"2025-12-13 16:52:56:5256"}
{"level":"\u001b[37mdebug\u001b[39m","message":"\u001b[37mExecuting (default): SELECT 1+1 AS result\u001b[39m","timestamp":"2025-12-13 16:52:58:5258"}
{"level":"\u001b[32minfo\u001b[39m","message":"\u001b[32m✅ Database connection established successfully\u001b[39m","timestamp":"2025-12-13 16:52:58:5258"}
{"level":"\u001b[32minfo\u001b[39m","message":"\u001b[32m📊 Connected to: dev-cmdv@localhost\u001b[39m","timestamp":"2025-12-13 16:52:58:5258"}
{"level":"\u001b[32minfo\u001b[39m","message":"\u001b[32m🚀 Server is running on port 3000\u001b[39m","timestamp":"2025-12-13 16:54:32:5432"}
{"level":"\u001b[32minfo\u001b[39m","message":"\u001b[32m📚 API Documentation: http://localhost:3000/api-docs\u001b[39m","timestamp":"2025-12-13 16:54:32:5432"}
{"level":"\u001b[32minfo\u001b[39m","message":"\u001b[32m🔍 API v1: http://localhost:3000/api/v1\u001b[39m","timestamp":"2025-12-13 16:54:32:5432"}
{"level":"\u001b[32minfo\u001b[39m","message":"\u001b[32m❤️  Health check: http://localhost:3000/health\u001b[39m","timestamp":"2025-12-13 16:54:32:5432"}
{"level":"\u001b[37mdebug\u001b[39m","message":"\u001b[37mExecuting (default): SELECT 1+1 AS result\u001b[39m","timestamp":"2025-12-13 16:54:32:5432"}
{"level":"\u001b[32minfo\u001b[39m","message":"\u001b[32m✅ Database connection established successfully\u001b[39m","timestamp":"2025-12-13 16:54:32:5432"}
{"level":"\u001b[32minfo\u001b[39m","message":"\u001b[32m📊 Connected to: dev-cmdv@localhost\u001b[39m","timestamp":"2025-12-13 16:54:32:5432"}
{"level":"\u001b[32minfo\u001b[39m","message":"\u001b[32m🚀 Server is running on port 3000\u001b[39m","timestamp":"2025-12-13 16:56:03:563"}
{"level":"\u001b[32minfo\u001b[39m","message":"\u001b[32m📚 API Documentation: http://localhost:3000/api-docs\u001b[39m","timestamp":"2025-12-13 16:56:03:563"}
{"level":"\u001b[32minfo\u001b[39m","message":"\u001b[32m🔍 API v1: http://localhost:3000/api/v1\u001b[39m","timestamp":"2025-12-13 16:56:03:563"}
{"level":"\u001b[32minfo\u001b[39m","message":"\u001b[32m❤️  Health check: http://localhost:3000/health\u001b[39m","timestamp":"2025-12-13 16:56:03:563"}
{"level":"\u001b[37mdebug\u001b[39m","message":"\u001b[37mExecuting (default): SELECT 1+1 AS result\u001b[39m","timestamp":"2025-12-13 16:56:03:563"}
{"level":"\u001b[32minfo\u001b[39m","message":"\u001b[32m✅ Database connection established successfully\u001b[39m","timestamp":"2025-12-13 16:56:03:563"}
{"level":"\u001b[32minfo\u001b[39m","message":"\u001b[32m📊 Connected to: dev-cmdv@localhost\u001b[39m","timestamp":"2025-12-13 16:56:03:563"}
{"level":"\u001b[32minfo\u001b[39m","message":"\u001b[32m🚀 Server is running on port 3000\u001b[39m","timestamp":"2025-12-13 17:58:56:5856"}
{"level":"\u001b[32minfo\u001b[39m","message":"\u001b[32m📚 API Documentation: http://localhost:3000/api-docs\u001b[39m","timestamp":"2025-12-13 17:58:56:5856"}
{"level":"\u001b[32minfo\u001b[39m","message":"\u001b[32m🔍 API v1: http://localhost:3000/api/v1\u001b[39m","timestamp":"2025-12-13 17:58:56:5856"}
{"level":"\u001b[32minfo\u001b[39m","message":"\u001b[32m❤️  Health check: http://localhost:3000/health\u001b[39m","timestamp":"2025-12-13 17:58:56:5856"}
{"level":"\u001b[37mdebug\u001b[39m","message":"\u001b[37mExecuting (default): SELECT 1+1 AS result\u001b[39m","timestamp":"2025-12-13 17:58:56:5856"}
{"level":"\u001b[32minfo\u001b[39m","message":"\u001b[32m✅ Database connection established successfully\u001b[39m","timestamp":"2025-12-13 17:58:56:5856"}
{"level":"\u001b[32minfo\u001b[39m","message":"\u001b[32m📊 Connected to: dev-cmdv@localhost\u001b[39m","timestamp":"2025-12-13 17:58:56:5856"}
{"level":"\u001b[37mdebug\u001b[39m","message":"\u001b[37mExecuting (default): SELECT count(\"case_files\".\"id\") AS \"count\" FROM \"medical\".\"case_files\" AS \"case_files\" LEFT OUTER JOIN \"medical\".\"patients\" AS \"patient\" ON \"case_files\".\"patient_id\" = \"patient\".\"id\" LEFT OUTER JOIN \"medical\".\"admission_types\" AS \"admissionType\" ON \"case_files\".\"admission_type_id\" = \"admissionType\".\"id\";\u001b[39m","timestamp":"2025-12-13 18:08:58:858"}
{"level":"\u001b[37mdebug\u001b[39m","message":"\u001b[37mExecuting (default): SELECT \"case_files\".\"id\", \"case_files\".\"case_number\", \"case_files\".\"patient_id\", \"case_files\".\"admission_date\", \"case_files\".\"discharge_date\", \"case_files\".\"admission_type\", \"case_files\".\"chief_complaint\", \"case_files\".\"initial_diagnosis\", \"case_files\".\"final_diagnosis\", \"case_files\".\"case_status\", \"case_files\".\"total_cost\", \"case_files\".\"shift_type\", \"case_files\".\"current_status_flow\", \"case_files\".\"is_transfer\", \"case_files\".\"transfer_from_case_id\", \"case_files\".\"notes\", \"case_files\".\"created_by\", \"case_files\".\"admission_type_id\", \"case_files\".\"created_at\" AS \"createdAt\", \"case_files\".\"updated_at\" AS \"updatedAt\", \"patient\".\"id\" AS \"patient.id\", \"patient\".\"first_name\" AS \"patient.first_name\", \"patient\".\"last_name\" AS \"patient.last_name\", \"admissionType\".\"id\" AS \"admissionType.id\", \"admissionType\".\"code\" AS \"admissionType.code\", \"admissionType\".\"name\" AS \"admissionType.name\" FROM \"medical\".\"case_files\" AS \"case_files\" LEFT OUTER JOIN \"medical\".\"patients\" AS \"patient\" ON \"case_files\".\"patient_id\" = \"patient\".\"id\" LEFT OUTER JOIN \"medical\".\"admission_types\" AS \"admissionType\" ON \"case_files\".\"admission_type_id\" = \"admissionType\".\"id\" ORDER BY \"case_files\".\"admission_date\" DESC LIMIT 10 OFFSET 0;\u001b[39m","timestamp":"2025-12-13 18:08:58:858"}
{"level":"\u001b[32minfo\u001b[39m","message":"\u001b[32m\u001b[0mGET /api/v1/medical/case-files/?page=1&limit=10 \u001b[32m200\u001b[0m 314.538 ms - 1634\u001b[0m\u001b[39m","timestamp":"2025-12-13 18:08:58:858"}
{"level":"\u001b[32minfo\u001b[39m","message":"\u001b[32m\u001b[0mGET /api/v1/medical/packages/?page=1&limit=10 \u001b[33m404\u001b[0m 2.265 ms - 163\u001b[0m\u001b[39m","timestamp":"2025-12-13 18:09:06:96"}
{"level":"\u001b[32minfo\u001b[39m","message":"\u001b[32m\u001b[0mGET /api/v1/medical/packages/?page=1&limit=10 \u001b[33m404\u001b[0m 1.465 ms - 163\u001b[0m\u001b[39m","timestamp":"2025-12-13 18:13:06:136"}
{"level":"\u001b[32minfo\u001b[39m","message":"\u001b[32m\u001b[0mGET /api/v1/medical/packages/?page=1&limit=10 \u001b[33m404\u001b[0m 2.591 ms - 163\u001b[0m\u001b[39m","timestamp":"2025-12-13 18:13:20:1320"}
{"level":"\u001b[32minfo\u001b[39m","message":"\u001b[32m\u001b[0mGET /api/v1/medical/packages?page=1&limit=10 \u001b[33m404\u001b[0m 1.593 ms - 162\u001b[0m\u001b[39m","timestamp":"2025-12-13 18:13:45:1345"}
{"level":"\u001b[32minfo\u001b[39m","message":"\u001b[32m🚀 Server is running on port 3000\u001b[39m","timestamp":"2025-12-13 18:14:32:1432"}
{"level":"\u001b[32minfo\u001b[39m","message":"\u001b[32m📚 API Documentation: http://localhost:3000/api-docs\u001b[39m","timestamp":"2025-12-13 18:14:32:1432"}
{"level":"\u001b[32minfo\u001b[39m","message":"\u001b[32m🔍 API v1: http://localhost:3000/api/v1\u001b[39m","timestamp":"2025-12-13 18:14:32:1432"}
{"level":"\u001b[32minfo\u001b[39m","message":"\u001b[32m❤️  Health check: http://localhost:3000/health\u001b[39m","timestamp":"2025-12-13 18:14:32:1432"}
{"level":"\u001b[37mdebug\u001b[39m","message":"\u001b[37mExecuting (default): SELECT 1+1 AS result\u001b[39m","timestamp":"2025-12-13 18:14:32:1432"}
{"level":"\u001b[32minfo\u001b[39m","message":"\u001b[32m✅ Database connection established successfully\u001b[39m","timestamp":"2025-12-13 18:14:32:1432"}
{"level":"\u001b[32minfo\u001b[39m","message":"\u001b[32m📊 Connected to: dev-cmdv@localhost\u001b[39m","timestamp":"2025-12-13 18:14:32:1432"}
{"level":"\u001b[32minfo\u001b[39m","message":"\u001b[32m\u001b[0mGET /api/v1/medical/packages \u001b[33m404\u001b[0m 1.148 ms - 162\u001b[0m\u001b[39m","timestamp":"2025-12-13 18:18:42:1842"}
{"level":"\u001b[32minfo\u001b[39m","message":"\u001b[32m\u001b[0mGET /api/v1/medical/packages \u001b[33m404\u001b[0m 1.168 ms - 162\u001b[0m\u001b[39m","timestamp":"2025-12-13 18:19:33:1933"}
{"level":"\u001b[32minfo\u001b[39m","message":"\u001b[32m🚀 Server is running on port 3000\u001b[39m","timestamp":"2025-12-13 18:19:45:1945"}
{"level":"\u001b[32minfo\u001b[39m","message":"\u001b[32m📚 API Documentation: http://localhost:3000/api-docs\u001b[39m","timestamp":"2025-12-13 18:19:45:1945"}
{"level":"\u001b[32minfo\u001b[39m","message":"\u001b[32m🔍 API v1: http://localhost:3000/api/v1\u001b[39m","timestamp":"2025-12-13 18:19:45:1945"}
{"level":"\u001b[32minfo\u001b[39m","message":"\u001b[32m❤️  Health check: http://localhost:3000/health\u001b[39m","timestamp":"2025-12-13 18:19:45:1945"}
{"level":"\u001b[37mdebug\u001b[39m","message":"\u001b[37mExecuting (default): SELECT 1+1 AS result\u001b[39m","timestamp":"2025-12-13 18:19:45:1945"}
{"level":"\u001b[32minfo\u001b[39m","message":"\u001b[32m✅ Database connection established successfully\u001b[39m","timestamp":"2025-12-13 18:19:45:1945"}
{"level":"\u001b[32minfo\u001b[39m","message":"\u001b[32m📊 Connected to: dev-cmdv@localhost\u001b[39m","timestamp":"2025-12-13 18:19:45:1945"}
{"level":"\u001b[32minfo\u001b[39m","message":"\u001b[32m\u001b[0mGET /api/v1/medical/packages \u001b[33m404\u001b[0m 0.875 ms - 162\u001b[0m\u001b[39m","timestamp":"2025-12-13 18:19:50:1950"}
{"level":"\u001b[32minfo\u001b[39m","message":"\u001b[32m\u001b[0mGET /api/v1/medical/packages \u001b[33m404\u001b[0m 1.747 ms - 162\u001b[0m\u001b[39m","timestamp":"2025-12-13 18:20:00:200"}
{"level":"\u001b[37mdebug\u001b[39m","message":"\u001b[37mExecuting (default): SELECT \"id\", \"username\", \"email\", \"password_hash\", \"full_name\", \"role\", \"is_active\", \"last_login\", \"password_changed_at\", \"failed_login_attempts\", \"locked_until\", \"created_by\", \"updated_by\", \"created_at\", \"updated_at\" FROM \"core\".\"users\" AS \"users\" WHERE \"users\".\"email\" = 'jldonis@cmdv.com' AND \"users\".\"is_active\" = true AND \"users\".\"locked_until\" IS NULL;\u001b[39m","timestamp":"2025-12-13 18:20:48:2048"}
{"level":"\u001b[37mdebug\u001b[39m","message":"\u001b[37mExecuting (default): INSERT INTO \"core\".\"jwt_tokens\" (\"id\",\"user_id\",\"token_hash\",\"refresh_token_hash\",\"expires_at\",\"refresh_expires_at\",\"is_revoked\",\"created_at\",\"updated_at\") VALUES ($1,$2,$3,$4,$5,$6,$7,$8,$9) RETURNING \"id\",\"user_id\",\"token_hash\",\"refresh_token_hash\",\"expires_at\",\"refresh_expires_at\",\"is_revoked\",\"revoked_at\",\"ip_address\",\"user_agent\",\"created_at\",\"updated_at\";\u001b[39m","timestamp":"2025-12-13 18:20:49:2049"}
{"level":"\u001b[31merror\u001b[39m","message":"\u001b[31mError storing refresh token:\u001b[39m","name":"SequelizeDatabaseError","original":{"code":"42703","file":"parse_target.c","length":134,"line":"1066","name":"error","parameters":["510fe9bd-697b-4c88-9f30-17286b2b1ad4","ba0a2b9b-c023-4368-82ea-a341a798cdd4","eyJhbGciOiJIUzI1NiIsInR5cCI6IkpXVCJ9.eyJ1c2VySWQiOiJiYTBhMmI5Yi1jMDIzLTQzNjgtODJlYS1hMzQxYTc5OGNkZDQiLCJlbWFpbCI6ImpsZG9uaXNAY21kdi5jb20iLCJpYXQiOjE3NjU2NzE2NDksImV4cCI6MTc2ODI2MzY0OX0.Qzavckr4q5A97KZe93SD4J-ATkwmkoYnK7zCi-Vj8xQ","eyJhbGciOiJIUzI1NiIsInR5cCI6IkpXVCJ9.eyJ1c2VySWQiOiJiYTBhMmI5Yi1jMDIzLTQzNjgtODJlYS1hMzQxYTc5OGNkZDQiLCJlbWFpbCI6ImpsZG9uaXNAY21kdi5jb20iLCJpYXQiOjE3NjU2NzE2NDksImV4cCI6MTc2ODI2MzY0OX0.Qzavckr4q5A97KZe93SD4J-ATkwmkoYnK7zCi-Vj8xQ","2026-01-13 00:20:49.020 +00:00","2026-01-13 00:20:49.020 +00:00",false,"2025-12-14 00:20:49.023 +00:00","2025-12-14 00:20:49.023 +00:00"],"position":"143","routine":"checkInsertTargets","severity":"ERROR","sql":"INSERT INTO \"core\".\"jwt_tokens\" (\"id\",\"user_id\",\"token_hash\",\"refresh_token_hash\",\"expires_at\",\"refresh_expires_at\",\"is_revoked\",\"created_at\",\"updated_at\") VALUES ($1,$2,$3,$4,$5,$6,$7,$8,$9) RETURNING \"id\",\"user_id\",\"token_hash\",\"refresh_token_hash\",\"expires_at\",\"refresh_expires_at\",\"is_revoked\",\"revoked_at\",\"ip_address\",\"user_agent\",\"created_at\",\"updated_at\";"},"parameters":["510fe9bd-697b-4c88-9f30-17286b2b1ad4","ba0a2b9b-c023-4368-82ea-a341a798cdd4","eyJhbGciOiJIUzI1NiIsInR5cCI6IkpXVCJ9.eyJ1c2VySWQiOiJiYTBhMmI5Yi1jMDIzLTQzNjgtODJlYS1hMzQxYTc5OGNkZDQiLCJlbWFpbCI6ImpsZG9uaXNAY21kdi5jb20iLCJpYXQiOjE3NjU2NzE2NDksImV4cCI6MTc2ODI2MzY0OX0.Qzavckr4q5A97KZe93SD4J-ATkwmkoYnK7zCi-Vj8xQ","eyJhbGciOiJIUzI1NiIsInR5cCI6IkpXVCJ9.eyJ1c2VySWQiOiJiYTBhMmI5Yi1jMDIzLTQzNjgtODJlYS1hMzQxYTc5OGNkZDQiLCJlbWFpbCI6ImpsZG9uaXNAY21kdi5jb20iLCJpYXQiOjE3NjU2NzE2NDksImV4cCI6MTc2ODI2MzY0OX0.Qzavckr4q5A97KZe93SD4J-ATkwmkoYnK7zCi-Vj8xQ","2026-01-13 00:20:49.020 +00:00","2026-01-13 00:20:49.020 +00:00",false,"2025-12-14 00:20:49.023 +00:00","2025-12-14 00:20:49.023 +00:00"],"parent":{"code":"42703","file":"parse_target.c","length":134,"line":"1066","name":"error","parameters":["510fe9bd-697b-4c88-9f30-17286b2b1ad4","ba0a2b9b-c023-4368-82ea-a341a798cdd4","eyJhbGciOiJIUzI1NiIsInR5cCI6IkpXVCJ9.eyJ1c2VySWQiOiJiYTBhMmI5Yi1jMDIzLTQzNjgtODJlYS1hMzQxYTc5OGNkZDQiLCJlbWFpbCI6ImpsZG9uaXNAY21kdi5jb20iLCJpYXQiOjE3NjU2NzE2NDksImV4cCI6MTc2ODI2MzY0OX0.Qzavckr4q5A97KZe93SD4J-ATkwmkoYnK7zCi-Vj8xQ","eyJhbGciOiJIUzI1NiIsInR5cCI6IkpXVCJ9.eyJ1c2VySWQiOiJiYTBhMmI5Yi1jMDIzLTQzNjgtODJlYS1hMzQxYTc5OGNkZDQiLCJlbWFpbCI6ImpsZG9uaXNAY21kdi5jb20iLCJpYXQiOjE3NjU2NzE2NDksImV4cCI6MTc2ODI2MzY0OX0.Qzavckr4q5A97KZe93SD4J-ATkwmkoYnK7zCi-Vj8xQ","2026-01-13 00:20:49.020 +00:00","2026-01-13 00:20:49.020 +00:00",false,"2025-12-14 00:20:49.023 +00:00","2025-12-14 00:20:49.023 +00:00"],"position":"143","routine":"checkInsertTargets","severity":"ERROR","sql":"INSERT INTO \"core\".\"jwt_tokens\" (\"id\",\"user_id\",\"token_hash\",\"refresh_token_hash\",\"expires_at\",\"refresh_expires_at\",\"is_revoked\",\"created_at\",\"updated_at\") VALUES ($1,$2,$3,$4,$5,$6,$7,$8,$9) RETURNING \"id\",\"user_id\",\"token_hash\",\"refresh_token_hash\",\"expires_at\",\"refresh_expires_at\",\"is_revoked\",\"revoked_at\",\"ip_address\",\"user_agent\",\"created_at\",\"updated_at\";"},"sql":"INSERT INTO \"core\".\"jwt_tokens\" (\"id\",\"user_id\",\"token_hash\",\"refresh_token_hash\",\"expires_at\",\"refresh_expires_at\",\"is_revoked\",\"created_at\",\"updated_at\") VALUES ($1,$2,$3,$4,$5,$6,$7,$8,$9) RETURNING \"id\",\"user_id\",\"token_hash\",\"refresh_token_hash\",\"expires_at\",\"refresh_expires_at\",\"is_revoked\",\"revoked_at\",\"ip_address\",\"user_agent\",\"created_at\",\"updated_at\";","timestamp":"2025-12-13 18:20:49:2049"}
{"level":"\u001b[37mdebug\u001b[39m","message":"\u001b[37mExecuting (default): UPDATE \"core\".\"users\" SET \"last_login\"=$1,\"updated_at\"=$2 WHERE \"id\" = $3\u001b[39m","timestamp":"2025-12-13 18:20:49:2049"}
{"level":"\u001b[32minfo\u001b[39m","message":"\u001b[32m\u001b[0mPOST /api/v1/auth/login \u001b[32m200\u001b[0m 619.423 ms - 748\u001b[0m\u001b[39m","timestamp":"2025-12-13 18:20:49:2049"}
{"level":"\u001b[32minfo\u001b[39m","message":"\u001b[32m\u001b[0mGET /api/v1/medical/packages \u001b[33m404\u001b[0m 0.937 ms - 162\u001b[0m\u001b[39m","timestamp":"2025-12-13 18:21:17:2117"}
{"level":"\u001b[32minfo\u001b[39m","message":"\u001b[32m🚀 Server is running on port 3000\u001b[39m","timestamp":"2025-12-13 18:23:31:2331"}
{"level":"\u001b[32minfo\u001b[39m","message":"\u001b[32m📚 API Documentation: http://localhost:3000/api-docs\u001b[39m","timestamp":"2025-12-13 18:23:31:2331"}
{"level":"\u001b[32minfo\u001b[39m","message":"\u001b[32m🔍 API v1: http://localhost:3000/api/v1\u001b[39m","timestamp":"2025-12-13 18:23:31:2331"}
{"level":"\u001b[32minfo\u001b[39m","message":"\u001b[32m❤️  Health check: http://localhost:3000/health\u001b[39m","timestamp":"2025-12-13 18:23:31:2331"}
{"level":"\u001b[37mdebug\u001b[39m","message":"\u001b[37mExecuting (default): SELECT 1+1 AS result\u001b[39m","timestamp":"2025-12-13 18:23:31:2331"}
{"level":"\u001b[32minfo\u001b[39m","message":"\u001b[32m✅ Database connection established successfully\u001b[39m","timestamp":"2025-12-13 18:23:31:2331"}
{"level":"\u001b[32minfo\u001b[39m","message":"\u001b[32m📊 Connected to: dev-cmdv@localhost\u001b[39m","timestamp":"2025-12-13 18:23:31:2331"}
{"level":"\u001b[32minfo\u001b[39m","message":"\u001b[32m\u001b[0mGET /api/v1/medical/packages \u001b[33m404\u001b[0m 1.587 ms - 162\u001b[0m\u001b[39m","timestamp":"2025-12-13 18:25:40:2540"}
{"level":"\u001b[32minfo\u001b[39m","message":"\u001b[32m\u001b[0mGET /api/v1/medical/packages \u001b[33m404\u001b[0m 0.966 ms - 162\u001b[0m\u001b[39m","timestamp":"2025-12-13 18:26:56:2656"}
{"level":"\u001b[32minfo\u001b[39m","message":"\u001b[32m\u001b[0mGET /api/v1/medical/packages \u001b[33m404\u001b[0m 1.071 ms - 162\u001b[0m\u001b[39m","timestamp":"2025-12-13 18:27:44:2744"}
{"level":"\u001b[32minfo\u001b[39m","message":"\u001b[32m🚀 Server is running on port 3000\u001b[39m","timestamp":"2025-12-13 18:32:23:3223"}
{"level":"\u001b[32minfo\u001b[39m","message":"\u001b[32m📚 API Documentation: http://localhost:3000/api-docs\u001b[39m","timestamp":"2025-12-13 18:32:23:3223"}
{"level":"\u001b[32minfo\u001b[39m","message":"\u001b[32m🔍 API v1: http://localhost:3000/api/v1\u001b[39m","timestamp":"2025-12-13 18:32:23:3223"}
{"level":"\u001b[32minfo\u001b[39m","message":"\u001b[32m❤️  Health check: http://localhost:3000/health\u001b[39m","timestamp":"2025-12-13 18:32:23:3223"}
{"level":"\u001b[37mdebug\u001b[39m","message":"\u001b[37mExecuting (default): SELECT 1+1 AS result\u001b[39m","timestamp":"2025-12-13 18:32:23:3223"}
{"level":"\u001b[32minfo\u001b[39m","message":"\u001b[32m✅ Database connection established successfully\u001b[39m","timestamp":"2025-12-13 18:32:23:3223"}
{"level":"\u001b[32minfo\u001b[39m","message":"\u001b[32m📊 Connected to: dev-cmdv@localhost\u001b[39m","timestamp":"2025-12-13 18:32:23:3223"}
{"level":"\u001b[32minfo\u001b[39m","message":"\u001b[32m🚀 Server is running on port 3000\u001b[39m","timestamp":"2025-12-13 18:33:00:330"}
{"level":"\u001b[32minfo\u001b[39m","message":"\u001b[32m📚 API Documentation: http://localhost:3000/api-docs\u001b[39m","timestamp":"2025-12-13 18:33:00:330"}
{"level":"\u001b[32minfo\u001b[39m","message":"\u001b[32m🔍 API v1: http://localhost:3000/api/v1\u001b[39m","timestamp":"2025-12-13 18:33:00:330"}
{"level":"\u001b[32minfo\u001b[39m","message":"\u001b[32m❤️  Health check: http://localhost:3000/health\u001b[39m","timestamp":"2025-12-13 18:33:00:330"}
{"level":"\u001b[37mdebug\u001b[39m","message":"\u001b[37mExecuting (default): SELECT 1+1 AS result\u001b[39m","timestamp":"2025-12-13 18:33:00:330"}
{"level":"\u001b[32minfo\u001b[39m","message":"\u001b[32m✅ Database connection established successfully\u001b[39m","timestamp":"2025-12-13 18:33:00:330"}
{"level":"\u001b[32minfo\u001b[39m","message":"\u001b[32m📊 Connected to: dev-cmdv@localhost\u001b[39m","timestamp":"2025-12-13 18:33:00:330"}
{"level":"\u001b[32minfo\u001b[39m","message":"\u001b[32m🚀 Server is running on port 3000\u001b[39m","timestamp":"2025-12-13 18:33:39:3339"}
{"level":"\u001b[32minfo\u001b[39m","message":"\u001b[32m📚 API Documentation: http://localhost:3000/api-docs\u001b[39m","timestamp":"2025-12-13 18:33:39:3339"}
{"level":"\u001b[32minfo\u001b[39m","message":"\u001b[32m🔍 API v1: http://localhost:3000/api/v1\u001b[39m","timestamp":"2025-12-13 18:33:39:3339"}
{"level":"\u001b[32minfo\u001b[39m","message":"\u001b[32m❤️  Health check: http://localhost:3000/health\u001b[39m","timestamp":"2025-12-13 18:33:39:3339"}
{"level":"\u001b[37mdebug\u001b[39m","message":"\u001b[37mExecuting (default): SELECT 1+1 AS result\u001b[39m","timestamp":"2025-12-13 18:33:39:3339"}
{"level":"\u001b[32minfo\u001b[39m","message":"\u001b[32m✅ Database connection established successfully\u001b[39m","timestamp":"2025-12-13 18:33:39:3339"}
{"level":"\u001b[32minfo\u001b[39m","message":"\u001b[32m📊 Connected to: dev-cmdv@localhost\u001b[39m","timestamp":"2025-12-13 18:33:39:3339"}
{"level":"\u001b[32minfo\u001b[39m","message":"\u001b[32m🚀 Server is running on port 3000\u001b[39m","timestamp":"2025-12-13 18:36:16:3616"}
{"level":"\u001b[32minfo\u001b[39m","message":"\u001b[32m📚 API Documentation: http://localhost:3000/api-docs\u001b[39m","timestamp":"2025-12-13 18:36:16:3616"}
{"level":"\u001b[32minfo\u001b[39m","message":"\u001b[32m🔍 API v1: http://localhost:3000/api/v1\u001b[39m","timestamp":"2025-12-13 18:36:16:3616"}
{"level":"\u001b[32minfo\u001b[39m","message":"\u001b[32m❤️  Health check: http://localhost:3000/health\u001b[39m","timestamp":"2025-12-13 18:36:16:3616"}
{"level":"\u001b[37mdebug\u001b[39m","message":"\u001b[37mExecuting (default): SELECT 1+1 AS result\u001b[39m","timestamp":"2025-12-13 18:36:17:3617"}
{"level":"\u001b[32minfo\u001b[39m","message":"\u001b[32m✅ Database connection established successfully\u001b[39m","timestamp":"2025-12-13 18:36:17:3617"}
{"level":"\u001b[32minfo\u001b[39m","message":"\u001b[32m📊 Connected to: dev-cmdv@localhost\u001b[39m","timestamp":"2025-12-13 18:36:17:3617"}
{"level":"\u001b[32minfo\u001b[39m","message":"\u001b[32m\u001b[0mGET /api/v1/medical/packages \u001b[33m404\u001b[0m 1.012 ms - 162\u001b[0m\u001b[39m","timestamp":"2025-12-13 18:37:24:3724"}
{"level":"\u001b[32minfo\u001b[39m","message":"\u001b[32m🚀 Server is running on port 3000\u001b[39m","timestamp":"2025-12-13 18:39:56:3956"}
{"level":"\u001b[32minfo\u001b[39m","message":"\u001b[32m📚 API Documentation: http://localhost:3000/api-docs\u001b[39m","timestamp":"2025-12-13 18:39:56:3956"}
{"level":"\u001b[32minfo\u001b[39m","message":"\u001b[32m🔍 API v1: http://localhost:3000/api/v1\u001b[39m","timestamp":"2025-12-13 18:39:56:3956"}
{"level":"\u001b[32minfo\u001b[39m","message":"\u001b[32m❤️  Health check: http://localhost:3000/health\u001b[39m","timestamp":"2025-12-13 18:39:56:3956"}
{"level":"\u001b[37mdebug\u001b[39m","message":"\u001b[37mExecuting (default): SELECT 1+1 AS result\u001b[39m","timestamp":"2025-12-13 18:39:56:3956"}
{"level":"\u001b[32minfo\u001b[39m","message":"\u001b[32m✅ Database connection established successfully\u001b[39m","timestamp":"2025-12-13 18:39:56:3956"}
{"level":"\u001b[32minfo\u001b[39m","message":"\u001b[32m📊 Connected to: dev-cmdv@localhost\u001b[39m","timestamp":"2025-12-13 18:39:56:3956"}
{"level":"\u001b[32minfo\u001b[39m","message":"\u001b[32m\u001b[0mGET /api/v1/medical/packages \u001b[33m404\u001b[0m 0.763 ms - 162\u001b[0m\u001b[39m","timestamp":"2025-12-13 18:40:02:402"}
{"level":"\u001b[37mdebug\u001b[39m","message":"\u001b[37mExecuting (default): SELECT count(\"case_files\".\"id\") AS \"count\" FROM \"medical\".\"case_files\" AS \"case_files\" LEFT OUTER JOIN \"medical\".\"patients\" AS \"patient\" ON \"case_files\".\"patient_id\" = \"patient\".\"id\" LEFT OUTER JOIN \"medical\".\"admission_types\" AS \"admissionType\" ON \"case_files\".\"admission_type_id\" = \"admissionType\".\"id\";\u001b[39m","timestamp":"2025-12-13 18:40:08:408"}
{"level":"\u001b[37mdebug\u001b[39m","message":"\u001b[37mExecuting (default): SELECT \"case_files\".\"id\", \"case_files\".\"case_number\", \"case_files\".\"patient_id\", \"case_files\".\"admission_date\", \"case_files\".\"discharge_date\", \"case_files\".\"admission_type\", \"case_files\".\"chief_complaint\", \"case_files\".\"initial_diagnosis\", \"case_files\".\"final_diagnosis\", \"case_files\".\"case_status\", \"case_files\".\"total_cost\", \"case_files\".\"shift_type\", \"case_files\".\"current_status_flow\", \"case_files\".\"is_transfer\", \"case_files\".\"transfer_from_case_id\", \"case_files\".\"notes\", \"case_files\".\"created_by\", \"case_files\".\"admission_type_id\", \"case_files\".\"created_at\" AS \"createdAt\", \"case_files\".\"updated_at\" AS \"updatedAt\", \"patient\".\"id\" AS \"patient.id\", \"patient\".\"first_name\" AS \"patient.first_name\", \"patient\".\"last_name\" AS \"patient.last_name\", \"admissionType\".\"id\" AS \"admissionType.id\", \"admissionType\".\"code\" AS \"admissionType.code\", \"admissionType\".\"name\" AS \"admissionType.name\" FROM \"medical\".\"case_files\" AS \"case_files\" LEFT OUTER JOIN \"medical\".\"patients\" AS \"patient\" ON \"case_files\".\"patient_id\" = \"patient\".\"id\" LEFT OUTER JOIN \"medical\".\"admission_types\" AS \"admissionType\" ON \"case_files\".\"admission_type_id\" = \"admissionType\".\"id\" ORDER BY \"case_files\".\"admission_date\" DESC LIMIT 10 OFFSET 0;\u001b[39m","timestamp":"2025-12-13 18:40:08:408"}
{"level":"\u001b[32minfo\u001b[39m","message":"\u001b[32m\u001b[0mGET /api/v1/medical/case-files/?page=1&limit=10 \u001b[32m200\u001b[0m 29.884 ms - 1634\u001b[0m\u001b[39m","timestamp":"2025-12-13 18:40:08:408"}
{"level":"\u001b[37mdebug\u001b[39m","message":"\u001b[37mExecuting (default): SELECT count(*) AS \"count\" FROM \"medical\".\"patients\" AS \"patients\" WHERE \"patients\".\"is_active\" = true;\u001b[39m","timestamp":"2025-12-13 18:40:19:4019"}
{"level":"\u001b[37mdebug\u001b[39m","message":"\u001b[37mExecuting (default): SELECT \"id\", \"file_number\", \"first_name\", \"last_name\", \"identification_number\", \"date_of_birth\", \"gender\", \"blood_type\", \"phone\", \"mobile\", \"email\", \"address\", \"city\", \"state\", \"zip_code\", \"emergency_contact_name\", \"emergency_contact_phone\", \"emergency_contact_relationship\", \"allergies\", \"chronic_conditions\", \"current_medications\", \"insurance_company\", \"insurance_policy_number\", \"is_active\", \"notes\", \"created_at\" AS \"createdAt\", \"updated_at\" AS \"updatedAt\" FROM \"medical\".\"patients\" AS \"patients\" WHERE \"patients\".\"is_active\" = true ORDER BY \"createdAt\" DESC LIMIT 50 OFFSET 0;\u001b[39m","timestamp":"2025-12-13 18:40:19:4019"}
{"level":"\u001b[32minfo\u001b[39m","message":"\u001b[32m\u001b[0mGET /api/v1/medical/patients/?page=1&limit=50 \u001b[32m200\u001b[0m 35.524 ms - 1778\u001b[0m\u001b[39m","timestamp":"2025-12-13 18:40:19:4019"}
{"level":"\u001b[32minfo\u001b[39m","message":"\u001b[32m\u001b[0mGET / \u001b[33m404\u001b[0m 96.443 ms - 139\u001b[0m\u001b[39m","timestamp":"2025-12-14 16:36:19:3619"}
{"level":"\u001b[32minfo\u001b[39m","message":"\u001b[32m\u001b[0mGET / \u001b[33m404\u001b[0m 10.218 ms - 139\u001b[0m\u001b[39m","timestamp":"2025-12-14 16:36:30:3630"}
{"level":"\u001b[37mdebug\u001b[39m","message":"\u001b[37mExecuting (default): SELECT \"id\", \"username\", \"email\", \"password_hash\", \"full_name\", \"role\", \"is_active\", \"last_login\", \"password_changed_at\", \"failed_login_attempts\", \"locked_until\", \"created_by\", \"updated_by\", \"created_at\", \"updated_at\" FROM \"core\".\"users\" AS \"users\" WHERE \"users\".\"email\" = 'jldonis@cmdv.com' AND \"users\".\"is_active\" = true AND \"users\".\"locked_until\" IS NULL;\u001b[39m","timestamp":"2025-12-14 16:38:45:3845"}
{"level":"\u001b[37mdebug\u001b[39m","message":"\u001b[37mExecuting (default): INSERT INTO \"core\".\"jwt_tokens\" (\"id\",\"user_id\",\"token_hash\",\"refresh_token_hash\",\"expires_at\",\"refresh_expires_at\",\"is_revoked\",\"created_at\",\"updated_at\") VALUES ($1,$2,$3,$4,$5,$6,$7,$8,$9) RETURNING \"id\",\"user_id\",\"token_hash\",\"refresh_token_hash\",\"expires_at\",\"refresh_expires_at\",\"is_revoked\",\"revoked_at\",\"ip_address\",\"user_agent\",\"created_at\",\"updated_at\";\u001b[39m","timestamp":"2025-12-14 16:38:46:3846"}
{"level":"\u001b[31merror\u001b[39m","message":"\u001b[31mError storing refresh token:\u001b[39m","name":"SequelizeDatabaseError","original":{"code":"42703","file":"parse_target.c","length":134,"line":"1066","name":"error","parameters":["6ae425a4-1259-4800-b7d2-464588ac2d83","ba0a2b9b-c023-4368-82ea-a341a798cdd4","eyJhbGciOiJIUzI1NiIsInR5cCI6IkpXVCJ9.eyJ1c2VySWQiOiJiYTBhMmI5Yi1jMDIzLTQzNjgtODJlYS1hMzQxYTc5OGNkZDQiLCJlbWFpbCI6ImpsZG9uaXNAY21kdi5jb20iLCJpYXQiOjE3NjU3NTE5MjYsImV4cCI6MTc2ODM0MzkyNn0.6FJP9scFd2_3-Y4ca5sWNRXxtJmE8RHWhk70atYIJfU","eyJhbGciOiJIUzI1NiIsInR5cCI6IkpXVCJ9.eyJ1c2VySWQiOiJiYTBhMmI5Yi1jMDIzLTQzNjgtODJlYS1hMzQxYTc5OGNkZDQiLCJlbWFpbCI6ImpsZG9uaXNAY21kdi5jb20iLCJpYXQiOjE3NjU3NTE5MjYsImV4cCI6MTc2ODM0MzkyNn0.6FJP9scFd2_3-Y4ca5sWNRXxtJmE8RHWhk70atYIJfU","2026-01-13 22:38:46.729 +00:00","2026-01-13 22:38:46.729 +00:00",false,"2025-12-14 22:38:46.781 +00:00","2025-12-14 22:38:46.781 +00:00"],"position":"143","routine":"checkInsertTargets","severity":"ERROR","sql":"INSERT INTO \"core\".\"jwt_tokens\" (\"id\",\"user_id\",\"token_hash\",\"refresh_token_hash\",\"expires_at\",\"refresh_expires_at\",\"is_revoked\",\"created_at\",\"updated_at\") VALUES ($1,$2,$3,$4,$5,$6,$7,$8,$9) RETURNING \"id\",\"user_id\",\"token_hash\",\"refresh_token_hash\",\"expires_at\",\"refresh_expires_at\",\"is_revoked\",\"revoked_at\",\"ip_address\",\"user_agent\",\"created_at\",\"updated_at\";"},"parameters":["6ae425a4-1259-4800-b7d2-464588ac2d83","ba0a2b9b-c023-4368-82ea-a341a798cdd4","eyJhbGciOiJIUzI1NiIsInR5cCI6IkpXVCJ9.eyJ1c2VySWQiOiJiYTBhMmI5Yi1jMDIzLTQzNjgtODJlYS1hMzQxYTc5OGNkZDQiLCJlbWFpbCI6ImpsZG9uaXNAY21kdi5jb20iLCJpYXQiOjE3NjU3NTE5MjYsImV4cCI6MTc2ODM0MzkyNn0.6FJP9scFd2_3-Y4ca5sWNRXxtJmE8RHWhk70atYIJfU","eyJhbGciOiJIUzI1NiIsInR5cCI6IkpXVCJ9.eyJ1c2VySWQiOiJiYTBhMmI5Yi1jMDIzLTQzNjgtODJlYS1hMzQxYTc5OGNkZDQiLCJlbWFpbCI6ImpsZG9uaXNAY21kdi5jb20iLCJpYXQiOjE3NjU3NTE5MjYsImV4cCI6MTc2ODM0MzkyNn0.6FJP9scFd2_3-Y4ca5sWNRXxtJmE8RHWhk70atYIJfU","2026-01-13 22:38:46.729 +00:00","2026-01-13 22:38:46.729 +00:00",false,"2025-12-14 22:38:46.781 +00:00","2025-12-14 22:38:46.781 +00:00"],"parent":{"code":"42703","file":"parse_target.c","length":134,"line":"1066","name":"error","parameters":["6ae425a4-1259-4800-b7d2-464588ac2d83","ba0a2b9b-c023-4368-82ea-a341a798cdd4","eyJhbGciOiJIUzI1NiIsInR5cCI6IkpXVCJ9.eyJ1c2VySWQiOiJiYTBhMmI5Yi1jMDIzLTQzNjgtODJlYS1hMzQxYTc5OGNkZDQiLCJlbWFpbCI6ImpsZG9uaXNAY21kdi5jb20iLCJpYXQiOjE3NjU3NTE5MjYsImV4cCI6MTc2ODM0MzkyNn0.6FJP9scFd2_3-Y4ca5sWNRXxtJmE8RHWhk70atYIJfU","eyJhbGciOiJIUzI1NiIsInR5cCI6IkpXVCJ9.eyJ1c2VySWQiOiJiYTBhMmI5Yi1jMDIzLTQzNjgtODJlYS1hMzQxYTc5OGNkZDQiLCJlbWFpbCI6ImpsZG9uaXNAY21kdi5jb20iLCJpYXQiOjE3NjU3NTE5MjYsImV4cCI6MTc2ODM0MzkyNn0.6FJP9scFd2_3-Y4ca5sWNRXxtJmE8RHWhk70atYIJfU","2026-01-13 22:38:46.729 +00:00","2026-01-13 22:38:46.729 +00:00",false,"2025-12-14 22:38:46.781 +00:00","2025-12-14 22:38:46.781 +00:00"],"position":"143","routine":"checkInsertTargets","severity":"ERROR","sql":"INSERT INTO \"core\".\"jwt_tokens\" (\"id\",\"user_id\",\"token_hash\",\"refresh_token_hash\",\"expires_at\",\"refresh_expires_at\",\"is_revoked\",\"created_at\",\"updated_at\") VALUES ($1,$2,$3,$4,$5,$6,$7,$8,$9) RETURNING \"id\",\"user_id\",\"token_hash\",\"refresh_token_hash\",\"expires_at\",\"refresh_expires_at\",\"is_revoked\",\"revoked_at\",\"ip_address\",\"user_agent\",\"created_at\",\"updated_at\";"},"sql":"INSERT INTO \"core\".\"jwt_tokens\" (\"id\",\"user_id\",\"token_hash\",\"refresh_token_hash\",\"expires_at\",\"refresh_expires_at\",\"is_revoked\",\"created_at\",\"updated_at\") VALUES ($1,$2,$3,$4,$5,$6,$7,$8,$9) RETURNING \"id\",\"user_id\",\"token_hash\",\"refresh_token_hash\",\"expires_at\",\"refresh_expires_at\",\"is_revoked\",\"revoked_at\",\"ip_address\",\"user_agent\",\"created_at\",\"updated_at\";","timestamp":"2025-12-14 16:38:47:3847"}
{"level":"\u001b[37mdebug\u001b[39m","message":"\u001b[37mExecuting (default): UPDATE \"core\".\"users\" SET \"last_login\"=$1,\"updated_at\"=$2 WHERE \"id\" = $3\u001b[39m","timestamp":"2025-12-14 16:38:47:3847"}
{"level":"\u001b[32minfo\u001b[39m","message":"\u001b[32m\u001b[0mPOST /api/v1/auth/login \u001b[32m200\u001b[0m 5696.028 ms - 748\u001b[0m\u001b[39m","timestamp":"2025-12-14 16:38:47:3847"}
{"level":"\u001b[37mdebug\u001b[39m","message":"\u001b[37mExecuting (default): SELECT \"id\", \"username\", \"email\", \"password_hash\", \"full_name\", \"role\", \"is_active\", \"last_login\", \"password_changed_at\", \"failed_login_attempts\", \"locked_until\", \"created_by\", \"updated_by\", \"created_at\", \"updated_at\" FROM \"core\".\"users\" AS \"users\" WHERE \"users\".\"email\" = 'jldonis@cmdv.com' AND \"users\".\"is_active\" = true AND \"users\".\"locked_until\" IS NULL;\u001b[39m","timestamp":"2025-12-14 16:39:36:3936"}
{"level":"\u001b[37mdebug\u001b[39m","message":"\u001b[37mExecuting (default): INSERT INTO \"core\".\"jwt_tokens\" (\"id\",\"user_id\",\"token_hash\",\"refresh_token_hash\",\"expires_at\",\"refresh_expires_at\",\"is_revoked\",\"created_at\",\"updated_at\") VALUES ($1,$2,$3,$4,$5,$6,$7,$8,$9) RETURNING \"id\",\"user_id\",\"token_hash\",\"refresh_token_hash\",\"expires_at\",\"refresh_expires_at\",\"is_revoked\",\"revoked_at\",\"ip_address\",\"user_agent\",\"created_at\",\"updated_at\";\u001b[39m","timestamp":"2025-12-14 16:39:36:3936"}
{"level":"\u001b[31merror\u001b[39m","message":"\u001b[31mError storing refresh token:\u001b[39m","name":"SequelizeDatabaseError","original":{"code":"42703","file":"parse_target.c","length":134,"line":"1066","name":"error","parameters":["d4c363e6-a463-4e7d-8af7-9473ccd98e5e","ba0a2b9b-c023-4368-82ea-a341a798cdd4","eyJhbGciOiJIUzI1NiIsInR5cCI6IkpXVCJ9.eyJ1c2VySWQiOiJiYTBhMmI5Yi1jMDIzLTQzNjgtODJlYS1hMzQxYTc5OGNkZDQiLCJlbWFpbCI6ImpsZG9uaXNAY21kdi5jb20iLCJpYXQiOjE3NjU3NTE5NzYsImV4cCI6MTc2ODM0Mzk3Nn0.8wsx5433hplcpxZPDvoDoc75u1FiRwHQpYlAv83t0yU","eyJhbGciOiJIUzI1NiIsInR5cCI6IkpXVCJ9.eyJ1c2VySWQiOiJiYTBhMmI5Yi1jMDIzLTQzNjgtODJlYS1hMzQxYTc5OGNkZDQiLCJlbWFpbCI6ImpsZG9uaXNAY21kdi5jb20iLCJpYXQiOjE3NjU3NTE5NzYsImV4cCI6MTc2ODM0Mzk3Nn0.8wsx5433hplcpxZPDvoDoc75u1FiRwHQpYlAv83t0yU","2026-01-13 22:39:36.475 +00:00","2026-01-13 22:39:36.475 +00:00",false,"2025-12-14 22:39:36.475 +00:00","2025-12-14 22:39:36.475 +00:00"],"position":"143","routine":"checkInsertTargets","severity":"ERROR","sql":"INSERT INTO \"core\".\"jwt_tokens\" (\"id\",\"user_id\",\"token_hash\",\"refresh_token_hash\",\"expires_at\",\"refresh_expires_at\",\"is_revoked\",\"created_at\",\"updated_at\") VALUES ($1,$2,$3,$4,$5,$6,$7,$8,$9) RETURNING \"id\",\"user_id\",\"token_hash\",\"refresh_token_hash\",\"expires_at\",\"refresh_expires_at\",\"is_revoked\",\"revoked_at\",\"ip_address\",\"user_agent\",\"created_at\",\"updated_at\";"},"parameters":["d4c363e6-a463-4e7d-8af7-9473ccd98e5e","ba0a2b9b-c023-4368-82ea-a341a798cdd4","eyJhbGciOiJIUzI1NiIsInR5cCI6IkpXVCJ9.eyJ1c2VySWQiOiJiYTBhMmI5Yi1jMDIzLTQzNjgtODJlYS1hMzQxYTc5OGNkZDQiLCJlbWFpbCI6ImpsZG9uaXNAY21kdi5jb20iLCJpYXQiOjE3NjU3NTE5NzYsImV4cCI6MTc2ODM0Mzk3Nn0.8wsx5433hplcpxZPDvoDoc75u1FiRwHQpYlAv83t0yU","eyJhbGciOiJIUzI1NiIsInR5cCI6IkpXVCJ9.eyJ1c2VySWQiOiJiYTBhMmI5Yi1jMDIzLTQzNjgtODJlYS1hMzQxYTc5OGNkZDQiLCJlbWFpbCI6ImpsZG9uaXNAY21kdi5jb20iLCJpYXQiOjE3NjU3NTE5NzYsImV4cCI6MTc2ODM0Mzk3Nn0.8wsx5433hplcpxZPDvoDoc75u1FiRwHQpYlAv83t0yU","2026-01-13 22:39:36.475 +00:00","2026-01-13 22:39:36.475 +00:00",false,"2025-12-14 22:39:36.475 +00:00","2025-12-14 22:39:36.475 +00:00"],"parent":{"code":"42703","file":"parse_target.c","length":134,"line":"1066","name":"error","parameters":["d4c363e6-a463-4e7d-8af7-9473ccd98e5e","ba0a2b9b-c023-4368-82ea-a341a798cdd4","eyJhbGciOiJIUzI1NiIsInR5cCI6IkpXVCJ9.eyJ1c2VySWQiOiJiYTBhMmI5Yi1jMDIzLTQzNjgtODJlYS1hMzQxYTc5OGNkZDQiLCJlbWFpbCI6ImpsZG9uaXNAY21kdi5jb20iLCJpYXQiOjE3NjU3NTE5NzYsImV4cCI6MTc2ODM0Mzk3Nn0.8wsx5433hplcpxZPDvoDoc75u1FiRwHQpYlAv83t0yU","eyJhbGciOiJIUzI1NiIsInR5cCI6IkpXVCJ9.eyJ1c2VySWQiOiJiYTBhMmI5Yi1jMDIzLTQzNjgtODJlYS1hMzQxYTc5OGNkZDQiLCJlbWFpbCI6ImpsZG9uaXNAY21kdi5jb20iLCJpYXQiOjE3NjU3NTE5NzYsImV4cCI6MTc2ODM0Mzk3Nn0.8wsx5433hplcpxZPDvoDoc75u1FiRwHQpYlAv83t0yU","2026-01-13 22:39:36.475 +00:00","2026-01-13 22:39:36.475 +00:00",false,"2025-12-14 22:39:36.475 +00:00","2025-12-14 22:39:36.475 +00:00"],"position":"143","routine":"checkInsertTargets","severity":"ERROR","sql":"INSERT INTO \"core\".\"jwt_tokens\" (\"id\",\"user_id\",\"token_hash\",\"refresh_token_hash\",\"expires_at\",\"refresh_expires_at\",\"is_revoked\",\"created_at\",\"updated_at\") VALUES ($1,$2,$3,$4,$5,$6,$7,$8,$9) RETURNING \"id\",\"user_id\",\"token_hash\",\"refresh_token_hash\",\"expires_at\",\"refresh_expires_at\",\"is_revoked\",\"revoked_at\",\"ip_address\",\"user_agent\",\"created_at\",\"updated_at\";"},"sql":"INSERT INTO \"core\".\"jwt_tokens\" (\"id\",\"user_id\",\"token_hash\",\"refresh_token_hash\",\"expires_at\",\"refresh_expires_at\",\"is_revoked\",\"created_at\",\"updated_at\") VALUES ($1,$2,$3,$4,$5,$6,$7,$8,$9) RETURNING \"id\",\"user_id\",\"token_hash\",\"refresh_token_hash\",\"expires_at\",\"refresh_expires_at\",\"is_revoked\",\"revoked_at\",\"ip_address\",\"user_agent\",\"created_at\",\"updated_at\";","timestamp":"2025-12-14 16:39:36:3936"}
{"level":"\u001b[37mdebug\u001b[39m","message":"\u001b[37mExecuting (default): UPDATE \"core\".\"users\" SET \"last_login\"=$1,\"updated_at\"=$2 WHERE \"id\" = $3\u001b[39m","timestamp":"2025-12-14 16:39:36:3936"}
{"level":"\u001b[32minfo\u001b[39m","message":"\u001b[32m\u001b[0mPOST /api/v1/auth/login \u001b[32m200\u001b[0m 936.808 ms - 748\u001b[0m\u001b[39m","timestamp":"2025-12-14 16:39:36:3936"}
{"level":"\u001b[37mdebug\u001b[39m","message":"\u001b[37mExecuting (default): SELECT \"id\", \"username\", \"email\", \"password_hash\", \"full_name\", \"role\", \"is_active\", \"last_login\", \"password_changed_at\", \"failed_login_attempts\", \"locked_until\", \"created_by\", \"updated_by\", \"created_at\", \"updated_at\" FROM \"core\".\"users\" AS \"users\" WHERE \"users\".\"email\" = 'jldonis@cmdv.com' AND \"users\".\"is_active\" = true AND \"users\".\"locked_until\" IS NULL;\u001b[39m","timestamp":"2025-12-14 16:40:08:408"}
{"level":"\u001b[37mdebug\u001b[39m","message":"\u001b[37mExecuting (default): INSERT INTO \"core\".\"jwt_tokens\" (\"id\",\"user_id\",\"token_hash\",\"refresh_token_hash\",\"expires_at\",\"refresh_expires_at\",\"is_revoked\",\"created_at\",\"updated_at\") VALUES ($1,$2,$3,$4,$5,$6,$7,$8,$9) RETURNING \"id\",\"user_id\",\"token_hash\",\"refresh_token_hash\",\"expires_at\",\"refresh_expires_at\",\"is_revoked\",\"revoked_at\",\"ip_address\",\"user_agent\",\"created_at\",\"updated_at\";\u001b[39m","timestamp":"2025-12-14 16:40:08:408"}
{"level":"\u001b[31merror\u001b[39m","message":"\u001b[31mError storing refresh token:\u001b[39m","name":"SequelizeDatabaseError","original":{"code":"42703","file":"parse_target.c","length":134,"line":"1066","name":"error","parameters":["8ddc5067-7b4b-42ca-9c5d-0dae9f0d7278","ba0a2b9b-c023-4368-82ea-a341a798cdd4","eyJhbGciOiJIUzI1NiIsInR5cCI6IkpXVCJ9.eyJ1c2VySWQiOiJiYTBhMmI5Yi1jMDIzLTQzNjgtODJlYS1hMzQxYTc5OGNkZDQiLCJlbWFpbCI6ImpsZG9uaXNAY21kdi5jb20iLCJpYXQiOjE3NjU3NTIwMDgsImV4cCI6MTc2ODM0NDAwOH0.VEsAYd0TxRBU9-mrcJtX4-f5VRswsnMi8pN9laDLcbM","eyJhbGciOiJIUzI1NiIsInR5cCI6IkpXVCJ9.eyJ1c2VySWQiOiJiYTBhMmI5Yi1jMDIzLTQzNjgtODJlYS1hMzQxYTc5OGNkZDQiLCJlbWFpbCI6ImpsZG9uaXNAY21kdi5jb20iLCJpYXQiOjE3NjU3NTIwMDgsImV4cCI6MTc2ODM0NDAwOH0.VEsAYd0TxRBU9-mrcJtX4-f5VRswsnMi8pN9laDLcbM","2026-01-13 22:40:08.380 +00:00","2026-01-13 22:40:08.380 +00:00",false,"2025-12-14 22:40:08.380 +00:00","2025-12-14 22:40:08.380 +00:00"],"position":"143","routine":"checkInsertTargets","severity":"ERROR","sql":"INSERT INTO \"core\".\"jwt_tokens\" (\"id\",\"user_id\",\"token_hash\",\"refresh_token_hash\",\"expires_at\",\"refresh_expires_at\",\"is_revoked\",\"created_at\",\"updated_at\") VALUES ($1,$2,$3,$4,$5,$6,$7,$8,$9) RETURNING \"id\",\"user_id\",\"token_hash\",\"refresh_token_hash\",\"expires_at\",\"refresh_expires_at\",\"is_revoked\",\"revoked_at\",\"ip_address\",\"user_agent\",\"created_at\",\"updated_at\";"},"parameters":["8ddc5067-7b4b-42ca-9c5d-0dae9f0d7278","ba0a2b9b-c023-4368-82ea-a341a798cdd4","eyJhbGciOiJIUzI1NiIsInR5cCI6IkpXVCJ9.eyJ1c2VySWQiOiJiYTBhMmI5Yi1jMDIzLTQzNjgtODJlYS1hMzQxYTc5OGNkZDQiLCJlbWFpbCI6ImpsZG9uaXNAY21kdi5jb20iLCJpYXQiOjE3NjU3NTIwMDgsImV4cCI6MTc2ODM0NDAwOH0.VEsAYd0TxRBU9-mrcJtX4-f5VRswsnMi8pN9laDLcbM","eyJhbGciOiJIUzI1NiIsInR5cCI6IkpXVCJ9.eyJ1c2VySWQiOiJiYTBhMmI5Yi1jMDIzLTQzNjgtODJlYS1hMzQxYTc5OGNkZDQiLCJlbWFpbCI6ImpsZG9uaXNAY21kdi5jb20iLCJpYXQiOjE3NjU3NTIwMDgsImV4cCI6MTc2ODM0NDAwOH0.VEsAYd0TxRBU9-mrcJtX4-f5VRswsnMi8pN9laDLcbM","2026-01-13 22:40:08.380 +00:00","2026-01-13 22:40:08.380 +00:00",false,"2025-12-14 22:40:08.380 +00:00","2025-12-14 22:40:08.380 +00:00"],"parent":{"code":"42703","file":"parse_target.c","length":134,"line":"1066","name":"error","parameters":["8ddc5067-7b4b-42ca-9c5d-0dae9f0d7278","ba0a2b9b-c023-4368-82ea-a341a798cdd4","eyJhbGciOiJIUzI1NiIsInR5cCI6IkpXVCJ9.eyJ1c2VySWQiOiJiYTBhMmI5Yi1jMDIzLTQzNjgtODJlYS1hMzQxYTc5OGNkZDQiLCJlbWFpbCI6ImpsZG9uaXNAY21kdi5jb20iLCJpYXQiOjE3NjU3NTIwMDgsImV4cCI6MTc2ODM0NDAwOH0.VEsAYd0TxRBU9-mrcJtX4-f5VRswsnMi8pN9laDLcbM","eyJhbGciOiJIUzI1NiIsInR5cCI6IkpXVCJ9.eyJ1c2VySWQiOiJiYTBhMmI5Yi1jMDIzLTQzNjgtODJlYS1hMzQxYTc5OGNkZDQiLCJlbWFpbCI6ImpsZG9uaXNAY21kdi5jb20iLCJpYXQiOjE3NjU3NTIwMDgsImV4cCI6MTc2ODM0NDAwOH0.VEsAYd0TxRBU9-mrcJtX4-f5VRswsnMi8pN9laDLcbM","2026-01-13 22:40:08.380 +00:00","2026-01-13 22:40:08.380 +00:00",false,"2025-12-14 22:40:08.380 +00:00","2025-12-14 22:40:08.380 +00:00"],"position":"143","routine":"checkInsertTargets","severity":"ERROR","sql":"INSERT INTO \"core\".\"jwt_tokens\" (\"id\",\"user_id\",\"token_hash\",\"refresh_token_hash\",\"expires_at\",\"refresh_expires_at\",\"is_revoked\",\"created_at\",\"updated_at\") VALUES ($1,$2,$3,$4,$5,$6,$7,$8,$9) RETURNING \"id\",\"user_id\",\"token_hash\",\"refresh_token_hash\",\"expires_at\",\"refresh_expires_at\",\"is_revoked\",\"revoked_at\",\"ip_address\",\"user_agent\",\"created_at\",\"updated_at\";"},"sql":"INSERT INTO \"core\".\"jwt_tokens\" (\"id\",\"user_id\",\"token_hash\",\"refresh_token_hash\",\"expires_at\",\"refresh_expires_at\",\"is_revoked\",\"created_at\",\"updated_at\") VALUES ($1,$2,$3,$4,$5,$6,$7,$8,$9) RETURNING \"id\",\"user_id\",\"token_hash\",\"refresh_token_hash\",\"expires_at\",\"refresh_expires_at\",\"is_revoked\",\"revoked_at\",\"ip_address\",\"user_agent\",\"created_at\",\"updated_at\";","timestamp":"2025-12-14 16:40:08:408"}
{"level":"\u001b[37mdebug\u001b[39m","message":"\u001b[37mExecuting (default): UPDATE \"core\".\"users\" SET \"last_login\"=$1,\"updated_at\"=$2 WHERE \"id\" = $3\u001b[39m","timestamp":"2025-12-14 16:40:08:408"}
{"level":"\u001b[32minfo\u001b[39m","message":"\u001b[32m\u001b[0mPOST /api/v1/auth/login \u001b[32m200\u001b[0m 1142.118 ms - 748\u001b[0m\u001b[39m","timestamp":"2025-12-14 16:40:08:408"}
{"level":"\u001b[32minfo\u001b[39m","message":"\u001b[32m🚀 Server is running on port 3001\u001b[39m","timestamp":"2025-12-14 22:26:52:2652"}
{"level":"\u001b[32minfo\u001b[39m","message":"\u001b[32m📚 API Documentation: http://localhost:3001/api-docs\u001b[39m","timestamp":"2025-12-14 22:26:52:2652"}
{"level":"\u001b[32minfo\u001b[39m","message":"\u001b[32m🔍 API v1: http://localhost:3001/api/v1\u001b[39m","timestamp":"2025-12-14 22:26:52:2652"}
{"level":"\u001b[32minfo\u001b[39m","message":"\u001b[32m❤️  Health check: http://localhost:3001/health\u001b[39m","timestamp":"2025-12-14 22:26:52:2652"}
{"level":"\u001b[37mdebug\u001b[39m","message":"\u001b[37mExecuting (default): SELECT 1+1 AS result\u001b[39m","timestamp":"2025-12-14 22:26:52:2652"}
{"level":"\u001b[32minfo\u001b[39m","message":"\u001b[32m✅ Database connection established successfully\u001b[39m","timestamp":"2025-12-14 22:26:52:2652"}
{"level":"\u001b[32minfo\u001b[39m","message":"\u001b[32m📊 Connected to: dev-cmdv@localhost\u001b[39m","timestamp":"2025-12-14 22:26:52:2652"}
{"level":"\u001b[32minfo\u001b[39m","message":"\u001b[32m🚀 Server is running on port 3001\u001b[39m","timestamp":"2025-12-14 22:27:34:2734"}
{"level":"\u001b[32minfo\u001b[39m","message":"\u001b[32m📚 API Documentation: http://localhost:3001/api-docs\u001b[39m","timestamp":"2025-12-14 22:27:34:2734"}
{"level":"\u001b[32minfo\u001b[39m","message":"\u001b[32m🔍 API v1: http://localhost:3001/api/v1\u001b[39m","timestamp":"2025-12-14 22:27:34:2734"}
{"level":"\u001b[32minfo\u001b[39m","message":"\u001b[32m❤️  Health check: http://localhost:3001/health\u001b[39m","timestamp":"2025-12-14 22:27:34:2734"}
{"level":"\u001b[37mdebug\u001b[39m","message":"\u001b[37mExecuting (default): SELECT 1+1 AS result\u001b[39m","timestamp":"2025-12-14 22:27:34:2734"}
{"level":"\u001b[32minfo\u001b[39m","message":"\u001b[32m✅ Database connection established successfully\u001b[39m","timestamp":"2025-12-14 22:27:34:2734"}
{"level":"\u001b[32minfo\u001b[39m","message":"\u001b[32m📊 Connected to: dev-cmdv@localhost\u001b[39m","timestamp":"2025-12-14 22:27:34:2734"}
{"level":"\u001b[32minfo\u001b[39m","message":"\u001b[32m🚀 Server is running on port 3002\u001b[39m","timestamp":"2025-12-14 22:29:18:2918"}
{"level":"\u001b[32minfo\u001b[39m","message":"\u001b[32m📚 API Documentation: http://localhost:3002/api-docs\u001b[39m","timestamp":"2025-12-14 22:29:18:2918"}
{"level":"\u001b[32minfo\u001b[39m","message":"\u001b[32m🔍 API v1: http://localhost:3002/api/v1\u001b[39m","timestamp":"2025-12-14 22:29:18:2918"}
{"level":"\u001b[32minfo\u001b[39m","message":"\u001b[32m❤️  Health check: http://localhost:3002/health\u001b[39m","timestamp":"2025-12-14 22:29:18:2918"}
{"level":"\u001b[37mdebug\u001b[39m","message":"\u001b[37mExecuting (default): SELECT 1+1 AS result\u001b[39m","timestamp":"2025-12-14 22:29:18:2918"}
{"level":"\u001b[32minfo\u001b[39m","message":"\u001b[32m✅ Database connection established successfully\u001b[39m","timestamp":"2025-12-14 22:29:18:2918"}
{"level":"\u001b[32minfo\u001b[39m","message":"\u001b[32m📊 Connected to: dev-cmdv@localhost\u001b[39m","timestamp":"2025-12-14 22:29:18:2918"}
{"level":"\u001b[32minfo\u001b[39m","message":"\u001b[32m\u001b[0mGET /api/v1/users/users \u001b[31m500\u001b[0m 46.918 ms - 190\u001b[0m\u001b[39m","timestamp":"2025-12-14 22:29:45:2945"}
{"level":"\u001b[37mdebug\u001b[39m","message":"\u001b[37mExecuting (default): SELECT count(*) AS \"count\" FROM \"core\".\"users\" AS \"users\";\u001b[39m","timestamp":"2025-12-14 22:29:45:2945"}
{"level":"\u001b[37mdebug\u001b[39m","message":"\u001b[37mExecuting (default): SELECT count(*) AS \"count\" FROM \"core\".\"users\" AS \"users\" WHERE \"users\".\"is_active\" = true;\u001b[39m","timestamp":"2025-12-14 22:29:45:2945"}
{"level":"\u001b[37mdebug\u001b[39m","message":"\u001b[37mExecuting (default): SELECT count(*) AS \"count\" FROM \"core\".\"users\" AS \"users\" WHERE \"users\".\"is_active\" = false;\u001b[39m","timestamp":"2025-12-14 22:29:45:2945"}
{"level":"\u001b[37mdebug\u001b[39m","message":"\u001b[37mExecuting (default): SELECT count(*) AS \"count\" FROM \"core\".\"users\" AS \"users\" WHERE \"users\".\"role\" = 'admin';\u001b[39m","timestamp":"2025-12-14 22:29:45:2945"}
{"level":"\u001b[32minfo\u001b[39m","message":"\u001b[32m🚀 Server is running on port 3002\u001b[39m","timestamp":"2025-12-14 22:33:19:3319"}
{"level":"\u001b[32minfo\u001b[39m","message":"\u001b[32m📚 API Documentation: http://localhost:3002/api-docs\u001b[39m","timestamp":"2025-12-14 22:33:19:3319"}
{"level":"\u001b[32minfo\u001b[39m","message":"\u001b[32m🔍 API v1: http://localhost:3002/api/v1\u001b[39m","timestamp":"2025-12-14 22:33:19:3319"}
{"level":"\u001b[32minfo\u001b[39m","message":"\u001b[32m❤️  Health check: http://localhost:3002/health\u001b[39m","timestamp":"2025-12-14 22:33:19:3319"}
{"level":"\u001b[37mdebug\u001b[39m","message":"\u001b[37mExecuting (default): SELECT 1+1 AS result\u001b[39m","timestamp":"2025-12-14 22:33:19:3319"}
{"level":"\u001b[32minfo\u001b[39m","message":"\u001b[32m✅ Database connection established successfully\u001b[39m","timestamp":"2025-12-14 22:33:19:3319"}
{"level":"\u001b[32minfo\u001b[39m","message":"\u001b[32m📊 Connected to: dev-cmdv@localhost\u001b[39m","timestamp":"2025-12-14 22:33:19:3319"}
{"level":"\u001b[37mdebug\u001b[39m","message":"\u001b[37mExecuting (default): SELECT count(*) AS \"count\" FROM \"core\".\"users\" AS \"users\";\u001b[39m","timestamp":"2025-12-14 22:33:22:3322"}
{"level":"\u001b[32minfo\u001b[39m","message":"\u001b[32m\u001b[0mGET /api/v1/users/users \u001b[31m500\u001b[0m 26.523 ms - 232\u001b[0m\u001b[39m","timestamp":"2025-12-14 22:33:22:3322"}
{"level":"\u001b[37mdebug\u001b[39m","message":"\u001b[37mExecuting (default): SELECT count(*) AS \"count\" FROM \"core\".\"users\" AS \"users\" WHERE \"users\".\"is_active\" = true;\u001b[39m","timestamp":"2025-12-14 22:33:22:3322"}
{"level":"\u001b[37mdebug\u001b[39m","message":"\u001b[37mExecuting (default): SELECT count(*) AS \"count\" FROM \"core\".\"users\" AS \"users\" WHERE \"users\".\"is_active\" = false;\u001b[39m","timestamp":"2025-12-14 22:33:22:3322"}
{"level":"\u001b[37mdebug\u001b[39m","message":"\u001b[37mExecuting (default): SELECT count(*) AS \"count\" FROM \"core\".\"users\" AS \"users\" WHERE \"users\".\"role\" = 'admin';\u001b[39m","timestamp":"2025-12-14 22:33:22:3322"}
{"level":"\u001b[32minfo\u001b[39m","message":"\u001b[32m🚀 Server is running on port 3002\u001b[39m","timestamp":"2025-12-14 22:36:15:3615"}
{"level":"\u001b[32minfo\u001b[39m","message":"\u001b[32m📚 API Documentation: http://localhost:3002/api-docs\u001b[39m","timestamp":"2025-12-14 22:36:15:3615"}
{"level":"\u001b[32minfo\u001b[39m","message":"\u001b[32m🔍 API v1: http://localhost:3002/api/v1\u001b[39m","timestamp":"2025-12-14 22:36:15:3615"}
{"level":"\u001b[32minfo\u001b[39m","message":"\u001b[32m❤️  Health check: http://localhost:3002/health\u001b[39m","timestamp":"2025-12-14 22:36:15:3615"}
{"level":"\u001b[37mdebug\u001b[39m","message":"\u001b[37mExecuting (default): SELECT 1+1 AS result\u001b[39m","timestamp":"2025-12-14 22:36:15:3615"}
{"level":"\u001b[32minfo\u001b[39m","message":"\u001b[32m✅ Database connection established successfully\u001b[39m","timestamp":"2025-12-14 22:36:15:3615"}
{"level":"\u001b[32minfo\u001b[39m","message":"\u001b[32m📊 Connected to: dev-cmdv@localhost\u001b[39m","timestamp":"2025-12-14 22:36:15:3615"}
{"level":"\u001b[32minfo\u001b[39m","message":"\u001b[32m🚀 Server is running on port 3002\u001b[39m","timestamp":"2025-12-14 22:36:59:3659"}
{"level":"\u001b[32minfo\u001b[39m","message":"\u001b[32m📚 API Documentation: http://localhost:3002/api-docs\u001b[39m","timestamp":"2025-12-14 22:36:59:3659"}
{"level":"\u001b[32minfo\u001b[39m","message":"\u001b[32m🔍 API v1: http://localhost:3002/api/v1\u001b[39m","timestamp":"2025-12-14 22:36:59:3659"}
{"level":"\u001b[32minfo\u001b[39m","message":"\u001b[32m❤️  Health check: http://localhost:3002/health\u001b[39m","timestamp":"2025-12-14 22:36:59:3659"}
{"level":"\u001b[37mdebug\u001b[39m","message":"\u001b[37mExecuting (default): SELECT 1+1 AS result\u001b[39m","timestamp":"2025-12-14 22:36:59:3659"}
{"level":"\u001b[32minfo\u001b[39m","message":"\u001b[32m✅ Database connection established successfully\u001b[39m","timestamp":"2025-12-14 22:36:59:3659"}
{"level":"\u001b[32minfo\u001b[39m","message":"\u001b[32m📊 Connected to: dev-cmdv@localhost\u001b[39m","timestamp":"2025-12-14 22:36:59:3659"}
{"level":"\u001b[32minfo\u001b[39m","message":"\u001b[32m🚀 Server is running on port 3002\u001b[39m","timestamp":"2025-12-14 22:40:22:4022"}
{"level":"\u001b[32minfo\u001b[39m","message":"\u001b[32m📚 API Documentation: http://localhost:3002/api-docs\u001b[39m","timestamp":"2025-12-14 22:40:22:4022"}
{"level":"\u001b[32minfo\u001b[39m","message":"\u001b[32m🔍 API v1: http://localhost:3002/api/v1\u001b[39m","timestamp":"2025-12-14 22:40:22:4022"}
{"level":"\u001b[32minfo\u001b[39m","message":"\u001b[32m❤️  Health check: http://localhost:3002/health\u001b[39m","timestamp":"2025-12-14 22:40:22:4022"}
{"level":"\u001b[37mdebug\u001b[39m","message":"\u001b[37mExecuting (default): SELECT 1+1 AS result\u001b[39m","timestamp":"2025-12-14 22:40:22:4022"}
{"level":"\u001b[32minfo\u001b[39m","message":"\u001b[32m✅ Database connection established successfully\u001b[39m","timestamp":"2025-12-14 22:40:22:4022"}
{"level":"\u001b[32minfo\u001b[39m","message":"\u001b[32m📊 Connected to: dev-cmdv@localhost\u001b[39m","timestamp":"2025-12-14 22:40:22:4022"}
{"level":"\u001b[37mdebug\u001b[39m","message":"\u001b[37mExecuting (default): SELECT count(*) AS \"count\" FROM \"core\".\"users\" AS \"users\";\u001b[39m","timestamp":"2025-12-14 22:40:29:4029"}
{"level":"\u001b[37mdebug\u001b[39m","message":"\u001b[37mExecuting (default): SELECT count(*) AS \"count\" FROM \"core\".\"users\" AS \"users\" WHERE \"users\".\"is_active\" = true;\u001b[39m","timestamp":"2025-12-14 22:40:29:4029"}
{"level":"\u001b[37mdebug\u001b[39m","message":"\u001b[37mExecuting (default): SELECT count(*) AS \"count\" FROM \"core\".\"users\" AS \"users\" WHERE \"users\".\"is_active\" = false;\u001b[39m","timestamp":"2025-12-14 22:40:29:4029"}
{"level":"\u001b[37mdebug\u001b[39m","message":"\u001b[37mExecuting (default): SELECT count(*) AS \"count\" FROM \"core\".\"users\" AS \"users\" WHERE \"users\".\"role\" = 'admin';\u001b[39m","timestamp":"2025-12-14 22:40:29:4029"}
{"level":"\u001b[37mdebug\u001b[39m","message":"\u001b[37mExecuting (default): SELECT \"id\", \"username\", \"email\", \"full_name\", \"role\", \"is_active\", \"last_login\", \"password_changed_at\", \"failed_login_attempts\", \"locked_until\", \"created_by\", \"updated_by\", \"created_at\", \"updated_at\" FROM \"core\".\"users\" AS \"users\" ORDER BY \"users\".\"created_at\" DESC LIMIT 20 OFFSET 0;\u001b[39m","timestamp":"2025-12-14 22:40:29:4029"}
{"level":"\u001b[37mdebug\u001b[39m","message":"\u001b[37mExecuting (default): SELECT \"role_permissions\".\"id\", \"role_permissions\".\"role\", \"role_permissions\".\"permission_id\", \"role_permissions\".\"granted_at\", \"role_permissions\".\"granted_by\", \"permission\".\"id\" AS \"permission.id\", \"permission\".\"name\" AS \"permission.name\", \"permission\".\"description\" AS \"permission.description\" FROM \"core\".\"role_permissions\" AS \"role_permissions\" LEFT OUTER JOIN \"core\".\"permissions\" AS \"permission\" ON \"role_permissions\".\"permission_id\" = \"permission\".\"id\" WHERE \"role_permissions\".\"role\" = 'doctor';\u001b[39m","timestamp":"2025-12-14 22:40:29:4029"}
{"level":"\u001b[37mdebug\u001b[39m","message":"\u001b[37mExecuting (default): SELECT \"role_permissions\".\"id\", \"role_permissions\".\"role\", \"role_permissions\".\"permission_id\", \"role_permissions\".\"granted_at\", \"role_permissions\".\"granted_by\", \"permission\".\"id\" AS \"permission.id\", \"permission\".\"name\" AS \"permission.name\", \"permission\".\"description\" AS \"permission.description\" FROM \"core\".\"role_permissions\" AS \"role_permissions\" LEFT OUTER JOIN \"core\".\"permissions\" AS \"permission\" ON \"role_permissions\".\"permission_id\" = \"permission\".\"id\" WHERE \"role_permissions\".\"role\" = 'doctor';\u001b[39m","timestamp":"2025-12-14 22:40:29:4029"}
{"level":"\u001b[37mdebug\u001b[39m","message":"\u001b[37mExecuting (default): SELECT \"role_permissions\".\"id\", \"role_permissions\".\"role\", \"role_permissions\".\"permission_id\", \"role_permissions\".\"granted_at\", \"role_permissions\".\"granted_by\", \"permission\".\"id\" AS \"permission.id\", \"permission\".\"name\" AS \"permission.name\", \"permission\".\"description\" AS \"permission.description\" FROM \"core\".\"role_permissions\" AS \"role_permissions\" LEFT OUTER JOIN \"core\".\"permissions\" AS \"permission\" ON \"role_permissions\".\"permission_id\" = \"permission\".\"id\" WHERE \"role_permissions\".\"role\" = 'doctor';\u001b[39m","timestamp":"2025-12-14 22:40:29:4029"}
{"level":"\u001b[37mdebug\u001b[39m","message":"\u001b[37mExecuting (default): SELECT \"role_permissions\".\"id\", \"role_permissions\".\"role\", \"role_permissions\".\"permission_id\", \"role_permissions\".\"granted_at\", \"role_permissions\".\"granted_by\", \"permission\".\"id\" AS \"permission.id\", \"permission\".\"name\" AS \"permission.name\", \"permission\".\"description\" AS \"permission.description\" FROM \"core\".\"role_permissions\" AS \"role_permissions\" LEFT OUTER JOIN \"core\".\"permissions\" AS \"permission\" ON \"role_permissions\".\"permission_id\" = \"permission\".\"id\" WHERE \"role_permissions\".\"role\" = 'doctor';\u001b[39m","timestamp":"2025-12-14 22:40:29:4029"}
{"level":"\u001b[37mdebug\u001b[39m","message":"\u001b[37mExecuting (default): SELECT \"role_permissions\".\"id\", \"role_permissions\".\"role\", \"role_permissions\".\"permission_id\", \"role_permissions\".\"granted_at\", \"role_permissions\".\"granted_by\", \"permission\".\"id\" AS \"permission.id\", \"permission\".\"name\" AS \"permission.name\", \"permission\".\"description\" AS \"permission.description\" FROM \"core\".\"role_permissions\" AS \"role_permissions\" LEFT OUTER JOIN \"core\".\"permissions\" AS \"permission\" ON \"role_permissions\".\"permission_id\" = \"permission\".\"id\" WHERE \"role_permissions\".\"role\" = 'doctor';\u001b[39m","timestamp":"2025-12-14 22:40:29:4029"}
{"level":"\u001b[37mdebug\u001b[39m","message":"\u001b[37mExecuting (default): SELECT \"role_permissions\".\"id\", \"role_permissions\".\"role\", \"role_permissions\".\"permission_id\", \"role_permissions\".\"granted_at\", \"role_permissions\".\"granted_by\", \"permission\".\"id\" AS \"permission.id\", \"permission\".\"name\" AS \"permission.name\", \"permission\".\"description\" AS \"permission.description\" FROM \"core\".\"role_permissions\" AS \"role_permissions\" LEFT OUTER JOIN \"core\".\"permissions\" AS \"permission\" ON \"role_permissions\".\"permission_id\" = \"permission\".\"id\" WHERE \"role_permissions\".\"role\" = 'warehouse_manager';\u001b[39m","timestamp":"2025-12-14 22:40:29:4029"}
{"level":"\u001b[37mdebug\u001b[39m","message":"\u001b[37mExecuting (default): SELECT \"role_permissions\".\"id\", \"role_permissions\".\"role\", \"role_permissions\".\"permission_id\", \"role_permissions\".\"granted_at\", \"role_permissions\".\"granted_by\", \"permission\".\"id\" AS \"permission.id\", \"permission\".\"name\" AS \"permission.name\", \"permission\".\"description\" AS \"permission.description\" FROM \"core\".\"role_permissions\" AS \"role_permissions\" LEFT OUTER JOIN \"core\".\"permissions\" AS \"permission\" ON \"role_permissions\".\"permission_id\" = \"permission\".\"id\" WHERE \"role_permissions\".\"role\" = 'doctor';\u001b[39m","timestamp":"2025-12-14 22:40:29:4029"}
{"level":"\u001b[37mdebug\u001b[39m","message":"\u001b[37mExecuting (default): SELECT \"role_permissions\".\"id\", \"role_permissions\".\"role\", \"role_permissions\".\"permission_id\", \"role_permissions\".\"granted_at\", \"role_permissions\".\"granted_by\", \"permission\".\"id\" AS \"permission.id\", \"permission\".\"name\" AS \"permission.name\", \"permission\".\"description\" AS \"permission.description\" FROM \"core\".\"role_permissions\" AS \"role_permissions\" LEFT OUTER JOIN \"core\".\"permissions\" AS \"permission\" ON \"role_permissions\".\"permission_id\" = \"permission\".\"id\" WHERE \"role_permissions\".\"role\" = 'doctor';\u001b[39m","timestamp":"2025-12-14 22:40:29:4029"}
{"level":"\u001b[37mdebug\u001b[39m","message":"\u001b[37mExecuting (default): SELECT \"role_permissions\".\"id\", \"role_permissions\".\"role\", \"role_permissions\".\"permission_id\", \"role_permissions\".\"granted_at\", \"role_permissions\".\"granted_by\", \"permission\".\"id\" AS \"permission.id\", \"permission\".\"name\" AS \"permission.name\", \"permission\".\"description\" AS \"permission.description\" FROM \"core\".\"role_permissions\" AS \"role_permissions\" LEFT OUTER JOIN \"core\".\"permissions\" AS \"permission\" ON \"role_permissions\".\"permission_id\" = \"permission\".\"id\" WHERE \"role_permissions\".\"role\" = 'admin';\u001b[39m","timestamp":"2025-12-14 22:40:29:4029"}
{"level":"\u001b[37mdebug\u001b[39m","message":"\u001b[37mExecuting (default): SELECT \"role_permissions\".\"id\", \"role_permissions\".\"role\", \"role_permissions\".\"permission_id\", \"role_permissions\".\"granted_at\", \"role_permissions\".\"granted_by\", \"permission\".\"id\" AS \"permission.id\", \"permission\".\"name\" AS \"permission.name\", \"permission\".\"description\" AS \"permission.description\" FROM \"core\".\"role_permissions\" AS \"role_permissions\" LEFT OUTER JOIN \"core\".\"permissions\" AS \"permission\" ON \"role_permissions\".\"permission_id\" = \"permission\".\"id\" WHERE \"role_permissions\".\"role\" = 'super_admin';\u001b[39m","timestamp":"2025-12-14 22:40:29:4029"}
{"level":"\u001b[32minfo\u001b[39m","message":"\u001b[32m\u001b[0mGET /api/v1/users/users \u001b[32m200\u001b[0m 350.216 ms - 112540\u001b[0m\u001b[39m","timestamp":"2025-12-14 22:40:29:4029"}
{"level":"\u001b[32minfo\u001b[39m","message":"\u001b[32m🚀 Server is running on port 3002\u001b[39m","timestamp":"2025-12-14 22:42:15:4215"}
{"level":"\u001b[32minfo\u001b[39m","message":"\u001b[32m📚 API Documentation: http://localhost:3002/api-docs\u001b[39m","timestamp":"2025-12-14 22:42:15:4215"}
{"level":"\u001b[32minfo\u001b[39m","message":"\u001b[32m🔍 API v1: http://localhost:3002/api/v1\u001b[39m","timestamp":"2025-12-14 22:42:15:4215"}
{"level":"\u001b[32minfo\u001b[39m","message":"\u001b[32m❤️  Health check: http://localhost:3002/health\u001b[39m","timestamp":"2025-12-14 22:42:15:4215"}
{"level":"\u001b[37mdebug\u001b[39m","message":"\u001b[37mExecuting (default): SELECT 1+1 AS result\u001b[39m","timestamp":"2025-12-14 22:42:15:4215"}
{"level":"\u001b[32minfo\u001b[39m","message":"\u001b[32m✅ Database connection established successfully\u001b[39m","timestamp":"2025-12-14 22:42:15:4215"}
{"level":"\u001b[32minfo\u001b[39m","message":"\u001b[32m📊 Connected to: dev-cmdv@localhost\u001b[39m","timestamp":"2025-12-14 22:42:15:4215"}
{"level":"\u001b[32minfo\u001b[39m","message":"\u001b[32m🚀 Server is running on port 3002\u001b[39m","timestamp":"2026-01-05 21:34:01:341"}
{"level":"\u001b[32minfo\u001b[39m","message":"\u001b[32m📚 API Documentation: http://localhost:3002/api-docs\u001b[39m","timestamp":"2026-01-05 21:34:01:341"}
{"level":"\u001b[32minfo\u001b[39m","message":"\u001b[32m🔍 API v1: http://localhost:3002/api/v1\u001b[39m","timestamp":"2026-01-05 21:34:01:341"}
{"level":"\u001b[32minfo\u001b[39m","message":"\u001b[32m❤️  Health check: http://localhost:3002/health\u001b[39m","timestamp":"2026-01-05 21:34:01:341"}
{"level":"\u001b[37mdebug\u001b[39m","message":"\u001b[37mExecuting (default): SELECT 1+1 AS result\u001b[39m","timestamp":"2026-01-05 21:34:01:341"}
{"level":"\u001b[32minfo\u001b[39m","message":"\u001b[32m✅ Database connection established successfully\u001b[39m","timestamp":"2026-01-05 21:34:01:341"}
{"level":"\u001b[32minfo\u001b[39m","message":"\u001b[32m📊 Connected to: dev-cmdv@localhost\u001b[39m","timestamp":"2026-01-05 21:34:01:341"}
{"level":"\u001b[32minfo\u001b[39m","message":"\u001b[32m\u001b[0mGET /api/v1/config/global-parameters \u001b[33m401\u001b[0m 11.097 ms - 54\u001b[0m\u001b[39m","timestamp":"2026-01-05 21:34:25:3425"}
{"level":"\u001b[37mdebug\u001b[39m","message":"\u001b[37mExecuting (default): SELECT \"id\", \"username\", \"email\", \"password_hash\", \"full_name\", \"role\", \"is_active\", \"last_login\", \"password_changed_at\", \"failed_login_attempts\", \"locked_until\", \"created_by\", \"updated_by\", \"created_at\", \"updated_at\" FROM \"core\".\"users\" AS \"users\" WHERE \"users\".\"email\" = 'jldonis@cmdv.com' AND \"users\".\"is_active\" = true AND \"users\".\"locked_until\" IS NULL;\u001b[39m","timestamp":"2026-01-05 21:34:40:3440"}
{"level":"\u001b[37mdebug\u001b[39m","message":"\u001b[37mExecuting (default): INSERT INTO \"core\".\"jwt_tokens\" (\"id\",\"user_id\",\"token_hash\",\"refresh_token_hash\",\"expires_at\",\"refresh_expires_at\",\"is_revoked\",\"created_at\",\"updated_at\") VALUES ($1,$2,$3,$4,$5,$6,$7,$8,$9) RETURNING \"id\",\"user_id\",\"token_hash\",\"refresh_token_hash\",\"expires_at\",\"refresh_expires_at\",\"is_revoked\",\"revoked_at\",\"ip_address\",\"user_agent\",\"created_at\",\"updated_at\";\u001b[39m","timestamp":"2026-01-05 21:34:40:3440"}
{"level":"\u001b[31merror\u001b[39m","message":"\u001b[31mError storing refresh token:\u001b[39m","name":"SequelizeDatabaseError","original":{"code":"42703","file":"parse_target.c","length":134,"line":"1066","name":"error","parameters":["e4e66128-e2bb-46e4-a31d-83f669f2af64","ba0a2b9b-c023-4368-82ea-a341a798cdd4","eyJhbGciOiJIUzI1NiIsInR5cCI6IkpXVCJ9.eyJ1c2VySWQiOiJiYTBhMmI5Yi1jMDIzLTQzNjgtODJlYS1hMzQxYTc5OGNkZDQiLCJlbWFpbCI6ImpsZG9uaXNAY21kdi5jb20iLCJpYXQiOjE3Njc2NzA0ODAsImV4cCI6MTc3MDI2MjQ4MH0.vk9l51ZC17FNBT_O-6pbpXD_USvhtAOvcQZfvE4JeWI","eyJhbGciOiJIUzI1NiIsInR5cCI6IkpXVCJ9.eyJ1c2VySWQiOiJiYTBhMmI5Yi1jMDIzLTQzNjgtODJlYS1hMzQxYTc5OGNkZDQiLCJlbWFpbCI6ImpsZG9uaXNAY21kdi5jb20iLCJpYXQiOjE3Njc2NzA0ODAsImV4cCI6MTc3MDI2MjQ4MH0.vk9l51ZC17FNBT_O-6pbpXD_USvhtAOvcQZfvE4JeWI","2026-02-05 03:34:40.677 +00:00","2026-02-05 03:34:40.677 +00:00",false,"2026-01-06 03:34:40.679 +00:00","2026-01-06 03:34:40.679 +00:00"],"position":"143","routine":"checkInsertTargets","severity":"ERROR","sql":"INSERT INTO \"core\".\"jwt_tokens\" (\"id\",\"user_id\",\"token_hash\",\"refresh_token_hash\",\"expires_at\",\"refresh_expires_at\",\"is_revoked\",\"created_at\",\"updated_at\") VALUES ($1,$2,$3,$4,$5,$6,$7,$8,$9) RETURNING \"id\",\"user_id\",\"token_hash\",\"refresh_token_hash\",\"expires_at\",\"refresh_expires_at\",\"is_revoked\",\"revoked_at\",\"ip_address\",\"user_agent\",\"created_at\",\"updated_at\";"},"parameters":["e4e66128-e2bb-46e4-a31d-83f669f2af64","ba0a2b9b-c023-4368-82ea-a341a798cdd4","eyJhbGciOiJIUzI1NiIsInR5cCI6IkpXVCJ9.eyJ1c2VySWQiOiJiYTBhMmI5Yi1jMDIzLTQzNjgtODJlYS1hMzQxYTc5OGNkZDQiLCJlbWFpbCI6ImpsZG9uaXNAY21kdi5jb20iLCJpYXQiOjE3Njc2NzA0ODAsImV4cCI6MTc3MDI2MjQ4MH0.vk9l51ZC17FNBT_O-6pbpXD_USvhtAOvcQZfvE4JeWI","eyJhbGciOiJIUzI1NiIsInR5cCI6IkpXVCJ9.eyJ1c2VySWQiOiJiYTBhMmI5Yi1jMDIzLTQzNjgtODJlYS1hMzQxYTc5OGNkZDQiLCJlbWFpbCI6ImpsZG9uaXNAY21kdi5jb20iLCJpYXQiOjE3Njc2NzA0ODAsImV4cCI6MTc3MDI2MjQ4MH0.vk9l51ZC17FNBT_O-6pbpXD_USvhtAOvcQZfvE4JeWI","2026-02-05 03:34:40.677 +00:00","2026-02-05 03:34:40.677 +00:00",false,"2026-01-06 03:34:40.679 +00:00","2026-01-06 03:34:40.679 +00:00"],"parent":{"code":"42703","file":"parse_target.c","length":134,"line":"1066","name":"error","parameters":["e4e66128-e2bb-46e4-a31d-83f669f2af64","ba0a2b9b-c023-4368-82ea-a341a798cdd4","eyJhbGciOiJIUzI1NiIsInR5cCI6IkpXVCJ9.eyJ1c2VySWQiOiJiYTBhMmI5Yi1jMDIzLTQzNjgtODJlYS1hMzQxYTc5OGNkZDQiLCJlbWFpbCI6ImpsZG9uaXNAY21kdi5jb20iLCJpYXQiOjE3Njc2NzA0ODAsImV4cCI6MTc3MDI2MjQ4MH0.vk9l51ZC17FNBT_O-6pbpXD_USvhtAOvcQZfvE4JeWI","eyJhbGciOiJIUzI1NiIsInR5cCI6IkpXVCJ9.eyJ1c2VySWQiOiJiYTBhMmI5Yi1jMDIzLTQzNjgtODJlYS1hMzQxYTc5OGNkZDQiLCJlbWFpbCI6ImpsZG9uaXNAY21kdi5jb20iLCJpYXQiOjE3Njc2NzA0ODAsImV4cCI6MTc3MDI2MjQ4MH0.vk9l51ZC17FNBT_O-6pbpXD_USvhtAOvcQZfvE4JeWI","2026-02-05 03:34:40.677 +00:00","2026-02-05 03:34:40.677 +00:00",false,"2026-01-06 03:34:40.679 +00:00","2026-01-06 03:34:40.679 +00:00"],"position":"143","routine":"checkInsertTargets","severity":"ERROR","sql":"INSERT INTO \"core\".\"jwt_tokens\" (\"id\",\"user_id\",\"token_hash\",\"refresh_token_hash\",\"expires_at\",\"refresh_expires_at\",\"is_revoked\",\"created_at\",\"updated_at\") VALUES ($1,$2,$3,$4,$5,$6,$7,$8,$9) RETURNING \"id\",\"user_id\",\"token_hash\",\"refresh_token_hash\",\"expires_at\",\"refresh_expires_at\",\"is_revoked\",\"revoked_at\",\"ip_address\",\"user_agent\",\"created_at\",\"updated_at\";"},"sql":"INSERT INTO \"core\".\"jwt_tokens\" (\"id\",\"user_id\",\"token_hash\",\"refresh_token_hash\",\"expires_at\",\"refresh_expires_at\",\"is_revoked\",\"created_at\",\"updated_at\") VALUES ($1,$2,$3,$4,$5,$6,$7,$8,$9) RETURNING \"id\",\"user_id\",\"token_hash\",\"refresh_token_hash\",\"expires_at\",\"refresh_expires_at\",\"is_revoked\",\"revoked_at\",\"ip_address\",\"user_agent\",\"created_at\",\"updated_at\";","timestamp":"2026-01-05 21:34:40:3440"}
{"level":"\u001b[37mdebug\u001b[39m","message":"\u001b[37mExecuting (default): UPDATE \"core\".\"users\" SET \"last_login\"=$1,\"updated_at\"=$2 WHERE \"id\" = $3\u001b[39m","timestamp":"2026-01-05 21:34:40:3440"}
{"level":"\u001b[32minfo\u001b[39m","message":"\u001b[32m\u001b[0mPOST /api/v1/auth/login \u001b[32m200\u001b[0m 284.479 ms - 748\u001b[0m\u001b[39m","timestamp":"2026-01-05 21:34:40:3440"}
{"level":"\u001b[37mdebug\u001b[39m","message":"\u001b[37mExecuting (default): SELECT count(*) AS \"count\" FROM \"config\".\"global_parameters\" AS \"global_parameters\";\u001b[39m","timestamp":"2026-01-05 21:34:57:3457"}
{"level":"\u001b[37mdebug\u001b[39m","message":"\u001b[37mExecuting (default): SELECT \"id\", \"category\", \"parameter_key\", \"parameter_value\", \"data_type\", \"display_name\", \"description\", \"is_editable\", \"is_visible\", \"sort_order\", \"updated_by\" FROM \"config\".\"global_parameters\" AS \"global_parameters\" ORDER BY \"global_parameters\".\"name\" ASC LIMIT 50 OFFSET 0;\u001b[39m","timestamp":"2026-01-05 21:34:57:3457"}
{"level":"\u001b[31merror\u001b[39m","message":"\u001b[31mError finding global parameters:\u001b[39m","name":"SequelizeDatabaseError","original":{"code":"42703","file":"parse_relation.c","length":121,"line":"3722","name":"error","position":"228","routine":"errorMissingColumn","severity":"ERROR","sql":"SELECT \"id\", \"category\", \"parameter_key\", \"parameter_value\", \"data_type\", \"display_name\", \"description\", \"is_editable\", \"is_visible\", \"sort_order\", \"updated_by\" FROM \"config\".\"global_parameters\" AS \"global_parameters\" ORDER BY \"global_parameters\".\"name\" ASC LIMIT 50 OFFSET 0;"},"parameters":{},"parent":{"code":"42703","file":"parse_relation.c","length":121,"line":"3722","name":"error","position":"228","routine":"errorMissingColumn","severity":"ERROR","sql":"SELECT \"id\", \"category\", \"parameter_key\", \"parameter_value\", \"data_type\", \"display_name\", \"description\", \"is_editable\", \"is_visible\", \"sort_order\", \"updated_by\" FROM \"config\".\"global_parameters\" AS \"global_parameters\" ORDER BY \"global_parameters\".\"name\" ASC LIMIT 50 OFFSET 0;"},"sql":"SELECT \"id\", \"category\", \"parameter_key\", \"parameter_value\", \"data_type\", \"display_name\", \"description\", \"is_editable\", \"is_visible\", \"sort_order\", \"updated_by\" FROM \"config\".\"global_parameters\" AS \"global_parameters\" ORDER BY \"global_parameters\".\"name\" ASC LIMIT 50 OFFSET 0;","timestamp":"2026-01-05 21:34:57:3457"}
{"level":"\u001b[32minfo\u001b[39m","message":"\u001b[32m\u001b[0mGET /api/v1/config/global-parameters \u001b[31m500\u001b[0m 196.951 ms - 189\u001b[0m\u001b[39m","timestamp":"2026-01-05 21:34:57:3457"}
{"level":"\u001b[32minfo\u001b[39m","message":"\u001b[32m🚀 Server is running on port 3002\u001b[39m","timestamp":"2026-01-05 21:36:22:3622"}
{"level":"\u001b[32minfo\u001b[39m","message":"\u001b[32m📚 API Documentation: http://localhost:3002/api-docs\u001b[39m","timestamp":"2026-01-05 21:36:22:3622"}
{"level":"\u001b[32minfo\u001b[39m","message":"\u001b[32m🔍 API v1: http://localhost:3002/api/v1\u001b[39m","timestamp":"2026-01-05 21:36:22:3622"}
{"level":"\u001b[32minfo\u001b[39m","message":"\u001b[32m❤️  Health check: http://localhost:3002/health\u001b[39m","timestamp":"2026-01-05 21:36:22:3622"}
{"level":"\u001b[37mdebug\u001b[39m","message":"\u001b[37mExecuting (default): SELECT 1+1 AS result\u001b[39m","timestamp":"2026-01-05 21:36:22:3622"}
{"level":"\u001b[32minfo\u001b[39m","message":"\u001b[32m✅ Database connection established successfully\u001b[39m","timestamp":"2026-01-05 21:36:22:3622"}
{"level":"\u001b[32minfo\u001b[39m","message":"\u001b[32m📊 Connected to: dev-cmdv@localhost\u001b[39m","timestamp":"2026-01-05 21:36:22:3622"}
{"level":"\u001b[37mdebug\u001b[39m","message":"\u001b[37mExecuting (default): SELECT count(*) AS \"count\" FROM \"config\".\"global_parameters\" AS \"global_parameters\";\u001b[39m","timestamp":"2026-01-05 21:36:25:3625"}
{"level":"\u001b[37mdebug\u001b[39m","message":"\u001b[37mExecuting (default): SELECT \"id\", \"category\", \"parameter_key\", \"parameter_value\", \"data_type\", \"display_name\", \"description\", \"is_editable\", \"is_visible\", \"sort_order\", \"updated_by\" FROM \"config\".\"global_parameters\" AS \"global_parameters\" ORDER BY \"global_parameters\".\"category\" ASC, \"global_parameters\".\"sort_order\" ASC LIMIT 50 OFFSET 0;\u001b[39m","timestamp":"2026-01-05 21:36:25:3625"}
{"level":"\u001b[32minfo\u001b[39m","message":"\u001b[32m\u001b[0mGET /api/v1/config/global-parameters \u001b[32m200\u001b[0m 45.946 ms - 8269\u001b[0m\u001b[39m","timestamp":"2026-01-05 21:36:25:3625"}
{"level":"\u001b[32minfo\u001b[39m","message":"\u001b[32m\u001b[0mGET /api/v1/users/users \u001b[33m401\u001b[0m 1.632 ms - 54\u001b[0m\u001b[39m","timestamp":"2026-01-05 21:40:27:4027"}
{"level":"\u001b[32minfo\u001b[39m","message":"\u001b[32m\u001b[0mGET /api/v1/users/users \u001b[33m401\u001b[0m 1.057 ms - 54\u001b[0m\u001b[39m","timestamp":"2026-01-05 21:40:27:4027"}
{"level":"\u001b[37mdebug\u001b[39m","message":"\u001b[37mExecuting (default): SELECT \"id\", \"username\", \"email\", \"password_hash\", \"full_name\", \"role\", \"is_active\", \"last_login\", \"password_changed_at\", \"failed_login_attempts\", \"locked_until\", \"created_by\", \"updated_by\", \"created_at\", \"updated_at\" FROM \"core\".\"users\" AS \"users\" WHERE \"users\".\"email\" = 'jldonis@cmdv.com' AND \"users\".\"is_active\" = true AND \"users\".\"locked_until\" IS NULL;\u001b[39m","timestamp":"2026-01-05 21:40:47:4047"}
{"level":"\u001b[37mdebug\u001b[39m","message":"\u001b[37mExecuting (default): INSERT INTO \"core\".\"jwt_tokens\" (\"id\",\"user_id\",\"token_hash\",\"refresh_token_hash\",\"expires_at\",\"refresh_expires_at\",\"is_revoked\",\"created_at\",\"updated_at\") VALUES ($1,$2,$3,$4,$5,$6,$7,$8,$9) RETURNING \"id\",\"user_id\",\"token_hash\",\"refresh_token_hash\",\"expires_at\",\"refresh_expires_at\",\"is_revoked\",\"revoked_at\",\"ip_address\",\"user_agent\",\"created_at\",\"updated_at\";\u001b[39m","timestamp":"2026-01-05 21:40:47:4047"}
{"level":"\u001b[31merror\u001b[39m","message":"\u001b[31mError storing refresh token:\u001b[39m","name":"SequelizeDatabaseError","original":{"code":"42703","file":"parse_target.c","length":134,"line":"1066","name":"error","parameters":["a1d4e23e-d479-4b47-8b7c-b621747e8f74","ba0a2b9b-c023-4368-82ea-a341a798cdd4","eyJhbGciOiJIUzI1NiIsInR5cCI6IkpXVCJ9.eyJ1c2VySWQiOiJiYTBhMmI5Yi1jMDIzLTQzNjgtODJlYS1hMzQxYTc5OGNkZDQiLCJlbWFpbCI6ImpsZG9uaXNAY21kdi5jb20iLCJpYXQiOjE3Njc2NzA4NDcsImV4cCI6MTc3MDI2Mjg0N30.jxdc_bprwZSlyZYsbkbBe11HIeTRHPgPo8zqjsk0EcM","eyJhbGciOiJIUzI1NiIsInR5cCI6IkpXVCJ9.eyJ1c2VySWQiOiJiYTBhMmI5Yi1jMDIzLTQzNjgtODJlYS1hMzQxYTc5OGNkZDQiLCJlbWFpbCI6ImpsZG9uaXNAY21kdi5jb20iLCJpYXQiOjE3Njc2NzA4NDcsImV4cCI6MTc3MDI2Mjg0N30.jxdc_bprwZSlyZYsbkbBe11HIeTRHPgPo8zqjsk0EcM","2026-02-05 03:40:47.242 +00:00","2026-02-05 03:40:47.242 +00:00",false,"2026-01-06 03:40:47.243 +00:00","2026-01-06 03:40:47.243 +00:00"],"position":"143","routine":"checkInsertTargets","severity":"ERROR","sql":"INSERT INTO \"core\".\"jwt_tokens\" (\"id\",\"user_id\",\"token_hash\",\"refresh_token_hash\",\"expires_at\",\"refresh_expires_at\",\"is_revoked\",\"created_at\",\"updated_at\") VALUES ($1,$2,$3,$4,$5,$6,$7,$8,$9) RETURNING \"id\",\"user_id\",\"token_hash\",\"refresh_token_hash\",\"expires_at\",\"refresh_expires_at\",\"is_revoked\",\"revoked_at\",\"ip_address\",\"user_agent\",\"created_at\",\"updated_at\";"},"parameters":["a1d4e23e-d479-4b47-8b7c-b621747e8f74","ba0a2b9b-c023-4368-82ea-a341a798cdd4","eyJhbGciOiJIUzI1NiIsInR5cCI6IkpXVCJ9.eyJ1c2VySWQiOiJiYTBhMmI5Yi1jMDIzLTQzNjgtODJlYS1hMzQxYTc5OGNkZDQiLCJlbWFpbCI6ImpsZG9uaXNAY21kdi5jb20iLCJpYXQiOjE3Njc2NzA4NDcsImV4cCI6MTc3MDI2Mjg0N30.jxdc_bprwZSlyZYsbkbBe11HIeTRHPgPo8zqjsk0EcM","eyJhbGciOiJIUzI1NiIsInR5cCI6IkpXVCJ9.eyJ1c2VySWQiOiJiYTBhMmI5Yi1jMDIzLTQzNjgtODJlYS1hMzQxYTc5OGNkZDQiLCJlbWFpbCI6ImpsZG9uaXNAY21kdi5jb20iLCJpYXQiOjE3Njc2NzA4NDcsImV4cCI6MTc3MDI2Mjg0N30.jxdc_bprwZSlyZYsbkbBe11HIeTRHPgPo8zqjsk0EcM","2026-02-05 03:40:47.242 +00:00","2026-02-05 03:40:47.242 +00:00",false,"2026-01-06 03:40:47.243 +00:00","2026-01-06 03:40:47.243 +00:00"],"parent":{"code":"42703","file":"parse_target.c","length":134,"line":"1066","name":"error","parameters":["a1d4e23e-d479-4b47-8b7c-b621747e8f74","ba0a2b9b-c023-4368-82ea-a341a798cdd4","eyJhbGciOiJIUzI1NiIsInR5cCI6IkpXVCJ9.eyJ1c2VySWQiOiJiYTBhMmI5Yi1jMDIzLTQzNjgtODJlYS1hMzQxYTc5OGNkZDQiLCJlbWFpbCI6ImpsZG9uaXNAY21kdi5jb20iLCJpYXQiOjE3Njc2NzA4NDcsImV4cCI6MTc3MDI2Mjg0N30.jxdc_bprwZSlyZYsbkbBe11HIeTRHPgPo8zqjsk0EcM","eyJhbGciOiJIUzI1NiIsInR5cCI6IkpXVCJ9.eyJ1c2VySWQiOiJiYTBhMmI5Yi1jMDIzLTQzNjgtODJlYS1hMzQxYTc5OGNkZDQiLCJlbWFpbCI6ImpsZG9uaXNAY21kdi5jb20iLCJpYXQiOjE3Njc2NzA4NDcsImV4cCI6MTc3MDI2Mjg0N30.jxdc_bprwZSlyZYsbkbBe11HIeTRHPgPo8zqjsk0EcM","2026-02-05 03:40:47.242 +00:00","2026-02-05 03:40:47.242 +00:00",false,"2026-01-06 03:40:47.243 +00:00","2026-01-06 03:40:47.243 +00:00"],"position":"143","routine":"checkInsertTargets","severity":"ERROR","sql":"INSERT INTO \"core\".\"jwt_tokens\" (\"id\",\"user_id\",\"token_hash\",\"refresh_token_hash\",\"expires_at\",\"refresh_expires_at\",\"is_revoked\",\"created_at\",\"updated_at\") VALUES ($1,$2,$3,$4,$5,$6,$7,$8,$9) RETURNING \"id\",\"user_id\",\"token_hash\",\"refresh_token_hash\",\"expires_at\",\"refresh_expires_at\",\"is_revoked\",\"revoked_at\",\"ip_address\",\"user_agent\",\"created_at\",\"updated_at\";"},"sql":"INSERT INTO \"core\".\"jwt_tokens\" (\"id\",\"user_id\",\"token_hash\",\"refresh_token_hash\",\"expires_at\",\"refresh_expires_at\",\"is_revoked\",\"created_at\",\"updated_at\") VALUES ($1,$2,$3,$4,$5,$6,$7,$8,$9) RETURNING \"id\",\"user_id\",\"token_hash\",\"refresh_token_hash\",\"expires_at\",\"refresh_expires_at\",\"is_revoked\",\"revoked_at\",\"ip_address\",\"user_agent\",\"created_at\",\"updated_at\";","timestamp":"2026-01-05 21:40:47:4047"}
{"level":"\u001b[37mdebug\u001b[39m","message":"\u001b[37mExecuting (default): UPDATE \"core\".\"users\" SET \"last_login\"=$1,\"updated_at\"=$2 WHERE \"id\" = $3\u001b[39m","timestamp":"2026-01-05 21:40:47:4047"}
{"level":"\u001b[32minfo\u001b[39m","message":"\u001b[32m\u001b[0mPOST /api/v1/auth/login \u001b[32m200\u001b[0m 192.124 ms - 748\u001b[0m\u001b[39m","timestamp":"2026-01-05 21:40:47:4047"}
{"level":"\u001b[37mdebug\u001b[39m","message":"\u001b[37mExecuting (default): SELECT count(*) AS \"count\" FROM \"core\".\"users\" AS \"users\";\u001b[39m","timestamp":"2026-01-05 21:40:50:4050"}
{"level":"\u001b[37mdebug\u001b[39m","message":"\u001b[37mExecuting (default): SELECT count(*) AS \"count\" FROM \"core\".\"users\" AS \"users\" WHERE \"users\".\"is_active\" = true;\u001b[39m","timestamp":"2026-01-05 21:40:50:4050"}
{"level":"\u001b[37mdebug\u001b[39m","message":"\u001b[37mExecuting (default): SELECT count(*) AS \"count\" FROM \"core\".\"users\" AS \"users\" WHERE \"users\".\"is_active\" = false;\u001b[39m","timestamp":"2026-01-05 21:40:50:4050"}
{"level":"\u001b[37mdebug\u001b[39m","message":"\u001b[37mExecuting (default): SELECT count(*) AS \"count\" FROM \"core\".\"users\" AS \"users\" WHERE \"users\".\"role\" = 'admin';\u001b[39m","timestamp":"2026-01-05 21:40:50:4050"}
{"level":"\u001b[37mdebug\u001b[39m","message":"\u001b[37mExecuting (default): SELECT \"id\", \"username\", \"email\", \"full_name\", \"role\", \"is_active\", \"last_login\", \"password_changed_at\", \"failed_login_attempts\", \"locked_until\", \"created_by\", \"updated_by\", \"created_at\", \"updated_at\" FROM \"core\".\"users\" AS \"users\" ORDER BY \"users\".\"created_at\" DESC LIMIT 20 OFFSET 0;\u001b[39m","timestamp":"2026-01-05 21:40:50:4050"}
{"level":"\u001b[37mdebug\u001b[39m","message":"\u001b[37mExecuting (default): SELECT \"role_permissions\".\"id\", \"role_permissions\".\"role\", \"role_permissions\".\"permission_id\", \"role_permissions\".\"granted_at\", \"role_permissions\".\"granted_by\", \"permission\".\"id\" AS \"permission.id\", \"permission\".\"name\" AS \"permission.name\", \"permission\".\"description\" AS \"permission.description\" FROM \"core\".\"role_permissions\" AS \"role_permissions\" LEFT OUTER JOIN \"core\".\"permissions\" AS \"permission\" ON \"role_permissions\".\"permission_id\" = \"permission\".\"id\" WHERE \"role_permissions\".\"role\" = 'doctor';\u001b[39m","timestamp":"2026-01-05 21:40:50:4050"}
{"level":"\u001b[37mdebug\u001b[39m","message":"\u001b[37mExecuting (default): SELECT \"role_permissions\".\"id\", \"role_permissions\".\"role\", \"role_permissions\".\"permission_id\", \"role_permissions\".\"granted_at\", \"role_permissions\".\"granted_by\", \"permission\".\"id\" AS \"permission.id\", \"permission\".\"name\" AS \"permission.name\", \"permission\".\"description\" AS \"permission.description\" FROM \"core\".\"role_permissions\" AS \"role_permissions\" LEFT OUTER JOIN \"core\".\"permissions\" AS \"permission\" ON \"role_permissions\".\"permission_id\" = \"permission\".\"id\" WHERE \"role_permissions\".\"role\" = 'doctor';\u001b[39m","timestamp":"2026-01-05 21:40:50:4050"}
{"level":"\u001b[37mdebug\u001b[39m","message":"\u001b[37mExecuting (default): SELECT \"role_permissions\".\"id\", \"role_permissions\".\"role\", \"role_permissions\".\"permission_id\", \"role_permissions\".\"granted_at\", \"role_permissions\".\"granted_by\", \"permission\".\"id\" AS \"permission.id\", \"permission\".\"name\" AS \"permission.name\", \"permission\".\"description\" AS \"permission.description\" FROM \"core\".\"role_permissions\" AS \"role_permissions\" LEFT OUTER JOIN \"core\".\"permissions\" AS \"permission\" ON \"role_permissions\".\"permission_id\" = \"permission\".\"id\" WHERE \"role_permissions\".\"role\" = 'doctor';\u001b[39m","timestamp":"2026-01-05 21:40:50:4050"}
{"level":"\u001b[37mdebug\u001b[39m","message":"\u001b[37mExecuting (default): SELECT \"role_permissions\".\"id\", \"role_permissions\".\"role\", \"role_permissions\".\"permission_id\", \"role_permissions\".\"granted_at\", \"role_permissions\".\"granted_by\", \"permission\".\"id\" AS \"permission.id\", \"permission\".\"name\" AS \"permission.name\", \"permission\".\"description\" AS \"permission.description\" FROM \"core\".\"role_permissions\" AS \"role_permissions\" LEFT OUTER JOIN \"core\".\"permissions\" AS \"permission\" ON \"role_permissions\".\"permission_id\" = \"permission\".\"id\" WHERE \"role_permissions\".\"role\" = 'doctor';\u001b[39m","timestamp":"2026-01-05 21:40:50:4050"}
{"level":"\u001b[37mdebug\u001b[39m","message":"\u001b[37mExecuting (default): SELECT \"role_permissions\".\"id\", \"role_permissions\".\"role\", \"role_permissions\".\"permission_id\", \"role_permissions\".\"granted_at\", \"role_permissions\".\"granted_by\", \"permission\".\"id\" AS \"permission.id\", \"permission\".\"name\" AS \"permission.name\", \"permission\".\"description\" AS \"permission.description\" FROM \"core\".\"role_permissions\" AS \"role_permissions\" LEFT OUTER JOIN \"core\".\"permissions\" AS \"permission\" ON \"role_permissions\".\"permission_id\" = \"permission\".\"id\" WHERE \"role_permissions\".\"role\" = 'doctor';\u001b[39m","timestamp":"2026-01-05 21:40:50:4050"}
{"level":"\u001b[37mdebug\u001b[39m","message":"\u001b[37mExecuting (default): SELECT \"role_permissions\".\"id\", \"role_permissions\".\"role\", \"role_permissions\".\"permission_id\", \"role_permissions\".\"granted_at\", \"role_permissions\".\"granted_by\", \"permission\".\"id\" AS \"permission.id\", \"permission\".\"name\" AS \"permission.name\", \"permission\".\"description\" AS \"permission.description\" FROM \"core\".\"role_permissions\" AS \"role_permissions\" LEFT OUTER JOIN \"core\".\"permissions\" AS \"permission\" ON \"role_permissions\".\"permission_id\" = \"permission\".\"id\" WHERE \"role_permissions\".\"role\" = 'warehouse_manager';\u001b[39m","timestamp":"2026-01-05 21:40:50:4050"}
{"level":"\u001b[37mdebug\u001b[39m","message":"\u001b[37mExecuting (default): SELECT \"role_permissions\".\"id\", \"role_permissions\".\"role\", \"role_permissions\".\"permission_id\", \"role_permissions\".\"granted_at\", \"role_permissions\".\"granted_by\", \"permission\".\"id\" AS \"permission.id\", \"permission\".\"name\" AS \"permission.name\", \"permission\".\"description\" AS \"permission.description\" FROM \"core\".\"role_permissions\" AS \"role_permissions\" LEFT OUTER JOIN \"core\".\"permissions\" AS \"permission\" ON \"role_permissions\".\"permission_id\" = \"permission\".\"id\" WHERE \"role_permissions\".\"role\" = 'doctor';\u001b[39m","timestamp":"2026-01-05 21:40:50:4050"}
{"level":"\u001b[37mdebug\u001b[39m","message":"\u001b[37mExecuting (default): SELECT \"role_permissions\".\"id\", \"role_permissions\".\"role\", \"role_permissions\".\"permission_id\", \"role_permissions\".\"granted_at\", \"role_permissions\".\"granted_by\", \"permission\".\"id\" AS \"permission.id\", \"permission\".\"name\" AS \"permission.name\", \"permission\".\"description\" AS \"permission.description\" FROM \"core\".\"role_permissions\" AS \"role_permissions\" LEFT OUTER JOIN \"core\".\"permissions\" AS \"permission\" ON \"role_permissions\".\"permission_id\" = \"permission\".\"id\" WHERE \"role_permissions\".\"role\" = 'doctor';\u001b[39m","timestamp":"2026-01-05 21:40:50:4050"}
{"level":"\u001b[37mdebug\u001b[39m","message":"\u001b[37mExecuting (default): SELECT \"role_permissions\".\"id\", \"role_permissions\".\"role\", \"role_permissions\".\"permission_id\", \"role_permissions\".\"granted_at\", \"role_permissions\".\"granted_by\", \"permission\".\"id\" AS \"permission.id\", \"permission\".\"name\" AS \"permission.name\", \"permission\".\"description\" AS \"permission.description\" FROM \"core\".\"role_permissions\" AS \"role_permissions\" LEFT OUTER JOIN \"core\".\"permissions\" AS \"permission\" ON \"role_permissions\".\"permission_id\" = \"permission\".\"id\" WHERE \"role_permissions\".\"role\" = 'admin';\u001b[39m","timestamp":"2026-01-05 21:40:50:4050"}
{"level":"\u001b[37mdebug\u001b[39m","message":"\u001b[37mExecuting (default): SELECT \"role_permissions\".\"id\", \"role_permissions\".\"role\", \"role_permissions\".\"permission_id\", \"role_permissions\".\"granted_at\", \"role_permissions\".\"granted_by\", \"permission\".\"id\" AS \"permission.id\", \"permission\".\"name\" AS \"permission.name\", \"permission\".\"description\" AS \"permission.description\" FROM \"core\".\"role_permissions\" AS \"role_permissions\" LEFT OUTER JOIN \"core\".\"permissions\" AS \"permission\" ON \"role_permissions\".\"permission_id\" = \"permission\".\"id\" WHERE \"role_permissions\".\"role\" = 'super_admin';\u001b[39m","timestamp":"2026-01-05 21:40:50:4050"}
{"level":"\u001b[32minfo\u001b[39m","message":"\u001b[32m\u001b[0mGET /api/v1/users/users \u001b[32m200\u001b[0m 587.476 ms - 112540\u001b[0m\u001b[39m","timestamp":"2026-01-05 21:40:50:4050"}
{"level":"\u001b[37mdebug\u001b[39m","message":"\u001b[37mExecuting (default): SELECT count(*) AS \"count\" FROM \"core\".\"users\" AS \"users\";\u001b[39m","timestamp":"2026-01-05 21:40:50:4050"}
{"level":"\u001b[37mdebug\u001b[39m","message":"\u001b[37mExecuting (default): SELECT count(*) AS \"count\" FROM \"core\".\"users\" AS \"users\" WHERE \"users\".\"is_active\" = true;\u001b[39m","timestamp":"2026-01-05 21:40:50:4050"}
{"level":"\u001b[37mdebug\u001b[39m","message":"\u001b[37mExecuting (default): SELECT count(*) AS \"count\" FROM \"core\".\"users\" AS \"users\" WHERE \"users\".\"is_active\" = false;\u001b[39m","timestamp":"2026-01-05 21:40:50:4050"}
{"level":"\u001b[37mdebug\u001b[39m","message":"\u001b[37mExecuting (default): SELECT count(*) AS \"count\" FROM \"core\".\"users\" AS \"users\" WHERE \"users\".\"role\" = 'admin';\u001b[39m","timestamp":"2026-01-05 21:40:50:4050"}
{"level":"\u001b[37mdebug\u001b[39m","message":"\u001b[37mExecuting (default): SELECT \"id\", \"username\", \"email\", \"full_name\", \"role\", \"is_active\", \"last_login\", \"password_changed_at\", \"failed_login_attempts\", \"locked_until\", \"created_by\", \"updated_by\", \"created_at\", \"updated_at\" FROM \"core\".\"users\" AS \"users\" ORDER BY \"users\".\"created_at\" DESC LIMIT 20 OFFSET 0;\u001b[39m","timestamp":"2026-01-05 21:40:50:4050"}
{"level":"\u001b[37mdebug\u001b[39m","message":"\u001b[37mExecuting (default): SELECT \"role_permissions\".\"id\", \"role_permissions\".\"role\", \"role_permissions\".\"permission_id\", \"role_permissions\".\"granted_at\", \"role_permissions\".\"granted_by\", \"permission\".\"id\" AS \"permission.id\", \"permission\".\"name\" AS \"permission.name\", \"permission\".\"description\" AS \"permission.description\" FROM \"core\".\"role_permissions\" AS \"role_permissions\" LEFT OUTER JOIN \"core\".\"permissions\" AS \"permission\" ON \"role_permissions\".\"permission_id\" = \"permission\".\"id\" WHERE \"role_permissions\".\"role\" = 'doctor';\u001b[39m","timestamp":"2026-01-05 21:40:50:4050"}
{"level":"\u001b[37mdebug\u001b[39m","message":"\u001b[37mExecuting (default): SELECT \"role_permissions\".\"id\", \"role_permissions\".\"role\", \"role_permissions\".\"permission_id\", \"role_permissions\".\"granted_at\", \"role_permissions\".\"granted_by\", \"permission\".\"id\" AS \"permission.id\", \"permission\".\"name\" AS \"permission.name\", \"permission\".\"description\" AS \"permission.description\" FROM \"core\".\"role_permissions\" AS \"role_permissions\" LEFT OUTER JOIN \"core\".\"permissions\" AS \"permission\" ON \"role_permissions\".\"permission_id\" = \"permission\".\"id\" WHERE \"role_permissions\".\"role\" = 'doctor';\u001b[39m","timestamp":"2026-01-05 21:40:50:4050"}
{"level":"\u001b[37mdebug\u001b[39m","message":"\u001b[37mExecuting (default): SELECT \"role_permissions\".\"id\", \"role_permissions\".\"role\", \"role_permissions\".\"permission_id\", \"role_permissions\".\"granted_at\", \"role_permissions\".\"granted_by\", \"permission\".\"id\" AS \"permission.id\", \"permission\".\"name\" AS \"permission.name\", \"permission\".\"description\" AS \"permission.description\" FROM \"core\".\"role_permissions\" AS \"role_permissions\" LEFT OUTER JOIN \"core\".\"permissions\" AS \"permission\" ON \"role_permissions\".\"permission_id\" = \"permission\".\"id\" WHERE \"role_permissions\".\"role\" = 'doctor';\u001b[39m","timestamp":"2026-01-05 21:40:50:4050"}
{"level":"\u001b[37mdebug\u001b[39m","message":"\u001b[37mExecuting (default): SELECT \"role_permissions\".\"id\", \"role_permissions\".\"role\", \"role_permissions\".\"permission_id\", \"role_permissions\".\"granted_at\", \"role_permissions\".\"granted_by\", \"permission\".\"id\" AS \"permission.id\", \"permission\".\"name\" AS \"permission.name\", \"permission\".\"description\" AS \"permission.description\" FROM \"core\".\"role_permissions\" AS \"role_permissions\" LEFT OUTER JOIN \"core\".\"permissions\" AS \"permission\" ON \"role_permissions\".\"permission_id\" = \"permission\".\"id\" WHERE \"role_permissions\".\"role\" = 'doctor';\u001b[39m","timestamp":"2026-01-05 21:40:50:4050"}
{"level":"\u001b[37mdebug\u001b[39m","message":"\u001b[37mExecuting (default): SELECT \"role_permissions\".\"id\", \"role_permissions\".\"role\", \"role_permissions\".\"permission_id\", \"role_permissions\".\"granted_at\", \"role_permissions\".\"granted_by\", \"permission\".\"id\" AS \"permission.id\", \"permission\".\"name\" AS \"permission.name\", \"permission\".\"description\" AS \"permission.description\" FROM \"core\".\"role_permissions\" AS \"role_permissions\" LEFT OUTER JOIN \"core\".\"permissions\" AS \"permission\" ON \"role_permissions\".\"permission_id\" = \"permission\".\"id\" WHERE \"role_permissions\".\"role\" = 'doctor';\u001b[39m","timestamp":"2026-01-05 21:40:50:4050"}
{"level":"\u001b[37mdebug\u001b[39m","message":"\u001b[37mExecuting (default): SELECT \"role_permissions\".\"id\", \"role_permissions\".\"role\", \"role_permissions\".\"permission_id\", \"role_permissions\".\"granted_at\", \"role_permissions\".\"granted_by\", \"permission\".\"id\" AS \"permission.id\", \"permission\".\"name\" AS \"permission.name\", \"permission\".\"description\" AS \"permission.description\" FROM \"core\".\"role_permissions\" AS \"role_permissions\" LEFT OUTER JOIN \"core\".\"permissions\" AS \"permission\" ON \"role_permissions\".\"permission_id\" = \"permission\".\"id\" WHERE \"role_permissions\".\"role\" = 'warehouse_manager';\u001b[39m","timestamp":"2026-01-05 21:40:50:4050"}
{"level":"\u001b[37mdebug\u001b[39m","message":"\u001b[37mExecuting (default): SELECT \"role_permissions\".\"id\", \"role_permissions\".\"role\", \"role_permissions\".\"permission_id\", \"role_permissions\".\"granted_at\", \"role_permissions\".\"granted_by\", \"permission\".\"id\" AS \"permission.id\", \"permission\".\"name\" AS \"permission.name\", \"permission\".\"description\" AS \"permission.description\" FROM \"core\".\"role_permissions\" AS \"role_permissions\" LEFT OUTER JOIN \"core\".\"permissions\" AS \"permission\" ON \"role_permissions\".\"permission_id\" = \"permission\".\"id\" WHERE \"role_permissions\".\"role\" = 'doctor';\u001b[39m","timestamp":"2026-01-05 21:40:50:4050"}
{"level":"\u001b[37mdebug\u001b[39m","message":"\u001b[37mExecuting (default): SELECT \"role_permissions\".\"id\", \"role_permissions\".\"role\", \"role_permissions\".\"permission_id\", \"role_permissions\".\"granted_at\", \"role_permissions\".\"granted_by\", \"permission\".\"id\" AS \"permission.id\", \"permission\".\"name\" AS \"permission.name\", \"permission\".\"description\" AS \"permission.description\" FROM \"core\".\"role_permissions\" AS \"role_permissions\" LEFT OUTER JOIN \"core\".\"permissions\" AS \"permission\" ON \"role_permissions\".\"permission_id\" = \"permission\".\"id\" WHERE \"role_permissions\".\"role\" = 'doctor';\u001b[39m","timestamp":"2026-01-05 21:40:50:4050"}
{"level":"\u001b[37mdebug\u001b[39m","message":"\u001b[37mExecuting (default): SELECT \"role_permissions\".\"id\", \"role_permissions\".\"role\", \"role_permissions\".\"permission_id\", \"role_permissions\".\"granted_at\", \"role_permissions\".\"granted_by\", \"permission\".\"id\" AS \"permission.id\", \"permission\".\"name\" AS \"permission.name\", \"permission\".\"description\" AS \"permission.description\" FROM \"core\".\"role_permissions\" AS \"role_permissions\" LEFT OUTER JOIN \"core\".\"permissions\" AS \"permission\" ON \"role_permissions\".\"permission_id\" = \"permission\".\"id\" WHERE \"role_permissions\".\"role\" = 'admin';\u001b[39m","timestamp":"2026-01-05 21:40:50:4050"}
{"level":"\u001b[37mdebug\u001b[39m","message":"\u001b[37mExecuting (default): SELECT \"role_permissions\".\"id\", \"role_permissions\".\"role\", \"role_permissions\".\"permission_id\", \"role_permissions\".\"granted_at\", \"role_permissions\".\"granted_by\", \"permission\".\"id\" AS \"permission.id\", \"permission\".\"name\" AS \"permission.name\", \"permission\".\"description\" AS \"permission.description\" FROM \"core\".\"role_permissions\" AS \"role_permissions\" LEFT OUTER JOIN \"core\".\"permissions\" AS \"permission\" ON \"role_permissions\".\"permission_id\" = \"permission\".\"id\" WHERE \"role_permissions\".\"role\" = 'super_admin';\u001b[39m","timestamp":"2026-01-05 21:40:50:4050"}
{"level":"\u001b[32minfo\u001b[39m","message":"\u001b[32m\u001b[0mGET /api/v1/users/users \u001b[32m200\u001b[0m 46.666 ms - 112540\u001b[0m\u001b[39m","timestamp":"2026-01-05 21:40:50:4050"}
{"level":"\u001b[32minfo\u001b[39m","message":"\u001b[32m🚀 Server is running on port 3002\u001b[39m","timestamp":"2026-01-05 21:44:46:4446"}
{"level":"\u001b[32minfo\u001b[39m","message":"\u001b[32m📚 API Documentation: http://localhost:3002/api-docs\u001b[39m","timestamp":"2026-01-05 21:44:46:4446"}
{"level":"\u001b[32minfo\u001b[39m","message":"\u001b[32m🔍 API v1: http://localhost:3002/api/v1\u001b[39m","timestamp":"2026-01-05 21:44:46:4446"}
{"level":"\u001b[32minfo\u001b[39m","message":"\u001b[32m❤️  Health check: http://localhost:3002/health\u001b[39m","timestamp":"2026-01-05 21:44:46:4446"}
{"level":"\u001b[37mdebug\u001b[39m","message":"\u001b[37mExecuting (default): SELECT 1+1 AS result\u001b[39m","timestamp":"2026-01-05 21:44:46:4446"}
{"level":"\u001b[32minfo\u001b[39m","message":"\u001b[32m✅ Database connection established successfully\u001b[39m","timestamp":"2026-01-05 21:44:46:4446"}
{"level":"\u001b[32minfo\u001b[39m","message":"\u001b[32m📊 Connected to: dev-cmdv@localhost\u001b[39m","timestamp":"2026-01-05 21:44:46:4446"}
{"level":"\u001b[37mdebug\u001b[39m","message":"\u001b[37mExecuting (default): SELECT count(*) AS \"count\" FROM \"core\".\"users\" AS \"users\";\u001b[39m","timestamp":"2026-01-05 21:46:32:4632"}
{"level":"\u001b[37mdebug\u001b[39m","message":"\u001b[37mExecuting (default): SELECT count(*) AS \"count\" FROM \"core\".\"users\" AS \"users\" WHERE \"users\".\"is_active\" = true;\u001b[39m","timestamp":"2026-01-05 21:46:32:4632"}
{"level":"\u001b[37mdebug\u001b[39m","message":"\u001b[37mExecuting (default): SELECT count(*) AS \"count\" FROM \"core\".\"users\" AS \"users\" WHERE \"users\".\"is_active\" = false;\u001b[39m","timestamp":"2026-01-05 21:46:32:4632"}
{"level":"\u001b[37mdebug\u001b[39m","message":"\u001b[37mExecuting (default): SELECT count(*) AS \"count\" FROM \"core\".\"users\" AS \"users\" WHERE \"users\".\"role\" = 'admin';\u001b[39m","timestamp":"2026-01-05 21:46:32:4632"}
{"level":"\u001b[37mdebug\u001b[39m","message":"\u001b[37mExecuting (default): SELECT \"id\", \"username\", \"email\", \"full_name\", \"role\", \"is_active\", \"last_login\", \"password_changed_at\", \"failed_login_attempts\", \"locked_until\", \"created_by\", \"updated_by\", \"created_at\", \"updated_at\" FROM \"core\".\"users\" AS \"users\" ORDER BY \"users\".\"created_at\" DESC LIMIT 20 OFFSET 0;\u001b[39m","timestamp":"2026-01-05 21:46:32:4632"}
{"level":"\u001b[37mdebug\u001b[39m","message":"\u001b[37mExecuting (default): SELECT \"role_permissions\".\"id\", \"role_permissions\".\"role\", \"role_permissions\".\"permission_id\", \"role_permissions\".\"granted_at\", \"role_permissions\".\"granted_by\", \"permission\".\"id\" AS \"permission.id\", \"permission\".\"name\" AS \"permission.name\", \"permission\".\"description\" AS \"permission.description\" FROM \"core\".\"role_permissions\" AS \"role_permissions\" LEFT OUTER JOIN \"core\".\"permissions\" AS \"permission\" ON \"role_permissions\".\"permission_id\" = \"permission\".\"id\" WHERE \"role_permissions\".\"role\" = 'doctor';\u001b[39m","timestamp":"2026-01-05 21:46:32:4632"}
{"level":"\u001b[37mdebug\u001b[39m","message":"\u001b[37mExecuting (default): SELECT \"role_permissions\".\"id\", \"role_permissions\".\"role\", \"role_permissions\".\"permission_id\", \"role_permissions\".\"granted_at\", \"role_permissions\".\"granted_by\", \"permission\".\"id\" AS \"permission.id\", \"permission\".\"name\" AS \"permission.name\", \"permission\".\"description\" AS \"permission.description\" FROM \"core\".\"role_permissions\" AS \"role_permissions\" LEFT OUTER JOIN \"core\".\"permissions\" AS \"permission\" ON \"role_permissions\".\"permission_id\" = \"permission\".\"id\" WHERE \"role_permissions\".\"role\" = 'doctor';\u001b[39m","timestamp":"2026-01-05 21:46:32:4632"}
{"level":"\u001b[37mdebug\u001b[39m","message":"\u001b[37mExecuting (default): SELECT \"role_permissions\".\"id\", \"role_permissions\".\"role\", \"role_permissions\".\"permission_id\", \"role_permissions\".\"granted_at\", \"role_permissions\".\"granted_by\", \"permission\".\"id\" AS \"permission.id\", \"permission\".\"name\" AS \"permission.name\", \"permission\".\"description\" AS \"permission.description\" FROM \"core\".\"role_permissions\" AS \"role_permissions\" LEFT OUTER JOIN \"core\".\"permissions\" AS \"permission\" ON \"role_permissions\".\"permission_id\" = \"permission\".\"id\" WHERE \"role_permissions\".\"role\" = 'doctor';\u001b[39m","timestamp":"2026-01-05 21:46:32:4632"}
{"level":"\u001b[37mdebug\u001b[39m","message":"\u001b[37mExecuting (default): SELECT \"role_permissions\".\"id\", \"role_permissions\".\"role\", \"role_permissions\".\"permission_id\", \"role_permissions\".\"granted_at\", \"role_permissions\".\"granted_by\", \"permission\".\"id\" AS \"permission.id\", \"permission\".\"name\" AS \"permission.name\", \"permission\".\"description\" AS \"permission.description\" FROM \"core\".\"role_permissions\" AS \"role_permissions\" LEFT OUTER JOIN \"core\".\"permissions\" AS \"permission\" ON \"role_permissions\".\"permission_id\" = \"permission\".\"id\" WHERE \"role_permissions\".\"role\" = 'doctor';\u001b[39m","timestamp":"2026-01-05 21:46:32:4632"}
{"level":"\u001b[37mdebug\u001b[39m","message":"\u001b[37mExecuting (default): SELECT \"role_permissions\".\"id\", \"role_permissions\".\"role\", \"role_permissions\".\"permission_id\", \"role_permissions\".\"granted_at\", \"role_permissions\".\"granted_by\", \"permission\".\"id\" AS \"permission.id\", \"permission\".\"name\" AS \"permission.name\", \"permission\".\"description\" AS \"permission.description\" FROM \"core\".\"role_permissions\" AS \"role_permissions\" LEFT OUTER JOIN \"core\".\"permissions\" AS \"permission\" ON \"role_permissions\".\"permission_id\" = \"permission\".\"id\" WHERE \"role_permissions\".\"role\" = 'doctor';\u001b[39m","timestamp":"2026-01-05 21:46:32:4632"}
{"level":"\u001b[37mdebug\u001b[39m","message":"\u001b[37mExecuting (default): SELECT \"role_permissions\".\"id\", \"role_permissions\".\"role\", \"role_permissions\".\"permission_id\", \"role_permissions\".\"granted_at\", \"role_permissions\".\"granted_by\", \"permission\".\"id\" AS \"permission.id\", \"permission\".\"name\" AS \"permission.name\", \"permission\".\"description\" AS \"permission.description\" FROM \"core\".\"role_permissions\" AS \"role_permissions\" LEFT OUTER JOIN \"core\".\"permissions\" AS \"permission\" ON \"role_permissions\".\"permission_id\" = \"permission\".\"id\" WHERE \"role_permissions\".\"role\" = 'warehouse_manager';\u001b[39m","timestamp":"2026-01-05 21:46:32:4632"}
{"level":"\u001b[37mdebug\u001b[39m","message":"\u001b[37mExecuting (default): SELECT \"role_permissions\".\"id\", \"role_permissions\".\"role\", \"role_permissions\".\"permission_id\", \"role_permissions\".\"granted_at\", \"role_permissions\".\"granted_by\", \"permission\".\"id\" AS \"permission.id\", \"permission\".\"name\" AS \"permission.name\", \"permission\".\"description\" AS \"permission.description\" FROM \"core\".\"role_permissions\" AS \"role_permissions\" LEFT OUTER JOIN \"core\".\"permissions\" AS \"permission\" ON \"role_permissions\".\"permission_id\" = \"permission\".\"id\" WHERE \"role_permissions\".\"role\" = 'doctor';\u001b[39m","timestamp":"2026-01-05 21:46:32:4632"}
{"level":"\u001b[37mdebug\u001b[39m","message":"\u001b[37mExecuting (default): SELECT \"role_permissions\".\"id\", \"role_permissions\".\"role\", \"role_permissions\".\"permission_id\", \"role_permissions\".\"granted_at\", \"role_permissions\".\"granted_by\", \"permission\".\"id\" AS \"permission.id\", \"permission\".\"name\" AS \"permission.name\", \"permission\".\"description\" AS \"permission.description\" FROM \"core\".\"role_permissions\" AS \"role_permissions\" LEFT OUTER JOIN \"core\".\"permissions\" AS \"permission\" ON \"role_permissions\".\"permission_id\" = \"permission\".\"id\" WHERE \"role_permissions\".\"role\" = 'doctor';\u001b[39m","timestamp":"2026-01-05 21:46:32:4632"}
{"level":"\u001b[37mdebug\u001b[39m","message":"\u001b[37mExecuting (default): SELECT \"role_permissions\".\"id\", \"role_permissions\".\"role\", \"role_permissions\".\"permission_id\", \"role_permissions\".\"granted_at\", \"role_permissions\".\"granted_by\", \"permission\".\"id\" AS \"permission.id\", \"permission\".\"name\" AS \"permission.name\", \"permission\".\"description\" AS \"permission.description\" FROM \"core\".\"role_permissions\" AS \"role_permissions\" LEFT OUTER JOIN \"core\".\"permissions\" AS \"permission\" ON \"role_permissions\".\"permission_id\" = \"permission\".\"id\" WHERE \"role_permissions\".\"role\" = 'admin';\u001b[39m","timestamp":"2026-01-05 21:46:32:4632"}
{"level":"\u001b[37mdebug\u001b[39m","message":"\u001b[37mExecuting (default): SELECT \"role_permissions\".\"id\", \"role_permissions\".\"role\", \"role_permissions\".\"permission_id\", \"role_permissions\".\"granted_at\", \"role_permissions\".\"granted_by\", \"permission\".\"id\" AS \"permission.id\", \"permission\".\"name\" AS \"permission.name\", \"permission\".\"description\" AS \"permission.description\" FROM \"core\".\"role_permissions\" AS \"role_permissions\" LEFT OUTER JOIN \"core\".\"permissions\" AS \"permission\" ON \"role_permissions\".\"permission_id\" = \"permission\".\"id\" WHERE \"role_permissions\".\"role\" = 'super_admin';\u001b[39m","timestamp":"2026-01-05 21:46:32:4632"}
{"level":"\u001b[32minfo\u001b[39m","message":"\u001b[32m\u001b[0mGET /api/v1/users/users \u001b[32m200\u001b[0m 139.352 ms - 112540\u001b[0m\u001b[39m","timestamp":"2026-01-05 21:46:32:4632"}
{"level":"\u001b[37mdebug\u001b[39m","message":"\u001b[37mExecuting (default): SELECT count(*) AS \"count\" FROM \"core\".\"users\" AS \"users\";\u001b[39m","timestamp":"2026-01-05 21:54:54:5454"}
{"level":"\u001b[37mdebug\u001b[39m","message":"\u001b[37mExecuting (default): SELECT count(*) AS \"count\" FROM \"core\".\"users\" AS \"users\" WHERE \"users\".\"is_active\" = true;\u001b[39m","timestamp":"2026-01-05 21:54:54:5454"}
{"level":"\u001b[37mdebug\u001b[39m","message":"\u001b[37mExecuting (default): SELECT count(*) AS \"count\" FROM \"core\".\"users\" AS \"users\" WHERE \"users\".\"is_active\" = false;\u001b[39m","timestamp":"2026-01-05 21:54:54:5454"}
{"level":"\u001b[37mdebug\u001b[39m","message":"\u001b[37mExecuting (default): SELECT count(*) AS \"count\" FROM \"core\".\"users\" AS \"users\" WHERE \"users\".\"role\" = 'admin';\u001b[39m","timestamp":"2026-01-05 21:54:54:5454"}
{"level":"\u001b[37mdebug\u001b[39m","message":"\u001b[37mExecuting (default): SELECT \"id\", \"username\", \"email\", \"full_name\", \"role\", \"is_active\", \"last_login\", \"password_changed_at\", \"failed_login_attempts\", \"locked_until\", \"created_by\", \"updated_by\", \"created_at\", \"updated_at\" FROM \"core\".\"users\" AS \"users\" ORDER BY \"users\".\"created_at\" DESC LIMIT 20 OFFSET 0;\u001b[39m","timestamp":"2026-01-05 21:54:54:5454"}
{"level":"\u001b[37mdebug\u001b[39m","message":"\u001b[37mExecuting (default): SELECT \"role_permissions\".\"id\", \"role_permissions\".\"role\", \"role_permissions\".\"permission_id\", \"role_permissions\".\"granted_at\", \"role_permissions\".\"granted_by\", \"permission\".\"id\" AS \"permission.id\", \"permission\".\"name\" AS \"permission.name\", \"permission\".\"description\" AS \"permission.description\" FROM \"core\".\"role_permissions\" AS \"role_permissions\" LEFT OUTER JOIN \"core\".\"permissions\" AS \"permission\" ON \"role_permissions\".\"permission_id\" = \"permission\".\"id\" WHERE \"role_permissions\".\"role\" = 'doctor';\u001b[39m","timestamp":"2026-01-05 21:54:54:5454"}
{"level":"\u001b[37mdebug\u001b[39m","message":"\u001b[37mExecuting (default): SELECT \"role_permissions\".\"id\", \"role_permissions\".\"role\", \"role_permissions\".\"permission_id\", \"role_permissions\".\"granted_at\", \"role_permissions\".\"granted_by\", \"permission\".\"id\" AS \"permission.id\", \"permission\".\"name\" AS \"permission.name\", \"permission\".\"description\" AS \"permission.description\" FROM \"core\".\"role_permissions\" AS \"role_permissions\" LEFT OUTER JOIN \"core\".\"permissions\" AS \"permission\" ON \"role_permissions\".\"permission_id\" = \"permission\".\"id\" WHERE \"role_permissions\".\"role\" = 'doctor';\u001b[39m","timestamp":"2026-01-05 21:54:54:5454"}
{"level":"\u001b[37mdebug\u001b[39m","message":"\u001b[37mExecuting (default): SELECT \"role_permissions\".\"id\", \"role_permissions\".\"role\", \"role_permissions\".\"permission_id\", \"role_permissions\".\"granted_at\", \"role_permissions\".\"granted_by\", \"permission\".\"id\" AS \"permission.id\", \"permission\".\"name\" AS \"permission.name\", \"permission\".\"description\" AS \"permission.description\" FROM \"core\".\"role_permissions\" AS \"role_permissions\" LEFT OUTER JOIN \"core\".\"permissions\" AS \"permission\" ON \"role_permissions\".\"permission_id\" = \"permission\".\"id\" WHERE \"role_permissions\".\"role\" = 'doctor';\u001b[39m","timestamp":"2026-01-05 21:54:54:5454"}
{"level":"\u001b[37mdebug\u001b[39m","message":"\u001b[37mExecuting (default): SELECT \"role_permissions\".\"id\", \"role_permissions\".\"role\", \"role_permissions\".\"permission_id\", \"role_permissions\".\"granted_at\", \"role_permissions\".\"granted_by\", \"permission\".\"id\" AS \"permission.id\", \"permission\".\"name\" AS \"permission.name\", \"permission\".\"description\" AS \"permission.description\" FROM \"core\".\"role_permissions\" AS \"role_permissions\" LEFT OUTER JOIN \"core\".\"permissions\" AS \"permission\" ON \"role_permissions\".\"permission_id\" = \"permission\".\"id\" WHERE \"role_permissions\".\"role\" = 'doctor';\u001b[39m","timestamp":"2026-01-05 21:54:54:5454"}
{"level":"\u001b[37mdebug\u001b[39m","message":"\u001b[37mExecuting (default): SELECT \"role_permissions\".\"id\", \"role_permissions\".\"role\", \"role_permissions\".\"permission_id\", \"role_permissions\".\"granted_at\", \"role_permissions\".\"granted_by\", \"permission\".\"id\" AS \"permission.id\", \"permission\".\"name\" AS \"permission.name\", \"permission\".\"description\" AS \"permission.description\" FROM \"core\".\"role_permissions\" AS \"role_permissions\" LEFT OUTER JOIN \"core\".\"permissions\" AS \"permission\" ON \"role_permissions\".\"permission_id\" = \"permission\".\"id\" WHERE \"role_permissions\".\"role\" = 'doctor';\u001b[39m","timestamp":"2026-01-05 21:54:54:5454"}
{"level":"\u001b[37mdebug\u001b[39m","message":"\u001b[37mExecuting (default): SELECT \"role_permissions\".\"id\", \"role_permissions\".\"role\", \"role_permissions\".\"permission_id\", \"role_permissions\".\"granted_at\", \"role_permissions\".\"granted_by\", \"permission\".\"id\" AS \"permission.id\", \"permission\".\"name\" AS \"permission.name\", \"permission\".\"description\" AS \"permission.description\" FROM \"core\".\"role_permissions\" AS \"role_permissions\" LEFT OUTER JOIN \"core\".\"permissions\" AS \"permission\" ON \"role_permissions\".\"permission_id\" = \"permission\".\"id\" WHERE \"role_permissions\".\"role\" = 'warehouse_manager';\u001b[39m","timestamp":"2026-01-05 21:54:54:5454"}
{"level":"\u001b[37mdebug\u001b[39m","message":"\u001b[37mExecuting (default): SELECT \"role_permissions\".\"id\", \"role_permissions\".\"role\", \"role_permissions\".\"permission_id\", \"role_permissions\".\"granted_at\", \"role_permissions\".\"granted_by\", \"permission\".\"id\" AS \"permission.id\", \"permission\".\"name\" AS \"permission.name\", \"permission\".\"description\" AS \"permission.description\" FROM \"core\".\"role_permissions\" AS \"role_permissions\" LEFT OUTER JOIN \"core\".\"permissions\" AS \"permission\" ON \"role_permissions\".\"permission_id\" = \"permission\".\"id\" WHERE \"role_permissions\".\"role\" = 'doctor';\u001b[39m","timestamp":"2026-01-05 21:54:54:5454"}
{"level":"\u001b[37mdebug\u001b[39m","message":"\u001b[37mExecuting (default): SELECT \"role_permissions\".\"id\", \"role_permissions\".\"role\", \"role_permissions\".\"permission_id\", \"role_permissions\".\"granted_at\", \"role_permissions\".\"granted_by\", \"permission\".\"id\" AS \"permission.id\", \"permission\".\"name\" AS \"permission.name\", \"permission\".\"description\" AS \"permission.description\" FROM \"core\".\"role_permissions\" AS \"role_permissions\" LEFT OUTER JOIN \"core\".\"permissions\" AS \"permission\" ON \"role_permissions\".\"permission_id\" = \"permission\".\"id\" WHERE \"role_permissions\".\"role\" = 'doctor';\u001b[39m","timestamp":"2026-01-05 21:54:54:5454"}
{"level":"\u001b[37mdebug\u001b[39m","message":"\u001b[37mExecuting (default): SELECT \"role_permissions\".\"id\", \"role_permissions\".\"role\", \"role_permissions\".\"permission_id\", \"role_permissions\".\"granted_at\", \"role_permissions\".\"granted_by\", \"permission\".\"id\" AS \"permission.id\", \"permission\".\"name\" AS \"permission.name\", \"permission\".\"description\" AS \"permission.description\" FROM \"core\".\"role_permissions\" AS \"role_permissions\" LEFT OUTER JOIN \"core\".\"permissions\" AS \"permission\" ON \"role_permissions\".\"permission_id\" = \"permission\".\"id\" WHERE \"role_permissions\".\"role\" = 'admin';\u001b[39m","timestamp":"2026-01-05 21:54:54:5454"}
{"level":"\u001b[37mdebug\u001b[39m","message":"\u001b[37mExecuting (default): SELECT \"role_permissions\".\"id\", \"role_permissions\".\"role\", \"role_permissions\".\"permission_id\", \"role_permissions\".\"granted_at\", \"role_permissions\".\"granted_by\", \"permission\".\"id\" AS \"permission.id\", \"permission\".\"name\" AS \"permission.name\", \"permission\".\"description\" AS \"permission.description\" FROM \"core\".\"role_permissions\" AS \"role_permissions\" LEFT OUTER JOIN \"core\".\"permissions\" AS \"permission\" ON \"role_permissions\".\"permission_id\" = \"permission\".\"id\" WHERE \"role_permissions\".\"role\" = 'super_admin';\u001b[39m","timestamp":"2026-01-05 21:54:54:5454"}
{"level":"\u001b[32minfo\u001b[39m","message":"\u001b[32m\u001b[0mGET /api/v1/users/users \u001b[32m200\u001b[0m 168.261 ms - 112540\u001b[0m\u001b[39m","timestamp":"2026-01-05 21:54:54:5454"}
{"level":"\u001b[37mdebug\u001b[39m","message":"\u001b[37mExecuting (default): SELECT count(*) AS \"count\" FROM \"core\".\"users\" AS \"users\";\u001b[39m","timestamp":"2026-01-05 22:14:32:1432"}
{"level":"\u001b[37mdebug\u001b[39m","message":"\u001b[37mExecuting (default): SELECT count(*) AS \"count\" FROM \"core\".\"users\" AS \"users\" WHERE \"users\".\"is_active\" = true;\u001b[39m","timestamp":"2026-01-05 22:14:32:1432"}
{"level":"\u001b[37mdebug\u001b[39m","message":"\u001b[37mExecuting (default): SELECT count(*) AS \"count\" FROM \"core\".\"users\" AS \"users\" WHERE \"users\".\"is_active\" = false;\u001b[39m","timestamp":"2026-01-05 22:14:32:1432"}
{"level":"\u001b[37mdebug\u001b[39m","message":"\u001b[37mExecuting (default): SELECT count(*) AS \"count\" FROM \"core\".\"users\" AS \"users\" WHERE \"users\".\"role\" = 'admin';\u001b[39m","timestamp":"2026-01-05 22:14:32:1432"}
{"level":"\u001b[37mdebug\u001b[39m","message":"\u001b[37mExecuting (default): SELECT \"id\", \"username\", \"email\", \"full_name\", \"role\", \"is_active\", \"last_login\", \"password_changed_at\", \"failed_login_attempts\", \"locked_until\", \"created_by\", \"updated_by\", \"created_at\", \"updated_at\" FROM \"core\".\"users\" AS \"users\" ORDER BY \"users\".\"created_at\" DESC LIMIT 20 OFFSET 0;\u001b[39m","timestamp":"2026-01-05 22:14:33:1433"}
{"level":"\u001b[37mdebug\u001b[39m","message":"\u001b[37mExecuting (default): SELECT \"role_permissions\".\"id\", \"role_permissions\".\"role\", \"role_permissions\".\"permission_id\", \"role_permissions\".\"granted_at\", \"role_permissions\".\"granted_by\", \"permission\".\"id\" AS \"permission.id\", \"permission\".\"name\" AS \"permission.name\", \"permission\".\"description\" AS \"permission.description\" FROM \"core\".\"role_permissions\" AS \"role_permissions\" LEFT OUTER JOIN \"core\".\"permissions\" AS \"permission\" ON \"role_permissions\".\"permission_id\" = \"permission\".\"id\" WHERE \"role_permissions\".\"role\" = 'doctor';\u001b[39m","timestamp":"2026-01-05 22:14:33:1433"}
{"level":"\u001b[37mdebug\u001b[39m","message":"\u001b[37mExecuting (default): SELECT \"role_permissions\".\"id\", \"role_permissions\".\"role\", \"role_permissions\".\"permission_id\", \"role_permissions\".\"granted_at\", \"role_permissions\".\"granted_by\", \"permission\".\"id\" AS \"permission.id\", \"permission\".\"name\" AS \"permission.name\", \"permission\".\"description\" AS \"permission.description\" FROM \"core\".\"role_permissions\" AS \"role_permissions\" LEFT OUTER JOIN \"core\".\"permissions\" AS \"permission\" ON \"role_permissions\".\"permission_id\" = \"permission\".\"id\" WHERE \"role_permissions\".\"role\" = 'doctor';\u001b[39m","timestamp":"2026-01-05 22:14:33:1433"}
{"level":"\u001b[37mdebug\u001b[39m","message":"\u001b[37mExecuting (default): SELECT \"role_permissions\".\"id\", \"role_permissions\".\"role\", \"role_permissions\".\"permission_id\", \"role_permissions\".\"granted_at\", \"role_permissions\".\"granted_by\", \"permission\".\"id\" AS \"permission.id\", \"permission\".\"name\" AS \"permission.name\", \"permission\".\"description\" AS \"permission.description\" FROM \"core\".\"role_permissions\" AS \"role_permissions\" LEFT OUTER JOIN \"core\".\"permissions\" AS \"permission\" ON \"role_permissions\".\"permission_id\" = \"permission\".\"id\" WHERE \"role_permissions\".\"role\" = 'doctor';\u001b[39m","timestamp":"2026-01-05 22:14:33:1433"}
{"level":"\u001b[37mdebug\u001b[39m","message":"\u001b[37mExecuting (default): SELECT \"role_permissions\".\"id\", \"role_permissions\".\"role\", \"role_permissions\".\"permission_id\", \"role_permissions\".\"granted_at\", \"role_permissions\".\"granted_by\", \"permission\".\"id\" AS \"permission.id\", \"permission\".\"name\" AS \"permission.name\", \"permission\".\"description\" AS \"permission.description\" FROM \"core\".\"role_permissions\" AS \"role_permissions\" LEFT OUTER JOIN \"core\".\"permissions\" AS \"permission\" ON \"role_permissions\".\"permission_id\" = \"permission\".\"id\" WHERE \"role_permissions\".\"role\" = 'doctor';\u001b[39m","timestamp":"2026-01-05 22:14:33:1433"}
{"level":"\u001b[37mdebug\u001b[39m","message":"\u001b[37mExecuting (default): SELECT \"role_permissions\".\"id\", \"role_permissions\".\"role\", \"role_permissions\".\"permission_id\", \"role_permissions\".\"granted_at\", \"role_permissions\".\"granted_by\", \"permission\".\"id\" AS \"permission.id\", \"permission\".\"name\" AS \"permission.name\", \"permission\".\"description\" AS \"permission.description\" FROM \"core\".\"role_permissions\" AS \"role_permissions\" LEFT OUTER JOIN \"core\".\"permissions\" AS \"permission\" ON \"role_permissions\".\"permission_id\" = \"permission\".\"id\" WHERE \"role_permissions\".\"role\" = 'doctor';\u001b[39m","timestamp":"2026-01-05 22:14:33:1433"}
{"level":"\u001b[37mdebug\u001b[39m","message":"\u001b[37mExecuting (default): SELECT \"role_permissions\".\"id\", \"role_permissions\".\"role\", \"role_permissions\".\"permission_id\", \"role_permissions\".\"granted_at\", \"role_permissions\".\"granted_by\", \"permission\".\"id\" AS \"permission.id\", \"permission\".\"name\" AS \"permission.name\", \"permission\".\"description\" AS \"permission.description\" FROM \"core\".\"role_permissions\" AS \"role_permissions\" LEFT OUTER JOIN \"core\".\"permissions\" AS \"permission\" ON \"role_permissions\".\"permission_id\" = \"permission\".\"id\" WHERE \"role_permissions\".\"role\" = 'warehouse_manager';\u001b[39m","timestamp":"2026-01-05 22:14:33:1433"}
{"level":"\u001b[37mdebug\u001b[39m","message":"\u001b[37mExecuting (default): SELECT \"role_permissions\".\"id\", \"role_permissions\".\"role\", \"role_permissions\".\"permission_id\", \"role_permissions\".\"granted_at\", \"role_permissions\".\"granted_by\", \"permission\".\"id\" AS \"permission.id\", \"permission\".\"name\" AS \"permission.name\", \"permission\".\"description\" AS \"permission.description\" FROM \"core\".\"role_permissions\" AS \"role_permissions\" LEFT OUTER JOIN \"core\".\"permissions\" AS \"permission\" ON \"role_permissions\".\"permission_id\" = \"permission\".\"id\" WHERE \"role_permissions\".\"role\" = 'doctor';\u001b[39m","timestamp":"2026-01-05 22:14:33:1433"}
{"level":"\u001b[37mdebug\u001b[39m","message":"\u001b[37mExecuting (default): SELECT \"role_permissions\".\"id\", \"role_permissions\".\"role\", \"role_permissions\".\"permission_id\", \"role_permissions\".\"granted_at\", \"role_permissions\".\"granted_by\", \"permission\".\"id\" AS \"permission.id\", \"permission\".\"name\" AS \"permission.name\", \"permission\".\"description\" AS \"permission.description\" FROM \"core\".\"role_permissions\" AS \"role_permissions\" LEFT OUTER JOIN \"core\".\"permissions\" AS \"permission\" ON \"role_permissions\".\"permission_id\" = \"permission\".\"id\" WHERE \"role_permissions\".\"role\" = 'doctor';\u001b[39m","timestamp":"2026-01-05 22:14:33:1433"}
{"level":"\u001b[37mdebug\u001b[39m","message":"\u001b[37mExecuting (default): SELECT \"role_permissions\".\"id\", \"role_permissions\".\"role\", \"role_permissions\".\"permission_id\", \"role_permissions\".\"granted_at\", \"role_permissions\".\"granted_by\", \"permission\".\"id\" AS \"permission.id\", \"permission\".\"name\" AS \"permission.name\", \"permission\".\"description\" AS \"permission.description\" FROM \"core\".\"role_permissions\" AS \"role_permissions\" LEFT OUTER JOIN \"core\".\"permissions\" AS \"permission\" ON \"role_permissions\".\"permission_id\" = \"permission\".\"id\" WHERE \"role_permissions\".\"role\" = 'admin';\u001b[39m","timestamp":"2026-01-05 22:14:33:1433"}
{"level":"\u001b[37mdebug\u001b[39m","message":"\u001b[37mExecuting (default): SELECT \"role_permissions\".\"id\", \"role_permissions\".\"role\", \"role_permissions\".\"permission_id\", \"role_permissions\".\"granted_at\", \"role_permissions\".\"granted_by\", \"permission\".\"id\" AS \"permission.id\", \"permission\".\"name\" AS \"permission.name\", \"permission\".\"description\" AS \"permission.description\" FROM \"core\".\"role_permissions\" AS \"role_permissions\" LEFT OUTER JOIN \"core\".\"permissions\" AS \"permission\" ON \"role_permissions\".\"permission_id\" = \"permission\".\"id\" WHERE \"role_permissions\".\"role\" = 'super_admin';\u001b[39m","timestamp":"2026-01-05 22:14:33:1433"}
{"level":"\u001b[32minfo\u001b[39m","message":"\u001b[32m\u001b[0mGET /api/v1/users/users \u001b[32m200\u001b[0m 1645.792 ms - 112540\u001b[0m\u001b[39m","timestamp":"2026-01-05 22:14:33:1433"}
{"level":"\u001b[37mdebug\u001b[39m","message":"\u001b[37mExecuting (default): SELECT count(*) AS \"count\" FROM \"core\".\"users\" AS \"users\";\u001b[39m","timestamp":"2026-01-05 22:14:33:1433"}
{"level":"\u001b[37mdebug\u001b[39m","message":"\u001b[37mExecuting (default): SELECT count(*) AS \"count\" FROM \"core\".\"users\" AS \"users\" WHERE \"users\".\"is_active\" = true;\u001b[39m","timestamp":"2026-01-05 22:14:33:1433"}
{"level":"\u001b[37mdebug\u001b[39m","message":"\u001b[37mExecuting (default): SELECT count(*) AS \"count\" FROM \"core\".\"users\" AS \"users\" WHERE \"users\".\"is_active\" = false;\u001b[39m","timestamp":"2026-01-05 22:14:33:1433"}
{"level":"\u001b[37mdebug\u001b[39m","message":"\u001b[37mExecuting (default): SELECT count(*) AS \"count\" FROM \"core\".\"users\" AS \"users\" WHERE \"users\".\"role\" = 'admin';\u001b[39m","timestamp":"2026-01-05 22:14:33:1433"}
{"level":"\u001b[37mdebug\u001b[39m","message":"\u001b[37mExecuting (default): SELECT \"id\", \"username\", \"email\", \"full_name\", \"role\", \"is_active\", \"last_login\", \"password_changed_at\", \"failed_login_attempts\", \"locked_until\", \"created_by\", \"updated_by\", \"created_at\", \"updated_at\" FROM \"core\".\"users\" AS \"users\" ORDER BY \"users\".\"created_at\" DESC LIMIT 20 OFFSET 0;\u001b[39m","timestamp":"2026-01-05 22:14:33:1433"}
{"level":"\u001b[37mdebug\u001b[39m","message":"\u001b[37mExecuting (default): SELECT \"role_permissions\".\"id\", \"role_permissions\".\"role\", \"role_permissions\".\"permission_id\", \"role_permissions\".\"granted_at\", \"role_permissions\".\"granted_by\", \"permission\".\"id\" AS \"permission.id\", \"permission\".\"name\" AS \"permission.name\", \"permission\".\"description\" AS \"permission.description\" FROM \"core\".\"role_permissions\" AS \"role_permissions\" LEFT OUTER JOIN \"core\".\"permissions\" AS \"permission\" ON \"role_permissions\".\"permission_id\" = \"permission\".\"id\" WHERE \"role_permissions\".\"role\" = 'doctor';\u001b[39m","timestamp":"2026-01-05 22:14:33:1433"}
{"level":"\u001b[37mdebug\u001b[39m","message":"\u001b[37mExecuting (default): SELECT \"role_permissions\".\"id\", \"role_permissions\".\"role\", \"role_permissions\".\"permission_id\", \"role_permissions\".\"granted_at\", \"role_permissions\".\"granted_by\", \"permission\".\"id\" AS \"permission.id\", \"permission\".\"name\" AS \"permission.name\", \"permission\".\"description\" AS \"permission.description\" FROM \"core\".\"role_permissions\" AS \"role_permissions\" LEFT OUTER JOIN \"core\".\"permissions\" AS \"permission\" ON \"role_permissions\".\"permission_id\" = \"permission\".\"id\" WHERE \"role_permissions\".\"role\" = 'doctor';\u001b[39m","timestamp":"2026-01-05 22:14:33:1433"}
{"level":"\u001b[37mdebug\u001b[39m","message":"\u001b[37mExecuting (default): SELECT \"role_permissions\".\"id\", \"role_permissions\".\"role\", \"role_permissions\".\"permission_id\", \"role_permissions\".\"granted_at\", \"role_permissions\".\"granted_by\", \"permission\".\"id\" AS \"permission.id\", \"permission\".\"name\" AS \"permission.name\", \"permission\".\"description\" AS \"permission.description\" FROM \"core\".\"role_permissions\" AS \"role_permissions\" LEFT OUTER JOIN \"core\".\"permissions\" AS \"permission\" ON \"role_permissions\".\"permission_id\" = \"permission\".\"id\" WHERE \"role_permissions\".\"role\" = 'doctor';\u001b[39m","timestamp":"2026-01-05 22:14:33:1433"}
{"level":"\u001b[37mdebug\u001b[39m","message":"\u001b[37mExecuting (default): SELECT \"role_permissions\".\"id\", \"role_permissions\".\"role\", \"role_permissions\".\"permission_id\", \"role_permissions\".\"granted_at\", \"role_permissions\".\"granted_by\", \"permission\".\"id\" AS \"permission.id\", \"permission\".\"name\" AS \"permission.name\", \"permission\".\"description\" AS \"permission.description\" FROM \"core\".\"role_permissions\" AS \"role_permissions\" LEFT OUTER JOIN \"core\".\"permissions\" AS \"permission\" ON \"role_permissions\".\"permission_id\" = \"permission\".\"id\" WHERE \"role_permissions\".\"role\" = 'doctor';\u001b[39m","timestamp":"2026-01-05 22:14:33:1433"}
{"level":"\u001b[37mdebug\u001b[39m","message":"\u001b[37mExecuting (default): SELECT \"role_permissions\".\"id\", \"role_permissions\".\"role\", \"role_permissions\".\"permission_id\", \"role_permissions\".\"granted_at\", \"role_permissions\".\"granted_by\", \"permission\".\"id\" AS \"permission.id\", \"permission\".\"name\" AS \"permission.name\", \"permission\".\"description\" AS \"permission.description\" FROM \"core\".\"role_permissions\" AS \"role_permissions\" LEFT OUTER JOIN \"core\".\"permissions\" AS \"permission\" ON \"role_permissions\".\"permission_id\" = \"permission\".\"id\" WHERE \"role_permissions\".\"role\" = 'doctor';\u001b[39m","timestamp":"2026-01-05 22:14:33:1433"}
{"level":"\u001b[37mdebug\u001b[39m","message":"\u001b[37mExecuting (default): SELECT \"role_permissions\".\"id\", \"role_permissions\".\"role\", \"role_permissions\".\"permission_id\", \"role_permissions\".\"granted_at\", \"role_permissions\".\"granted_by\", \"permission\".\"id\" AS \"permission.id\", \"permission\".\"name\" AS \"permission.name\", \"permission\".\"description\" AS \"permission.description\" FROM \"core\".\"role_permissions\" AS \"role_permissions\" LEFT OUTER JOIN \"core\".\"permissions\" AS \"permission\" ON \"role_permissions\".\"permission_id\" = \"permission\".\"id\" WHERE \"role_permissions\".\"role\" = 'warehouse_manager';\u001b[39m","timestamp":"2026-01-05 22:14:33:1433"}
{"level":"\u001b[37mdebug\u001b[39m","message":"\u001b[37mExecuting (default): SELECT \"role_permissions\".\"id\", \"role_permissions\".\"role\", \"role_permissions\".\"permission_id\", \"role_permissions\".\"granted_at\", \"role_permissions\".\"granted_by\", \"permission\".\"id\" AS \"permission.id\", \"permission\".\"name\" AS \"permission.name\", \"permission\".\"description\" AS \"permission.description\" FROM \"core\".\"role_permissions\" AS \"role_permissions\" LEFT OUTER JOIN \"core\".\"permissions\" AS \"permission\" ON \"role_permissions\".\"permission_id\" = \"permission\".\"id\" WHERE \"role_permissions\".\"role\" = 'doctor';\u001b[39m","timestamp":"2026-01-05 22:14:33:1433"}
{"level":"\u001b[37mdebug\u001b[39m","message":"\u001b[37mExecuting (default): SELECT \"role_permissions\".\"id\", \"role_permissions\".\"role\", \"role_permissions\".\"permission_id\", \"role_permissions\".\"granted_at\", \"role_permissions\".\"granted_by\", \"permission\".\"id\" AS \"permission.id\", \"permission\".\"name\" AS \"permission.name\", \"permission\".\"description\" AS \"permission.description\" FROM \"core\".\"role_permissions\" AS \"role_permissions\" LEFT OUTER JOIN \"core\".\"permissions\" AS \"permission\" ON \"role_permissions\".\"permission_id\" = \"permission\".\"id\" WHERE \"role_permissions\".\"role\" = 'doctor';\u001b[39m","timestamp":"2026-01-05 22:14:33:1433"}
{"level":"\u001b[37mdebug\u001b[39m","message":"\u001b[37mExecuting (default): SELECT \"role_permissions\".\"id\", \"role_permissions\".\"role\", \"role_permissions\".\"permission_id\", \"role_permissions\".\"granted_at\", \"role_permissions\".\"granted_by\", \"permission\".\"id\" AS \"permission.id\", \"permission\".\"name\" AS \"permission.name\", \"permission\".\"description\" AS \"permission.description\" FROM \"core\".\"role_permissions\" AS \"role_permissions\" LEFT OUTER JOIN \"core\".\"permissions\" AS \"permission\" ON \"role_permissions\".\"permission_id\" = \"permission\".\"id\" WHERE \"role_permissions\".\"role\" = 'admin';\u001b[39m","timestamp":"2026-01-05 22:14:33:1433"}
{"level":"\u001b[37mdebug\u001b[39m","message":"\u001b[37mExecuting (default): SELECT \"role_permissions\".\"id\", \"role_permissions\".\"role\", \"role_permissions\".\"permission_id\", \"role_permissions\".\"granted_at\", \"role_permissions\".\"granted_by\", \"permission\".\"id\" AS \"permission.id\", \"permission\".\"name\" AS \"permission.name\", \"permission\".\"description\" AS \"permission.description\" FROM \"core\".\"role_permissions\" AS \"role_permissions\" LEFT OUTER JOIN \"core\".\"permissions\" AS \"permission\" ON \"role_permissions\".\"permission_id\" = \"permission\".\"id\" WHERE \"role_permissions\".\"role\" = 'super_admin';\u001b[39m","timestamp":"2026-01-05 22:14:33:1433"}
{"level":"\u001b[32minfo\u001b[39m","message":"\u001b[32m\u001b[0mGET /api/v1/users/users \u001b[32m200\u001b[0m 39.734 ms - 112540\u001b[0m\u001b[39m","timestamp":"2026-01-05 22:14:33:1433"}
{"level":"\u001b[37mdebug\u001b[39m","message":"\u001b[37mExecuting (default): SELECT count(*) AS \"count\" FROM \"core\".\"users\" AS \"users\";\u001b[39m","timestamp":"2026-01-05 22:34:38:3438"}
{"level":"\u001b[37mdebug\u001b[39m","message":"\u001b[37mExecuting (default): SELECT count(*) AS \"count\" FROM \"core\".\"users\" AS \"users\" WHERE \"users\".\"is_active\" = true;\u001b[39m","timestamp":"2026-01-05 22:34:38:3438"}
{"level":"\u001b[37mdebug\u001b[39m","message":"\u001b[37mExecuting (default): SELECT count(*) AS \"count\" FROM \"core\".\"users\" AS \"users\" WHERE \"users\".\"is_active\" = false;\u001b[39m","timestamp":"2026-01-05 22:34:38:3438"}
{"level":"\u001b[37mdebug\u001b[39m","message":"\u001b[37mExecuting (default): SELECT count(*) AS \"count\" FROM \"core\".\"users\" AS \"users\" WHERE \"users\".\"role\" = 'admin';\u001b[39m","timestamp":"2026-01-05 22:34:38:3438"}
{"level":"\u001b[37mdebug\u001b[39m","message":"\u001b[37mExecuting (default): SELECT \"id\", \"username\", \"email\", \"full_name\", \"role\", \"is_active\", \"last_login\", \"password_changed_at\", \"failed_login_attempts\", \"locked_until\", \"created_by\", \"updated_by\", \"created_at\", \"updated_at\" FROM \"core\".\"users\" AS \"users\" ORDER BY \"users\".\"created_at\" DESC LIMIT 20 OFFSET 0;\u001b[39m","timestamp":"2026-01-05 22:34:38:3438"}
{"level":"\u001b[37mdebug\u001b[39m","message":"\u001b[37mExecuting (default): SELECT \"role_permissions\".\"id\", \"role_permissions\".\"role\", \"role_permissions\".\"permission_id\", \"role_permissions\".\"granted_at\", \"role_permissions\".\"granted_by\", \"permission\".\"id\" AS \"permission.id\", \"permission\".\"name\" AS \"permission.name\", \"permission\".\"description\" AS \"permission.description\" FROM \"core\".\"role_permissions\" AS \"role_permissions\" LEFT OUTER JOIN \"core\".\"permissions\" AS \"permission\" ON \"role_permissions\".\"permission_id\" = \"permission\".\"id\" WHERE \"role_permissions\".\"role\" = 'doctor';\u001b[39m","timestamp":"2026-01-05 22:34:38:3438"}
{"level":"\u001b[37mdebug\u001b[39m","message":"\u001b[37mExecuting (default): SELECT \"role_permissions\".\"id\", \"role_permissions\".\"role\", \"role_permissions\".\"permission_id\", \"role_permissions\".\"granted_at\", \"role_permissions\".\"granted_by\", \"permission\".\"id\" AS \"permission.id\", \"permission\".\"name\" AS \"permission.name\", \"permission\".\"description\" AS \"permission.description\" FROM \"core\".\"role_permissions\" AS \"role_permissions\" LEFT OUTER JOIN \"core\".\"permissions\" AS \"permission\" ON \"role_permissions\".\"permission_id\" = \"permission\".\"id\" WHERE \"role_permissions\".\"role\" = 'doctor';\u001b[39m","timestamp":"2026-01-05 22:34:38:3438"}
{"level":"\u001b[37mdebug\u001b[39m","message":"\u001b[37mExecuting (default): SELECT \"role_permissions\".\"id\", \"role_permissions\".\"role\", \"role_permissions\".\"permission_id\", \"role_permissions\".\"granted_at\", \"role_permissions\".\"granted_by\", \"permission\".\"id\" AS \"permission.id\", \"permission\".\"name\" AS \"permission.name\", \"permission\".\"description\" AS \"permission.description\" FROM \"core\".\"role_permissions\" AS \"role_permissions\" LEFT OUTER JOIN \"core\".\"permissions\" AS \"permission\" ON \"role_permissions\".\"permission_id\" = \"permission\".\"id\" WHERE \"role_permissions\".\"role\" = 'doctor';\u001b[39m","timestamp":"2026-01-05 22:34:38:3438"}
{"level":"\u001b[37mdebug\u001b[39m","message":"\u001b[37mExecuting (default): SELECT \"role_permissions\".\"id\", \"role_permissions\".\"role\", \"role_permissions\".\"permission_id\", \"role_permissions\".\"granted_at\", \"role_permissions\".\"granted_by\", \"permission\".\"id\" AS \"permission.id\", \"permission\".\"name\" AS \"permission.name\", \"permission\".\"description\" AS \"permission.description\" FROM \"core\".\"role_permissions\" AS \"role_permissions\" LEFT OUTER JOIN \"core\".\"permissions\" AS \"permission\" ON \"role_permissions\".\"permission_id\" = \"permission\".\"id\" WHERE \"role_permissions\".\"role\" = 'doctor';\u001b[39m","timestamp":"2026-01-05 22:34:38:3438"}
{"level":"\u001b[37mdebug\u001b[39m","message":"\u001b[37mExecuting (default): SELECT \"role_permissions\".\"id\", \"role_permissions\".\"role\", \"role_permissions\".\"permission_id\", \"role_permissions\".\"granted_at\", \"role_permissions\".\"granted_by\", \"permission\".\"id\" AS \"permission.id\", \"permission\".\"name\" AS \"permission.name\", \"permission\".\"description\" AS \"permission.description\" FROM \"core\".\"role_permissions\" AS \"role_permissions\" LEFT OUTER JOIN \"core\".\"permissions\" AS \"permission\" ON \"role_permissions\".\"permission_id\" = \"permission\".\"id\" WHERE \"role_permissions\".\"role\" = 'doctor';\u001b[39m","timestamp":"2026-01-05 22:34:38:3438"}
{"level":"\u001b[37mdebug\u001b[39m","message":"\u001b[37mExecuting (default): SELECT \"role_permissions\".\"id\", \"role_permissions\".\"role\", \"role_permissions\".\"permission_id\", \"role_permissions\".\"granted_at\", \"role_permissions\".\"granted_by\", \"permission\".\"id\" AS \"permission.id\", \"permission\".\"name\" AS \"permission.name\", \"permission\".\"description\" AS \"permission.description\" FROM \"core\".\"role_permissions\" AS \"role_permissions\" LEFT OUTER JOIN \"core\".\"permissions\" AS \"permission\" ON \"role_permissions\".\"permission_id\" = \"permission\".\"id\" WHERE \"role_permissions\".\"role\" = 'warehouse_manager';\u001b[39m","timestamp":"2026-01-05 22:34:38:3438"}
{"level":"\u001b[37mdebug\u001b[39m","message":"\u001b[37mExecuting (default): SELECT \"role_permissions\".\"id\", \"role_permissions\".\"role\", \"role_permissions\".\"permission_id\", \"role_permissions\".\"granted_at\", \"role_permissions\".\"granted_by\", \"permission\".\"id\" AS \"permission.id\", \"permission\".\"name\" AS \"permission.name\", \"permission\".\"description\" AS \"permission.description\" FROM \"core\".\"role_permissions\" AS \"role_permissions\" LEFT OUTER JOIN \"core\".\"permissions\" AS \"permission\" ON \"role_permissions\".\"permission_id\" = \"permission\".\"id\" WHERE \"role_permissions\".\"role\" = 'doctor';\u001b[39m","timestamp":"2026-01-05 22:34:38:3438"}
{"level":"\u001b[37mdebug\u001b[39m","message":"\u001b[37mExecuting (default): SELECT \"role_permissions\".\"id\", \"role_permissions\".\"role\", \"role_permissions\".\"permission_id\", \"role_permissions\".\"granted_at\", \"role_permissions\".\"granted_by\", \"permission\".\"id\" AS \"permission.id\", \"permission\".\"name\" AS \"permission.name\", \"permission\".\"description\" AS \"permission.description\" FROM \"core\".\"role_permissions\" AS \"role_permissions\" LEFT OUTER JOIN \"core\".\"permissions\" AS \"permission\" ON \"role_permissions\".\"permission_id\" = \"permission\".\"id\" WHERE \"role_permissions\".\"role\" = 'doctor';\u001b[39m","timestamp":"2026-01-05 22:34:38:3438"}
{"level":"\u001b[37mdebug\u001b[39m","message":"\u001b[37mExecuting (default): SELECT \"role_permissions\".\"id\", \"role_permissions\".\"role\", \"role_permissions\".\"permission_id\", \"role_permissions\".\"granted_at\", \"role_permissions\".\"granted_by\", \"permission\".\"id\" AS \"permission.id\", \"permission\".\"name\" AS \"permission.name\", \"permission\".\"description\" AS \"permission.description\" FROM \"core\".\"role_permissions\" AS \"role_permissions\" LEFT OUTER JOIN \"core\".\"permissions\" AS \"permission\" ON \"role_permissions\".\"permission_id\" = \"permission\".\"id\" WHERE \"role_permissions\".\"role\" = 'admin';\u001b[39m","timestamp":"2026-01-05 22:34:38:3438"}
{"level":"\u001b[37mdebug\u001b[39m","message":"\u001b[37mExecuting (default): SELECT \"role_permissions\".\"id\", \"role_permissions\".\"role\", \"role_permissions\".\"permission_id\", \"role_permissions\".\"granted_at\", \"role_permissions\".\"granted_by\", \"permission\".\"id\" AS \"permission.id\", \"permission\".\"name\" AS \"permission.name\", \"permission\".\"description\" AS \"permission.description\" FROM \"core\".\"role_permissions\" AS \"role_permissions\" LEFT OUTER JOIN \"core\".\"permissions\" AS \"permission\" ON \"role_permissions\".\"permission_id\" = \"permission\".\"id\" WHERE \"role_permissions\".\"role\" = 'super_admin';\u001b[39m","timestamp":"2026-01-05 22:34:38:3438"}
{"level":"\u001b[32minfo\u001b[39m","message":"\u001b[32m\u001b[0mGET /api/v1/users/users \u001b[32m200\u001b[0m 226.001 ms - 112540\u001b[0m\u001b[39m","timestamp":"2026-01-05 22:34:38:3438"}
{"level":"\u001b[37mdebug\u001b[39m","message":"\u001b[37mExecuting (default): SELECT count(*) AS \"count\" FROM \"core\".\"users\" AS \"users\";\u001b[39m","timestamp":"2026-01-05 22:34:38:3438"}
{"level":"\u001b[37mdebug\u001b[39m","message":"\u001b[37mExecuting (default): SELECT count(*) AS \"count\" FROM \"core\".\"users\" AS \"users\" WHERE \"users\".\"is_active\" = true;\u001b[39m","timestamp":"2026-01-05 22:34:38:3438"}
{"level":"\u001b[37mdebug\u001b[39m","message":"\u001b[37mExecuting (default): SELECT count(*) AS \"count\" FROM \"core\".\"users\" AS \"users\" WHERE \"users\".\"is_active\" = false;\u001b[39m","timestamp":"2026-01-05 22:34:38:3438"}
{"level":"\u001b[37mdebug\u001b[39m","message":"\u001b[37mExecuting (default): SELECT count(*) AS \"count\" FROM \"core\".\"users\" AS \"users\" WHERE \"users\".\"role\" = 'admin';\u001b[39m","timestamp":"2026-01-05 22:34:38:3438"}
{"level":"\u001b[37mdebug\u001b[39m","message":"\u001b[37mExecuting (default): SELECT \"id\", \"username\", \"email\", \"full_name\", \"role\", \"is_active\", \"last_login\", \"password_changed_at\", \"failed_login_attempts\", \"locked_until\", \"created_by\", \"updated_by\", \"created_at\", \"updated_at\" FROM \"core\".\"users\" AS \"users\" ORDER BY \"users\".\"created_at\" DESC LIMIT 20 OFFSET 0;\u001b[39m","timestamp":"2026-01-05 22:34:38:3438"}
{"level":"\u001b[37mdebug\u001b[39m","message":"\u001b[37mExecuting (default): SELECT \"role_permissions\".\"id\", \"role_permissions\".\"role\", \"role_permissions\".\"permission_id\", \"role_permissions\".\"granted_at\", \"role_permissions\".\"granted_by\", \"permission\".\"id\" AS \"permission.id\", \"permission\".\"name\" AS \"permission.name\", \"permission\".\"description\" AS \"permission.description\" FROM \"core\".\"role_permissions\" AS \"role_permissions\" LEFT OUTER JOIN \"core\".\"permissions\" AS \"permission\" ON \"role_permissions\".\"permission_id\" = \"permission\".\"id\" WHERE \"role_permissions\".\"role\" = 'doctor';\u001b[39m","timestamp":"2026-01-05 22:34:38:3438"}
{"level":"\u001b[37mdebug\u001b[39m","message":"\u001b[37mExecuting (default): SELECT \"role_permissions\".\"id\", \"role_permissions\".\"role\", \"role_permissions\".\"permission_id\", \"role_permissions\".\"granted_at\", \"role_permissions\".\"granted_by\", \"permission\".\"id\" AS \"permission.id\", \"permission\".\"name\" AS \"permission.name\", \"permission\".\"description\" AS \"permission.description\" FROM \"core\".\"role_permissions\" AS \"role_permissions\" LEFT OUTER JOIN \"core\".\"permissions\" AS \"permission\" ON \"role_permissions\".\"permission_id\" = \"permission\".\"id\" WHERE \"role_permissions\".\"role\" = 'doctor';\u001b[39m","timestamp":"2026-01-05 22:34:38:3438"}
{"level":"\u001b[37mdebug\u001b[39m","message":"\u001b[37mExecuting (default): SELECT \"role_permissions\".\"id\", \"role_permissions\".\"role\", \"role_permissions\".\"permission_id\", \"role_permissions\".\"granted_at\", \"role_permissions\".\"granted_by\", \"permission\".\"id\" AS \"permission.id\", \"permission\".\"name\" AS \"permission.name\", \"permission\".\"description\" AS \"permission.description\" FROM \"core\".\"role_permissions\" AS \"role_permissions\" LEFT OUTER JOIN \"core\".\"permissions\" AS \"permission\" ON \"role_permissions\".\"permission_id\" = \"permission\".\"id\" WHERE \"role_permissions\".\"role\" = 'doctor';\u001b[39m","timestamp":"2026-01-05 22:34:38:3438"}
{"level":"\u001b[37mdebug\u001b[39m","message":"\u001b[37mExecuting (default): SELECT \"role_permissions\".\"id\", \"role_permissions\".\"role\", \"role_permissions\".\"permission_id\", \"role_permissions\".\"granted_at\", \"role_permissions\".\"granted_by\", \"permission\".\"id\" AS \"permission.id\", \"permission\".\"name\" AS \"permission.name\", \"permission\".\"description\" AS \"permission.description\" FROM \"core\".\"role_permissions\" AS \"role_permissions\" LEFT OUTER JOIN \"core\".\"permissions\" AS \"permission\" ON \"role_permissions\".\"permission_id\" = \"permission\".\"id\" WHERE \"role_permissions\".\"role\" = 'doctor';\u001b[39m","timestamp":"2026-01-05 22:34:38:3438"}
{"level":"\u001b[37mdebug\u001b[39m","message":"\u001b[37mExecuting (default): SELECT \"role_permissions\".\"id\", \"role_permissions\".\"role\", \"role_permissions\".\"permission_id\", \"role_permissions\".\"granted_at\", \"role_permissions\".\"granted_by\", \"permission\".\"id\" AS \"permission.id\", \"permission\".\"name\" AS \"permission.name\", \"permission\".\"description\" AS \"permission.description\" FROM \"core\".\"role_permissions\" AS \"role_permissions\" LEFT OUTER JOIN \"core\".\"permissions\" AS \"permission\" ON \"role_permissions\".\"permission_id\" = \"permission\".\"id\" WHERE \"role_permissions\".\"role\" = 'doctor';\u001b[39m","timestamp":"2026-01-05 22:34:38:3438"}
{"level":"\u001b[37mdebug\u001b[39m","message":"\u001b[37mExecuting (default): SELECT \"role_permissions\".\"id\", \"role_permissions\".\"role\", \"role_permissions\".\"permission_id\", \"role_permissions\".\"granted_at\", \"role_permissions\".\"granted_by\", \"permission\".\"id\" AS \"permission.id\", \"permission\".\"name\" AS \"permission.name\", \"permission\".\"description\" AS \"permission.description\" FROM \"core\".\"role_permissions\" AS \"role_permissions\" LEFT OUTER JOIN \"core\".\"permissions\" AS \"permission\" ON \"role_permissions\".\"permission_id\" = \"permission\".\"id\" WHERE \"role_permissions\".\"role\" = 'warehouse_manager';\u001b[39m","timestamp":"2026-01-05 22:34:38:3438"}
{"level":"\u001b[37mdebug\u001b[39m","message":"\u001b[37mExecuting (default): SELECT \"role_permissions\".\"id\", \"role_permissions\".\"role\", \"role_permissions\".\"permission_id\", \"role_permissions\".\"granted_at\", \"role_permissions\".\"granted_by\", \"permission\".\"id\" AS \"permission.id\", \"permission\".\"name\" AS \"permission.name\", \"permission\".\"description\" AS \"permission.description\" FROM \"core\".\"role_permissions\" AS \"role_permissions\" LEFT OUTER JOIN \"core\".\"permissions\" AS \"permission\" ON \"role_permissions\".\"permission_id\" = \"permission\".\"id\" WHERE \"role_permissions\".\"role\" = 'doctor';\u001b[39m","timestamp":"2026-01-05 22:34:38:3438"}
{"level":"\u001b[37mdebug\u001b[39m","message":"\u001b[37mExecuting (default): SELECT \"role_permissions\".\"id\", \"role_permissions\".\"role\", \"role_permissions\".\"permission_id\", \"role_permissions\".\"granted_at\", \"role_permissions\".\"granted_by\", \"permission\".\"id\" AS \"permission.id\", \"permission\".\"name\" AS \"permission.name\", \"permission\".\"description\" AS \"permission.description\" FROM \"core\".\"role_permissions\" AS \"role_permissions\" LEFT OUTER JOIN \"core\".\"permissions\" AS \"permission\" ON \"role_permissions\".\"permission_id\" = \"permission\".\"id\" WHERE \"role_permissions\".\"role\" = 'doctor';\u001b[39m","timestamp":"2026-01-05 22:34:38:3438"}
{"level":"\u001b[37mdebug\u001b[39m","message":"\u001b[37mExecuting (default): SELECT \"role_permissions\".\"id\", \"role_permissions\".\"role\", \"role_permissions\".\"permission_id\", \"role_permissions\".\"granted_at\", \"role_permissions\".\"granted_by\", \"permission\".\"id\" AS \"permission.id\", \"permission\".\"name\" AS \"permission.name\", \"permission\".\"description\" AS \"permission.description\" FROM \"core\".\"role_permissions\" AS \"role_permissions\" LEFT OUTER JOIN \"core\".\"permissions\" AS \"permission\" ON \"role_permissions\".\"permission_id\" = \"permission\".\"id\" WHERE \"role_permissions\".\"role\" = 'admin';\u001b[39m","timestamp":"2026-01-05 22:34:38:3438"}
{"level":"\u001b[37mdebug\u001b[39m","message":"\u001b[37mExecuting (default): SELECT \"role_permissions\".\"id\", \"role_permissions\".\"role\", \"role_permissions\".\"permission_id\", \"role_permissions\".\"granted_at\", \"role_permissions\".\"granted_by\", \"permission\".\"id\" AS \"permission.id\", \"permission\".\"name\" AS \"permission.name\", \"permission\".\"description\" AS \"permission.description\" FROM \"core\".\"role_permissions\" AS \"role_permissions\" LEFT OUTER JOIN \"core\".\"permissions\" AS \"permission\" ON \"role_permissions\".\"permission_id\" = \"permission\".\"id\" WHERE \"role_permissions\".\"role\" = 'super_admin';\u001b[39m","timestamp":"2026-01-05 22:34:38:3438"}
{"level":"\u001b[32minfo\u001b[39m","message":"\u001b[32m\u001b[0mGET /api/v1/users/users \u001b[32m200\u001b[0m 194.398 ms - 112540\u001b[0m\u001b[39m","timestamp":"2026-01-05 22:34:38:3438"}
{"level":"\u001b[32minfo\u001b[39m","message":"\u001b[32m\u001b[0mPOST /api/v1/users/users \u001b[33m404\u001b[0m 4.611 ms - 158\u001b[0m\u001b[39m","timestamp":"2026-01-05 22:35:13:3513"}
{"level":"\u001b[32minfo\u001b[39m","message":"\u001b[32m\u001b[0mPOST /api/v1/users/users \u001b[33m404\u001b[0m 1.367 ms - 158\u001b[0m\u001b[39m","timestamp":"2026-01-05 22:35:28:3528"}
{"level":"\u001b[32minfo\u001b[39m","message":"\u001b[32m\u001b[0mGET /api/v1/users/users \u001b[33m401\u001b[0m 0.711 ms - 47\u001b[0m\u001b[39m","timestamp":"2026-01-05 22:35:36:3536"}
{"level":"\u001b[32minfo\u001b[39m","message":"\u001b[32m\u001b[0mGET /favicon.ico \u001b[33m404\u001b[0m 2.239 ms - 150\u001b[0m\u001b[39m","timestamp":"2026-01-05 22:35:36:3536"}
{"level":"\u001b[32minfo\u001b[39m","message":"\u001b[32m\u001b[0mPOST /api/v1/users/users \u001b[33m404\u001b[0m 2.717 ms - 158\u001b[0m\u001b[39m","timestamp":"2026-01-05 22:35:45:3545"}
{"level":"\u001b[37mdebug\u001b[39m","message":"\u001b[37mExecuting (default): SELECT count(*) AS \"count\" FROM \"core\".\"users\" AS \"users\";\u001b[39m","timestamp":"2026-01-05 22:37:03:373"}
{"level":"\u001b[37mdebug\u001b[39m","message":"\u001b[37mExecuting (default): SELECT count(*) AS \"count\" FROM \"core\".\"users\" AS \"users\" WHERE \"users\".\"is_active\" = true;\u001b[39m","timestamp":"2026-01-05 22:37:03:373"}
{"level":"\u001b[37mdebug\u001b[39m","message":"\u001b[37mExecuting (default): SELECT count(*) AS \"count\" FROM \"core\".\"users\" AS \"users\" WHERE \"users\".\"is_active\" = false;\u001b[39m","timestamp":"2026-01-05 22:37:03:373"}
{"level":"\u001b[37mdebug\u001b[39m","message":"\u001b[37mExecuting (default): SELECT count(*) AS \"count\" FROM \"core\".\"users\" AS \"users\" WHERE \"users\".\"role\" = 'admin';\u001b[39m","timestamp":"2026-01-05 22:37:03:373"}
{"level":"\u001b[37mdebug\u001b[39m","message":"\u001b[37mExecuting (default): SELECT \"id\", \"username\", \"email\", \"full_name\", \"role\", \"is_active\", \"last_login\", \"password_changed_at\", \"failed_login_attempts\", \"locked_until\", \"created_by\", \"updated_by\", \"created_at\", \"updated_at\" FROM \"core\".\"users\" AS \"users\" ORDER BY \"users\".\"created_at\" DESC LIMIT 20 OFFSET 0;\u001b[39m","timestamp":"2026-01-05 22:37:03:373"}
{"level":"\u001b[37mdebug\u001b[39m","message":"\u001b[37mExecuting (default): SELECT \"role_permissions\".\"id\", \"role_permissions\".\"role\", \"role_permissions\".\"permission_id\", \"role_permissions\".\"granted_at\", \"role_permissions\".\"granted_by\", \"permission\".\"id\" AS \"permission.id\", \"permission\".\"name\" AS \"permission.name\", \"permission\".\"description\" AS \"permission.description\" FROM \"core\".\"role_permissions\" AS \"role_permissions\" LEFT OUTER JOIN \"core\".\"permissions\" AS \"permission\" ON \"role_permissions\".\"permission_id\" = \"permission\".\"id\" WHERE \"role_permissions\".\"role\" = 'doctor';\u001b[39m","timestamp":"2026-01-05 22:37:03:373"}
{"level":"\u001b[37mdebug\u001b[39m","message":"\u001b[37mExecuting (default): SELECT \"role_permissions\".\"id\", \"role_permissions\".\"role\", \"role_permissions\".\"permission_id\", \"role_permissions\".\"granted_at\", \"role_permissions\".\"granted_by\", \"permission\".\"id\" AS \"permission.id\", \"permission\".\"name\" AS \"permission.name\", \"permission\".\"description\" AS \"permission.description\" FROM \"core\".\"role_permissions\" AS \"role_permissions\" LEFT OUTER JOIN \"core\".\"permissions\" AS \"permission\" ON \"role_permissions\".\"permission_id\" = \"permission\".\"id\" WHERE \"role_permissions\".\"role\" = 'doctor';\u001b[39m","timestamp":"2026-01-05 22:37:03:373"}
{"level":"\u001b[37mdebug\u001b[39m","message":"\u001b[37mExecuting (default): SELECT \"role_permissions\".\"id\", \"role_permissions\".\"role\", \"role_permissions\".\"permission_id\", \"role_permissions\".\"granted_at\", \"role_permissions\".\"granted_by\", \"permission\".\"id\" AS \"permission.id\", \"permission\".\"name\" AS \"permission.name\", \"permission\".\"description\" AS \"permission.description\" FROM \"core\".\"role_permissions\" AS \"role_permissions\" LEFT OUTER JOIN \"core\".\"permissions\" AS \"permission\" ON \"role_permissions\".\"permission_id\" = \"permission\".\"id\" WHERE \"role_permissions\".\"role\" = 'doctor';\u001b[39m","timestamp":"2026-01-05 22:37:03:373"}
{"level":"\u001b[37mdebug\u001b[39m","message":"\u001b[37mExecuting (default): SELECT \"role_permissions\".\"id\", \"role_permissions\".\"role\", \"role_permissions\".\"permission_id\", \"role_permissions\".\"granted_at\", \"role_permissions\".\"granted_by\", \"permission\".\"id\" AS \"permission.id\", \"permission\".\"name\" AS \"permission.name\", \"permission\".\"description\" AS \"permission.description\" FROM \"core\".\"role_permissions\" AS \"role_permissions\" LEFT OUTER JOIN \"core\".\"permissions\" AS \"permission\" ON \"role_permissions\".\"permission_id\" = \"permission\".\"id\" WHERE \"role_permissions\".\"role\" = 'doctor';\u001b[39m","timestamp":"2026-01-05 22:37:03:373"}
{"level":"\u001b[37mdebug\u001b[39m","message":"\u001b[37mExecuting (default): SELECT \"role_permissions\".\"id\", \"role_permissions\".\"role\", \"role_permissions\".\"permission_id\", \"role_permissions\".\"granted_at\", \"role_permissions\".\"granted_by\", \"permission\".\"id\" AS \"permission.id\", \"permission\".\"name\" AS \"permission.name\", \"permission\".\"description\" AS \"permission.description\" FROM \"core\".\"role_permissions\" AS \"role_permissions\" LEFT OUTER JOIN \"core\".\"permissions\" AS \"permission\" ON \"role_permissions\".\"permission_id\" = \"permission\".\"id\" WHERE \"role_permissions\".\"role\" = 'doctor';\u001b[39m","timestamp":"2026-01-05 22:37:03:373"}
{"level":"\u001b[37mdebug\u001b[39m","message":"\u001b[37mExecuting (default): SELECT \"role_permissions\".\"id\", \"role_permissions\".\"role\", \"role_permissions\".\"permission_id\", \"role_permissions\".\"granted_at\", \"role_permissions\".\"granted_by\", \"permission\".\"id\" AS \"permission.id\", \"permission\".\"name\" AS \"permission.name\", \"permission\".\"description\" AS \"permission.description\" FROM \"core\".\"role_permissions\" AS \"role_permissions\" LEFT OUTER JOIN \"core\".\"permissions\" AS \"permission\" ON \"role_permissions\".\"permission_id\" = \"permission\".\"id\" WHERE \"role_permissions\".\"role\" = 'warehouse_manager';\u001b[39m","timestamp":"2026-01-05 22:37:03:373"}
{"level":"\u001b[37mdebug\u001b[39m","message":"\u001b[37mExecuting (default): SELECT \"role_permissions\".\"id\", \"role_permissions\".\"role\", \"role_permissions\".\"permission_id\", \"role_permissions\".\"granted_at\", \"role_permissions\".\"granted_by\", \"permission\".\"id\" AS \"permission.id\", \"permission\".\"name\" AS \"permission.name\", \"permission\".\"description\" AS \"permission.description\" FROM \"core\".\"role_permissions\" AS \"role_permissions\" LEFT OUTER JOIN \"core\".\"permissions\" AS \"permission\" ON \"role_permissions\".\"permission_id\" = \"permission\".\"id\" WHERE \"role_permissions\".\"role\" = 'doctor';\u001b[39m","timestamp":"2026-01-05 22:37:03:373"}
{"level":"\u001b[37mdebug\u001b[39m","message":"\u001b[37mExecuting (default): SELECT \"role_permissions\".\"id\", \"role_permissions\".\"role\", \"role_permissions\".\"permission_id\", \"role_permissions\".\"granted_at\", \"role_permissions\".\"granted_by\", \"permission\".\"id\" AS \"permission.id\", \"permission\".\"name\" AS \"permission.name\", \"permission\".\"description\" AS \"permission.description\" FROM \"core\".\"role_permissions\" AS \"role_permissions\" LEFT OUTER JOIN \"core\".\"permissions\" AS \"permission\" ON \"role_permissions\".\"permission_id\" = \"permission\".\"id\" WHERE \"role_permissions\".\"role\" = 'doctor';\u001b[39m","timestamp":"2026-01-05 22:37:03:373"}
{"level":"\u001b[37mdebug\u001b[39m","message":"\u001b[37mExecuting (default): SELECT \"role_permissions\".\"id\", \"role_permissions\".\"role\", \"role_permissions\".\"permission_id\", \"role_permissions\".\"granted_at\", \"role_permissions\".\"granted_by\", \"permission\".\"id\" AS \"permission.id\", \"permission\".\"name\" AS \"permission.name\", \"permission\".\"description\" AS \"permission.description\" FROM \"core\".\"role_permissions\" AS \"role_permissions\" LEFT OUTER JOIN \"core\".\"permissions\" AS \"permission\" ON \"role_permissions\".\"permission_id\" = \"permission\".\"id\" WHERE \"role_permissions\".\"role\" = 'admin';\u001b[39m","timestamp":"2026-01-05 22:37:03:373"}
{"level":"\u001b[37mdebug\u001b[39m","message":"\u001b[37mExecuting (default): SELECT \"role_permissions\".\"id\", \"role_permissions\".\"role\", \"role_permissions\".\"permission_id\", \"role_permissions\".\"granted_at\", \"role_permissions\".\"granted_by\", \"permission\".\"id\" AS \"permission.id\", \"permission\".\"name\" AS \"permission.name\", \"permission\".\"description\" AS \"permission.description\" FROM \"core\".\"role_permissions\" AS \"role_permissions\" LEFT OUTER JOIN \"core\".\"permissions\" AS \"permission\" ON \"role_permissions\".\"permission_id\" = \"permission\".\"id\" WHERE \"role_permissions\".\"role\" = 'super_admin';\u001b[39m","timestamp":"2026-01-05 22:37:03:373"}
{"level":"\u001b[32minfo\u001b[39m","message":"\u001b[32m\u001b[0mGET /api/v1/users/users \u001b[32m200\u001b[0m 124.178 ms - 112540\u001b[0m\u001b[39m","timestamp":"2026-01-05 22:37:03:373"}
{"level":"\u001b[37mdebug\u001b[39m","message":"\u001b[37mExecuting (default): SELECT count(*) AS \"count\" FROM \"core\".\"users\" AS \"users\";\u001b[39m","timestamp":"2026-01-05 22:37:12:3712"}
{"level":"\u001b[37mdebug\u001b[39m","message":"\u001b[37mExecuting (default): SELECT count(*) AS \"count\" FROM \"core\".\"users\" AS \"users\" WHERE \"users\".\"is_active\" = true;\u001b[39m","timestamp":"2026-01-05 22:37:12:3712"}
{"level":"\u001b[37mdebug\u001b[39m","message":"\u001b[37mExecuting (default): SELECT count(*) AS \"count\" FROM \"core\".\"users\" AS \"users\" WHERE \"users\".\"is_active\" = false;\u001b[39m","timestamp":"2026-01-05 22:37:12:3712"}
{"level":"\u001b[37mdebug\u001b[39m","message":"\u001b[37mExecuting (default): SELECT count(*) AS \"count\" FROM \"core\".\"users\" AS \"users\" WHERE \"users\".\"role\" = 'admin';\u001b[39m","timestamp":"2026-01-05 22:37:12:3712"}
{"level":"\u001b[37mdebug\u001b[39m","message":"\u001b[37mExecuting (default): SELECT \"id\", \"username\", \"email\", \"full_name\", \"role\", \"is_active\", \"last_login\", \"password_changed_at\", \"failed_login_attempts\", \"locked_until\", \"created_by\", \"updated_by\", \"created_at\", \"updated_at\" FROM \"core\".\"users\" AS \"users\" ORDER BY \"users\".\"created_at\" DESC LIMIT 20 OFFSET 0;\u001b[39m","timestamp":"2026-01-05 22:37:12:3712"}
{"level":"\u001b[37mdebug\u001b[39m","message":"\u001b[37mExecuting (default): SELECT \"role_permissions\".\"id\", \"role_permissions\".\"role\", \"role_permissions\".\"permission_id\", \"role_permissions\".\"granted_at\", \"role_permissions\".\"granted_by\", \"permission\".\"id\" AS \"permission.id\", \"permission\".\"name\" AS \"permission.name\", \"permission\".\"description\" AS \"permission.description\" FROM \"core\".\"role_permissions\" AS \"role_permissions\" LEFT OUTER JOIN \"core\".\"permissions\" AS \"permission\" ON \"role_permissions\".\"permission_id\" = \"permission\".\"id\" WHERE \"role_permissions\".\"role\" = 'doctor';\u001b[39m","timestamp":"2026-01-05 22:37:12:3712"}
{"level":"\u001b[37mdebug\u001b[39m","message":"\u001b[37mExecuting (default): SELECT \"role_permissions\".\"id\", \"role_permissions\".\"role\", \"role_permissions\".\"permission_id\", \"role_permissions\".\"granted_at\", \"role_permissions\".\"granted_by\", \"permission\".\"id\" AS \"permission.id\", \"permission\".\"name\" AS \"permission.name\", \"permission\".\"description\" AS \"permission.description\" FROM \"core\".\"role_permissions\" AS \"role_permissions\" LEFT OUTER JOIN \"core\".\"permissions\" AS \"permission\" ON \"role_permissions\".\"permission_id\" = \"permission\".\"id\" WHERE \"role_permissions\".\"role\" = 'doctor';\u001b[39m","timestamp":"2026-01-05 22:37:12:3712"}
{"level":"\u001b[37mdebug\u001b[39m","message":"\u001b[37mExecuting (default): SELECT \"role_permissions\".\"id\", \"role_permissions\".\"role\", \"role_permissions\".\"permission_id\", \"role_permissions\".\"granted_at\", \"role_permissions\".\"granted_by\", \"permission\".\"id\" AS \"permission.id\", \"permission\".\"name\" AS \"permission.name\", \"permission\".\"description\" AS \"permission.description\" FROM \"core\".\"role_permissions\" AS \"role_permissions\" LEFT OUTER JOIN \"core\".\"permissions\" AS \"permission\" ON \"role_permissions\".\"permission_id\" = \"permission\".\"id\" WHERE \"role_permissions\".\"role\" = 'doctor';\u001b[39m","timestamp":"2026-01-05 22:37:12:3712"}
{"level":"\u001b[37mdebug\u001b[39m","message":"\u001b[37mExecuting (default): SELECT \"role_permissions\".\"id\", \"role_permissions\".\"role\", \"role_permissions\".\"permission_id\", \"role_permissions\".\"granted_at\", \"role_permissions\".\"granted_by\", \"permission\".\"id\" AS \"permission.id\", \"permission\".\"name\" AS \"permission.name\", \"permission\".\"description\" AS \"permission.description\" FROM \"core\".\"role_permissions\" AS \"role_permissions\" LEFT OUTER JOIN \"core\".\"permissions\" AS \"permission\" ON \"role_permissions\".\"permission_id\" = \"permission\".\"id\" WHERE \"role_permissions\".\"role\" = 'doctor';\u001b[39m","timestamp":"2026-01-05 22:37:12:3712"}
{"level":"\u001b[37mdebug\u001b[39m","message":"\u001b[37mExecuting (default): SELECT \"role_permissions\".\"id\", \"role_permissions\".\"role\", \"role_permissions\".\"permission_id\", \"role_permissions\".\"granted_at\", \"role_permissions\".\"granted_by\", \"permission\".\"id\" AS \"permission.id\", \"permission\".\"name\" AS \"permission.name\", \"permission\".\"description\" AS \"permission.description\" FROM \"core\".\"role_permissions\" AS \"role_permissions\" LEFT OUTER JOIN \"core\".\"permissions\" AS \"permission\" ON \"role_permissions\".\"permission_id\" = \"permission\".\"id\" WHERE \"role_permissions\".\"role\" = 'doctor';\u001b[39m","timestamp":"2026-01-05 22:37:12:3712"}
{"level":"\u001b[37mdebug\u001b[39m","message":"\u001b[37mExecuting (default): SELECT \"role_permissions\".\"id\", \"role_permissions\".\"role\", \"role_permissions\".\"permission_id\", \"role_permissions\".\"granted_at\", \"role_permissions\".\"granted_by\", \"permission\".\"id\" AS \"permission.id\", \"permission\".\"name\" AS \"permission.name\", \"permission\".\"description\" AS \"permission.description\" FROM \"core\".\"role_permissions\" AS \"role_permissions\" LEFT OUTER JOIN \"core\".\"permissions\" AS \"permission\" ON \"role_permissions\".\"permission_id\" = \"permission\".\"id\" WHERE \"role_permissions\".\"role\" = 'warehouse_manager';\u001b[39m","timestamp":"2026-01-05 22:37:12:3712"}
{"level":"\u001b[37mdebug\u001b[39m","message":"\u001b[37mExecuting (default): SELECT \"role_permissions\".\"id\", \"role_permissions\".\"role\", \"role_permissions\".\"permission_id\", \"role_permissions\".\"granted_at\", \"role_permissions\".\"granted_by\", \"permission\".\"id\" AS \"permission.id\", \"permission\".\"name\" AS \"permission.name\", \"permission\".\"description\" AS \"permission.description\" FROM \"core\".\"role_permissions\" AS \"role_permissions\" LEFT OUTER JOIN \"core\".\"permissions\" AS \"permission\" ON \"role_permissions\".\"permission_id\" = \"permission\".\"id\" WHERE \"role_permissions\".\"role\" = 'doctor';\u001b[39m","timestamp":"2026-01-05 22:37:12:3712"}
{"level":"\u001b[37mdebug\u001b[39m","message":"\u001b[37mExecuting (default): SELECT \"role_permissions\".\"id\", \"role_permissions\".\"role\", \"role_permissions\".\"permission_id\", \"role_permissions\".\"granted_at\", \"role_permissions\".\"granted_by\", \"permission\".\"id\" AS \"permission.id\", \"permission\".\"name\" AS \"permission.name\", \"permission\".\"description\" AS \"permission.description\" FROM \"core\".\"role_permissions\" AS \"role_permissions\" LEFT OUTER JOIN \"core\".\"permissions\" AS \"permission\" ON \"role_permissions\".\"permission_id\" = \"permission\".\"id\" WHERE \"role_permissions\".\"role\" = 'doctor';\u001b[39m","timestamp":"2026-01-05 22:37:12:3712"}
{"level":"\u001b[37mdebug\u001b[39m","message":"\u001b[37mExecuting (default): SELECT \"role_permissions\".\"id\", \"role_permissions\".\"role\", \"role_permissions\".\"permission_id\", \"role_permissions\".\"granted_at\", \"role_permissions\".\"granted_by\", \"permission\".\"id\" AS \"permission.id\", \"permission\".\"name\" AS \"permission.name\", \"permission\".\"description\" AS \"permission.description\" FROM \"core\".\"role_permissions\" AS \"role_permissions\" LEFT OUTER JOIN \"core\".\"permissions\" AS \"permission\" ON \"role_permissions\".\"permission_id\" = \"permission\".\"id\" WHERE \"role_permissions\".\"role\" = 'admin';\u001b[39m","timestamp":"2026-01-05 22:37:12:3712"}
{"level":"\u001b[37mdebug\u001b[39m","message":"\u001b[37mExecuting (default): SELECT \"role_permissions\".\"id\", \"role_permissions\".\"role\", \"role_permissions\".\"permission_id\", \"role_permissions\".\"granted_at\", \"role_permissions\".\"granted_by\", \"permission\".\"id\" AS \"permission.id\", \"permission\".\"name\" AS \"permission.name\", \"permission\".\"description\" AS \"permission.description\" FROM \"core\".\"role_permissions\" AS \"role_permissions\" LEFT OUTER JOIN \"core\".\"permissions\" AS \"permission\" ON \"role_permissions\".\"permission_id\" = \"permission\".\"id\" WHERE \"role_permissions\".\"role\" = 'super_admin';\u001b[39m","timestamp":"2026-01-05 22:37:12:3712"}
{"level":"\u001b[32minfo\u001b[39m","message":"\u001b[32m\u001b[0mGET /api/v1/users/users \u001b[32m200\u001b[0m 108.173 ms - 112540\u001b[0m\u001b[39m","timestamp":"2026-01-05 22:37:12:3712"}
{"level":"\u001b[32minfo\u001b[39m","message":"\u001b[32m\u001b[0mPOST /api/v1/users/users \u001b[33m404\u001b[0m 1.803 ms - 158\u001b[0m\u001b[39m","timestamp":"2026-01-05 22:44:21:4421"}
{"level":"\u001b[32minfo\u001b[39m","message":"\u001b[32m🚀 Server is running on port 3002\u001b[39m","timestamp":"2026-01-05 22:53:45:5345"}
{"level":"\u001b[32minfo\u001b[39m","message":"\u001b[32m📚 API Documentation: http://localhost:3002/api-docs\u001b[39m","timestamp":"2026-01-05 22:53:45:5345"}
{"level":"\u001b[32minfo\u001b[39m","message":"\u001b[32m🔍 API v1: http://localhost:3002/api/v1\u001b[39m","timestamp":"2026-01-05 22:53:45:5345"}
{"level":"\u001b[32minfo\u001b[39m","message":"\u001b[32m❤️  Health check: http://localhost:3002/health\u001b[39m","timestamp":"2026-01-05 22:53:45:5345"}
{"level":"\u001b[37mdebug\u001b[39m","message":"\u001b[37mExecuting (default): SELECT 1+1 AS result\u001b[39m","timestamp":"2026-01-05 22:53:45:5345"}
{"level":"\u001b[32minfo\u001b[39m","message":"\u001b[32m✅ Database connection established successfully\u001b[39m","timestamp":"2026-01-05 22:53:45:5345"}
{"level":"\u001b[32minfo\u001b[39m","message":"\u001b[32m📊 Connected to: dev-cmdv@localhost\u001b[39m","timestamp":"2026-01-05 22:53:45:5345"}
{"level":"\u001b[32minfo\u001b[39m","message":"\u001b[32m🚀 Server is running on port 3002\u001b[39m","timestamp":"2026-01-05 22:59:41:5941"}
{"level":"\u001b[32minfo\u001b[39m","message":"\u001b[32m📚 API Documentation: http://localhost:3002/api-docs\u001b[39m","timestamp":"2026-01-05 22:59:41:5941"}
{"level":"\u001b[32minfo\u001b[39m","message":"\u001b[32m🔍 API v1: http://localhost:3002/api/v1\u001b[39m","timestamp":"2026-01-05 22:59:41:5941"}
{"level":"\u001b[32minfo\u001b[39m","message":"\u001b[32m❤️  Health check: http://localhost:3002/health\u001b[39m","timestamp":"2026-01-05 22:59:41:5941"}
{"level":"\u001b[37mdebug\u001b[39m","message":"\u001b[37mExecuting (default): SELECT 1+1 AS result\u001b[39m","timestamp":"2026-01-05 22:59:41:5941"}
{"level":"\u001b[32minfo\u001b[39m","message":"\u001b[32m✅ Database connection established successfully\u001b[39m","timestamp":"2026-01-05 22:59:41:5941"}
{"level":"\u001b[32minfo\u001b[39m","message":"\u001b[32m📊 Connected to: dev-cmdv@localhost\u001b[39m","timestamp":"2026-01-05 22:59:41:5941"}
{"errors":[{"instance":{"_changed":{},"_options":{"_schema":"core","_schemaDelimiter":"","isNewRecord":true},"_previousDataValues":{},"dataValues":{"created_at":{},"email":"jesimon@tigo.com.gt","failed_login_attempts":0,"full_name":"jesimon","id":"81ec38ac-7b7a-47e2-98bd-accea0cdbcba","is_active":true,"role":"receptionist","updated_at":{},"username":"jesimon@tigo.com.gt"},"isNewRecord":true,"uniqno":1},"message":"users.password_hash cannot be null","origin":"CORE","path":"password_hash","type":"notNull Violation","validatorArgs":[],"validatorKey":"is_null","validatorName":null,"value":null}],"level":"\u001b[31merror\u001b[39m","message":"\u001b[31mError creating user:\u001b[39m","name":"SequelizeValidationError","timestamp":"2026-01-05 23:01:08:18"}
{"level":"\u001b[32minfo\u001b[39m","message":"\u001b[32m\u001b[0mPOST /api/v1/users/users \u001b[31m500\u001b[0m 22.154 ms - 74\u001b[0m\u001b[39m","timestamp":"2026-01-05 23:01:08:18"}
{"level":"\u001b[32minfo\u001b[39m","message":"\u001b[32m🚀 Server is running on port 3002\u001b[39m","timestamp":"2026-01-05 23:07:23:723"}
{"level":"\u001b[32minfo\u001b[39m","message":"\u001b[32m📚 API Documentation: http://localhost:3002/api-docs\u001b[39m","timestamp":"2026-01-05 23:07:23:723"}
{"level":"\u001b[32minfo\u001b[39m","message":"\u001b[32m🔍 API v1: http://localhost:3002/api/v1\u001b[39m","timestamp":"2026-01-05 23:07:23:723"}
{"level":"\u001b[32minfo\u001b[39m","message":"\u001b[32m❤️  Health check: http://localhost:3002/health\u001b[39m","timestamp":"2026-01-05 23:07:23:723"}
{"level":"\u001b[37mdebug\u001b[39m","message":"\u001b[37mExecuting (default): SELECT 1+1 AS result\u001b[39m","timestamp":"2026-01-05 23:07:23:723"}
{"level":"\u001b[32minfo\u001b[39m","message":"\u001b[32m✅ Database connection established successfully\u001b[39m","timestamp":"2026-01-05 23:07:24:724"}
{"level":"\u001b[32minfo\u001b[39m","message":"\u001b[32m📊 Connected to: dev-cmdv@localhost\u001b[39m","timestamp":"2026-01-05 23:07:24:724"}
{"level":"\u001b[31merror\u001b[39m","message":"\u001b[31mError creating user:\u001b[39m","timestamp":"2026-01-05 23:07:26:726"}
{"level":"\u001b[32minfo\u001b[39m","message":"\u001b[32m\u001b[0mPOST /api/v1/users/users \u001b[31m500\u001b[0m 12.994 ms - 74\u001b[0m\u001b[39m","timestamp":"2026-01-05 23:07:26:726"}
{"level":"\u001b[32minfo\u001b[39m","message":"\u001b[32m🚀 Server is running on port 3002\u001b[39m","timestamp":"2026-01-05 23:08:09:89"}
{"level":"\u001b[32minfo\u001b[39m","message":"\u001b[32m📚 API Documentation: http://localhost:3002/api-docs\u001b[39m","timestamp":"2026-01-05 23:08:09:89"}
{"level":"\u001b[32minfo\u001b[39m","message":"\u001b[32m🔍 API v1: http://localhost:3002/api/v1\u001b[39m","timestamp":"2026-01-05 23:08:09:89"}
{"level":"\u001b[32minfo\u001b[39m","message":"\u001b[32m❤️  Health check: http://localhost:3002/health\u001b[39m","timestamp":"2026-01-05 23:08:09:89"}
{"level":"\u001b[37mdebug\u001b[39m","message":"\u001b[37mExecuting (default): SELECT 1+1 AS result\u001b[39m","timestamp":"2026-01-05 23:08:09:89"}
{"level":"\u001b[32minfo\u001b[39m","message":"\u001b[32m✅ Database connection established successfully\u001b[39m","timestamp":"2026-01-05 23:08:09:89"}
{"level":"\u001b[32minfo\u001b[39m","message":"\u001b[32m📊 Connected to: dev-cmdv@localhost\u001b[39m","timestamp":"2026-01-05 23:08:09:89"}
{"level":"\u001b[31merror\u001b[39m","message":"\u001b[31mError creating user:\u001b[39m","timestamp":"2026-01-05 23:08:11:811"}
{"level":"\u001b[32minfo\u001b[39m","message":"\u001b[32m\u001b[0mPOST /api/v1/users/users \u001b[31m500\u001b[0m 12.504 ms - 115\u001b[0m\u001b[39m","timestamp":"2026-01-05 23:08:11:811"}
{"level":"\u001b[37mdebug\u001b[39m","message":"\u001b[37mExecuting (default): INSERT INTO \"core\".\"users\" (\"id\",\"username\",\"email\",\"password_hash\",\"full_name\",\"role\",\"is_active\",\"failed_login_attempts\",\"created_at\",\"updated_at\") VALUES ($1,$2,$3,$4,$5,$6,$7,$8,$9,$10) RETURNING \"id\",\"username\",\"email\",\"password_hash\",\"full_name\",\"role\",\"is_active\",\"last_login\",\"password_changed_at\",\"failed_login_attempts\",\"locked_until\",\"created_by\",\"updated_by\",\"created_at\",\"updated_at\";\u001b[39m","timestamp":"2026-01-05 23:09:15:915"}
{"level":"\u001b[32minfo\u001b[39m","message":"\u001b[32m\u001b[0mPOST /api/v1/users/users \u001b[32m201\u001b[0m 662.384 ms - 348\u001b[0m\u001b[39m","timestamp":"2026-01-05 23:09:15:915"}
{"level":"\u001b[37mdebug\u001b[39m","message":"\u001b[37mExecuting (default): SELECT count(*) AS \"count\" FROM \"core\".\"users\" AS \"users\";\u001b[39m","timestamp":"2026-01-05 23:13:10:1310"}
{"level":"\u001b[37mdebug\u001b[39m","message":"\u001b[37mExecuting (default): SELECT count(*) AS \"count\" FROM \"core\".\"users\" AS \"users\" WHERE \"users\".\"is_active\" = true;\u001b[39m","timestamp":"2026-01-05 23:13:10:1310"}
{"level":"\u001b[37mdebug\u001b[39m","message":"\u001b[37mExecuting (default): SELECT count(*) AS \"count\" FROM \"core\".\"users\" AS \"users\" WHERE \"users\".\"is_active\" = false;\u001b[39m","timestamp":"2026-01-05 23:13:10:1310"}
{"level":"\u001b[37mdebug\u001b[39m","message":"\u001b[37mExecuting (default): SELECT count(*) AS \"count\" FROM \"core\".\"users\" AS \"users\" WHERE \"users\".\"role\" = 'admin';\u001b[39m","timestamp":"2026-01-05 23:13:10:1310"}
{"level":"\u001b[37mdebug\u001b[39m","message":"\u001b[37mExecuting (default): SELECT \"id\", \"username\", \"email\", \"full_name\", \"role\", \"is_active\", \"last_login\", \"password_changed_at\", \"failed_login_attempts\", \"locked_until\", \"created_by\", \"updated_by\", \"created_at\", \"updated_at\" FROM \"core\".\"users\" AS \"users\" ORDER BY \"users\".\"created_at\" DESC LIMIT 20 OFFSET 0;\u001b[39m","timestamp":"2026-01-05 23:13:10:1310"}
{"level":"\u001b[37mdebug\u001b[39m","message":"\u001b[37mExecuting (default): SELECT \"role_permissions\".\"id\", \"role_permissions\".\"role\", \"role_permissions\".\"permission_id\", \"role_permissions\".\"granted_at\", \"role_permissions\".\"granted_by\", \"permission\".\"id\" AS \"permission.id\", \"permission\".\"name\" AS \"permission.name\", \"permission\".\"description\" AS \"permission.description\" FROM \"core\".\"role_permissions\" AS \"role_permissions\" LEFT OUTER JOIN \"core\".\"permissions\" AS \"permission\" ON \"role_permissions\".\"permission_id\" = \"permission\".\"id\" WHERE \"role_permissions\".\"role\" = 'receptionist';\u001b[39m","timestamp":"2026-01-05 23:13:10:1310"}
{"level":"\u001b[37mdebug\u001b[39m","message":"\u001b[37mExecuting (default): SELECT \"role_permissions\".\"id\", \"role_permissions\".\"role\", \"role_permissions\".\"permission_id\", \"role_permissions\".\"granted_at\", \"role_permissions\".\"granted_by\", \"permission\".\"id\" AS \"permission.id\", \"permission\".\"name\" AS \"permission.name\", \"permission\".\"description\" AS \"permission.description\" FROM \"core\".\"role_permissions\" AS \"role_permissions\" LEFT OUTER JOIN \"core\".\"permissions\" AS \"permission\" ON \"role_permissions\".\"permission_id\" = \"permission\".\"id\" WHERE \"role_permissions\".\"role\" = 'doctor';\u001b[39m","timestamp":"2026-01-05 23:13:10:1310"}
{"level":"\u001b[37mdebug\u001b[39m","message":"\u001b[37mExecuting (default): SELECT \"role_permissions\".\"id\", \"role_permissions\".\"role\", \"role_permissions\".\"permission_id\", \"role_permissions\".\"granted_at\", \"role_permissions\".\"granted_by\", \"permission\".\"id\" AS \"permission.id\", \"permission\".\"name\" AS \"permission.name\", \"permission\".\"description\" AS \"permission.description\" FROM \"core\".\"role_permissions\" AS \"role_permissions\" LEFT OUTER JOIN \"core\".\"permissions\" AS \"permission\" ON \"role_permissions\".\"permission_id\" = \"permission\".\"id\" WHERE \"role_permissions\".\"role\" = 'doctor';\u001b[39m","timestamp":"2026-01-05 23:13:10:1310"}
{"level":"\u001b[37mdebug\u001b[39m","message":"\u001b[37mExecuting (default): SELECT \"role_permissions\".\"id\", \"role_permissions\".\"role\", \"role_permissions\".\"permission_id\", \"role_permissions\".\"granted_at\", \"role_permissions\".\"granted_by\", \"permission\".\"id\" AS \"permission.id\", \"permission\".\"name\" AS \"permission.name\", \"permission\".\"description\" AS \"permission.description\" FROM \"core\".\"role_permissions\" AS \"role_permissions\" LEFT OUTER JOIN \"core\".\"permissions\" AS \"permission\" ON \"role_permissions\".\"permission_id\" = \"permission\".\"id\" WHERE \"role_permissions\".\"role\" = 'doctor';\u001b[39m","timestamp":"2026-01-05 23:13:10:1310"}
{"level":"\u001b[37mdebug\u001b[39m","message":"\u001b[37mExecuting (default): SELECT \"role_permissions\".\"id\", \"role_permissions\".\"role\", \"role_permissions\".\"permission_id\", \"role_permissions\".\"granted_at\", \"role_permissions\".\"granted_by\", \"permission\".\"id\" AS \"permission.id\", \"permission\".\"name\" AS \"permission.name\", \"permission\".\"description\" AS \"permission.description\" FROM \"core\".\"role_permissions\" AS \"role_permissions\" LEFT OUTER JOIN \"core\".\"permissions\" AS \"permission\" ON \"role_permissions\".\"permission_id\" = \"permission\".\"id\" WHERE \"role_permissions\".\"role\" = 'doctor';\u001b[39m","timestamp":"2026-01-05 23:13:10:1310"}
{"level":"\u001b[37mdebug\u001b[39m","message":"\u001b[37mExecuting (default): SELECT \"role_permissions\".\"id\", \"role_permissions\".\"role\", \"role_permissions\".\"permission_id\", \"role_permissions\".\"granted_at\", \"role_permissions\".\"granted_by\", \"permission\".\"id\" AS \"permission.id\", \"permission\".\"name\" AS \"permission.name\", \"permission\".\"description\" AS \"permission.description\" FROM \"core\".\"role_permissions\" AS \"role_permissions\" LEFT OUTER JOIN \"core\".\"permissions\" AS \"permission\" ON \"role_permissions\".\"permission_id\" = \"permission\".\"id\" WHERE \"role_permissions\".\"role\" = 'doctor';\u001b[39m","timestamp":"2026-01-05 23:13:10:1310"}
{"level":"\u001b[37mdebug\u001b[39m","message":"\u001b[37mExecuting (default): SELECT \"role_permissions\".\"id\", \"role_permissions\".\"role\", \"role_permissions\".\"permission_id\", \"role_permissions\".\"granted_at\", \"role_permissions\".\"granted_by\", \"permission\".\"id\" AS \"permission.id\", \"permission\".\"name\" AS \"permission.name\", \"permission\".\"description\" AS \"permission.description\" FROM \"core\".\"role_permissions\" AS \"role_permissions\" LEFT OUTER JOIN \"core\".\"permissions\" AS \"permission\" ON \"role_permissions\".\"permission_id\" = \"permission\".\"id\" WHERE \"role_permissions\".\"role\" = 'warehouse_manager';\u001b[39m","timestamp":"2026-01-05 23:13:10:1310"}
{"level":"\u001b[37mdebug\u001b[39m","message":"\u001b[37mExecuting (default): SELECT \"role_permissions\".\"id\", \"role_permissions\".\"role\", \"role_permissions\".\"permission_id\", \"role_permissions\".\"granted_at\", \"role_permissions\".\"granted_by\", \"permission\".\"id\" AS \"permission.id\", \"permission\".\"name\" AS \"permission.name\", \"permission\".\"description\" AS \"permission.description\" FROM \"core\".\"role_permissions\" AS \"role_permissions\" LEFT OUTER JOIN \"core\".\"permissions\" AS \"permission\" ON \"role_permissions\".\"permission_id\" = \"permission\".\"id\" WHERE \"role_permissions\".\"role\" = 'doctor';\u001b[39m","timestamp":"2026-01-05 23:13:10:1310"}
{"level":"\u001b[37mdebug\u001b[39m","message":"\u001b[37mExecuting (default): SELECT \"role_permissions\".\"id\", \"role_permissions\".\"role\", \"role_permissions\".\"permission_id\", \"role_permissions\".\"granted_at\", \"role_permissions\".\"granted_by\", \"permission\".\"id\" AS \"permission.id\", \"permission\".\"name\" AS \"permission.name\", \"permission\".\"description\" AS \"permission.description\" FROM \"core\".\"role_permissions\" AS \"role_permissions\" LEFT OUTER JOIN \"core\".\"permissions\" AS \"permission\" ON \"role_permissions\".\"permission_id\" = \"permission\".\"id\" WHERE \"role_permissions\".\"role\" = 'doctor';\u001b[39m","timestamp":"2026-01-05 23:13:10:1310"}
{"level":"\u001b[37mdebug\u001b[39m","message":"\u001b[37mExecuting (default): SELECT \"role_permissions\".\"id\", \"role_permissions\".\"role\", \"role_permissions\".\"permission_id\", \"role_permissions\".\"granted_at\", \"role_permissions\".\"granted_by\", \"permission\".\"id\" AS \"permission.id\", \"permission\".\"name\" AS \"permission.name\", \"permission\".\"description\" AS \"permission.description\" FROM \"core\".\"role_permissions\" AS \"role_permissions\" LEFT OUTER JOIN \"core\".\"permissions\" AS \"permission\" ON \"role_permissions\".\"permission_id\" = \"permission\".\"id\" WHERE \"role_permissions\".\"role\" = 'admin';\u001b[39m","timestamp":"2026-01-05 23:13:10:1310"}
{"level":"\u001b[37mdebug\u001b[39m","message":"\u001b[37mExecuting (default): SELECT \"role_permissions\".\"id\", \"role_permissions\".\"role\", \"role_permissions\".\"permission_id\", \"role_permissions\".\"granted_at\", \"role_permissions\".\"granted_by\", \"permission\".\"id\" AS \"permission.id\", \"permission\".\"name\" AS \"permission.name\", \"permission\".\"description\" AS \"permission.description\" FROM \"core\".\"role_permissions\" AS \"role_permissions\" LEFT OUTER JOIN \"core\".\"permissions\" AS \"permission\" ON \"role_permissions\".\"permission_id\" = \"permission\".\"id\" WHERE \"role_permissions\".\"role\" = 'super_admin';\u001b[39m","timestamp":"2026-01-05 23:13:10:1310"}
{"level":"\u001b[32minfo\u001b[39m","message":"\u001b[32m\u001b[0mGET /api/v1/users/users \u001b[32m200\u001b[0m 132.082 ms - 117023\u001b[0m\u001b[39m","timestamp":"2026-01-05 23:13:10:1310"}
{"level":"\u001b[37mdebug\u001b[39m","message":"\u001b[37mExecuting (default): INSERT INTO \"core\".\"users\" (\"id\",\"username\",\"email\",\"password_hash\",\"full_name\",\"role\",\"is_active\",\"failed_login_attempts\",\"created_at\",\"updated_at\") VALUES ($1,$2,$3,$4,$5,$6,$7,$8,$9,$10) RETURNING \"id\",\"username\",\"email\",\"password_hash\",\"full_name\",\"role\",\"is_active\",\"last_login\",\"password_changed_at\",\"failed_login_attempts\",\"locked_until\",\"created_by\",\"updated_by\",\"created_at\",\"updated_at\";\u001b[39m","timestamp":"2026-01-05 23:13:35:1335"}
{"level":"\u001b[32minfo\u001b[39m","message":"\u001b[32m\u001b[0mPOST /api/v1/users/users \u001b[32m201\u001b[0m 116.513 ms - 351\u001b[0m\u001b[39m","timestamp":"2026-01-05 23:13:35:1335"}
{"level":"\u001b[37mdebug\u001b[39m","message":"\u001b[37mExecuting (default): SELECT count(*) AS \"count\" FROM \"core\".\"users\" AS \"users\";\u001b[39m","timestamp":"2026-01-05 23:13:36:1336"}
{"level":"\u001b[37mdebug\u001b[39m","message":"\u001b[37mExecuting (default): SELECT count(*) AS \"count\" FROM \"core\".\"users\" AS \"users\" WHERE \"users\".\"is_active\" = true;\u001b[39m","timestamp":"2026-01-05 23:13:36:1336"}
{"level":"\u001b[37mdebug\u001b[39m","message":"\u001b[37mExecuting (default): SELECT count(*) AS \"count\" FROM \"core\".\"users\" AS \"users\" WHERE \"users\".\"is_active\" = false;\u001b[39m","timestamp":"2026-01-05 23:13:36:1336"}
{"level":"\u001b[37mdebug\u001b[39m","message":"\u001b[37mExecuting (default): SELECT count(*) AS \"count\" FROM \"core\".\"users\" AS \"users\" WHERE \"users\".\"role\" = 'admin';\u001b[39m","timestamp":"2026-01-05 23:13:36:1336"}
{"level":"\u001b[37mdebug\u001b[39m","message":"\u001b[37mExecuting (default): SELECT \"id\", \"username\", \"email\", \"full_name\", \"role\", \"is_active\", \"last_login\", \"password_changed_at\", \"failed_login_attempts\", \"locked_until\", \"created_by\", \"updated_by\", \"created_at\", \"updated_at\" FROM \"core\".\"users\" AS \"users\" ORDER BY \"users\".\"created_at\" DESC LIMIT 20 OFFSET 0;\u001b[39m","timestamp":"2026-01-05 23:13:36:1336"}
{"level":"\u001b[37mdebug\u001b[39m","message":"\u001b[37mExecuting (default): SELECT \"role_permissions\".\"id\", \"role_permissions\".\"role\", \"role_permissions\".\"permission_id\", \"role_permissions\".\"granted_at\", \"role_permissions\".\"granted_by\", \"permission\".\"id\" AS \"permission.id\", \"permission\".\"name\" AS \"permission.name\", \"permission\".\"description\" AS \"permission.description\" FROM \"core\".\"role_permissions\" AS \"role_permissions\" LEFT OUTER JOIN \"core\".\"permissions\" AS \"permission\" ON \"role_permissions\".\"permission_id\" = \"permission\".\"id\" WHERE \"role_permissions\".\"role\" = 'pharmacist';\u001b[39m","timestamp":"2026-01-05 23:13:36:1336"}
{"level":"\u001b[37mdebug\u001b[39m","message":"\u001b[37mExecuting (default): SELECT \"role_permissions\".\"id\", \"role_permissions\".\"role\", \"role_permissions\".\"permission_id\", \"role_permissions\".\"granted_at\", \"role_permissions\".\"granted_by\", \"permission\".\"id\" AS \"permission.id\", \"permission\".\"name\" AS \"permission.name\", \"permission\".\"description\" AS \"permission.description\" FROM \"core\".\"role_permissions\" AS \"role_permissions\" LEFT OUTER JOIN \"core\".\"permissions\" AS \"permission\" ON \"role_permissions\".\"permission_id\" = \"permission\".\"id\" WHERE \"role_permissions\".\"role\" = 'receptionist';\u001b[39m","timestamp":"2026-01-05 23:13:36:1336"}
{"level":"\u001b[37mdebug\u001b[39m","message":"\u001b[37mExecuting (default): SELECT \"role_permissions\".\"id\", \"role_permissions\".\"role\", \"role_permissions\".\"permission_id\", \"role_permissions\".\"granted_at\", \"role_permissions\".\"granted_by\", \"permission\".\"id\" AS \"permission.id\", \"permission\".\"name\" AS \"permission.name\", \"permission\".\"description\" AS \"permission.description\" FROM \"core\".\"role_permissions\" AS \"role_permissions\" LEFT OUTER JOIN \"core\".\"permissions\" AS \"permission\" ON \"role_permissions\".\"permission_id\" = \"permission\".\"id\" WHERE \"role_permissions\".\"role\" = 'doctor';\u001b[39m","timestamp":"2026-01-05 23:13:36:1336"}
{"level":"\u001b[37mdebug\u001b[39m","message":"\u001b[37mExecuting (default): SELECT \"role_permissions\".\"id\", \"role_permissions\".\"role\", \"role_permissions\".\"permission_id\", \"role_permissions\".\"granted_at\", \"role_permissions\".\"granted_by\", \"permission\".\"id\" AS \"permission.id\", \"permission\".\"name\" AS \"permission.name\", \"permission\".\"description\" AS \"permission.description\" FROM \"core\".\"role_permissions\" AS \"role_permissions\" LEFT OUTER JOIN \"core\".\"permissions\" AS \"permission\" ON \"role_permissions\".\"permission_id\" = \"permission\".\"id\" WHERE \"role_permissions\".\"role\" = 'doctor';\u001b[39m","timestamp":"2026-01-05 23:13:36:1336"}
{"level":"\u001b[37mdebug\u001b[39m","message":"\u001b[37mExecuting (default): SELECT \"role_permissions\".\"id\", \"role_permissions\".\"role\", \"role_permissions\".\"permission_id\", \"role_permissions\".\"granted_at\", \"role_permissions\".\"granted_by\", \"permission\".\"id\" AS \"permission.id\", \"permission\".\"name\" AS \"permission.name\", \"permission\".\"description\" AS \"permission.description\" FROM \"core\".\"role_permissions\" AS \"role_permissions\" LEFT OUTER JOIN \"core\".\"permissions\" AS \"permission\" ON \"role_permissions\".\"permission_id\" = \"permission\".\"id\" WHERE \"role_permissions\".\"role\" = 'doctor';\u001b[39m","timestamp":"2026-01-05 23:13:36:1336"}
{"level":"\u001b[37mdebug\u001b[39m","message":"\u001b[37mExecuting (default): SELECT \"role_permissions\".\"id\", \"role_permissions\".\"role\", \"role_permissions\".\"permission_id\", \"role_permissions\".\"granted_at\", \"role_permissions\".\"granted_by\", \"permission\".\"id\" AS \"permission.id\", \"permission\".\"name\" AS \"permission.name\", \"permission\".\"description\" AS \"permission.description\" FROM \"core\".\"role_permissions\" AS \"role_permissions\" LEFT OUTER JOIN \"core\".\"permissions\" AS \"permission\" ON \"role_permissions\".\"permission_id\" = \"permission\".\"id\" WHERE \"role_permissions\".\"role\" = 'doctor';\u001b[39m","timestamp":"2026-01-05 23:13:36:1336"}
{"level":"\u001b[37mdebug\u001b[39m","message":"\u001b[37mExecuting (default): SELECT \"role_permissions\".\"id\", \"role_permissions\".\"role\", \"role_permissions\".\"permission_id\", \"role_permissions\".\"granted_at\", \"role_permissions\".\"granted_by\", \"permission\".\"id\" AS \"permission.id\", \"permission\".\"name\" AS \"permission.name\", \"permission\".\"description\" AS \"permission.description\" FROM \"core\".\"role_permissions\" AS \"role_permissions\" LEFT OUTER JOIN \"core\".\"permissions\" AS \"permission\" ON \"role_permissions\".\"permission_id\" = \"permission\".\"id\" WHERE \"role_permissions\".\"role\" = 'doctor';\u001b[39m","timestamp":"2026-01-05 23:13:36:1336"}
{"level":"\u001b[37mdebug\u001b[39m","message":"\u001b[37mExecuting (default): SELECT \"role_permissions\".\"id\", \"role_permissions\".\"role\", \"role_permissions\".\"permission_id\", \"role_permissions\".\"granted_at\", \"role_permissions\".\"granted_by\", \"permission\".\"id\" AS \"permission.id\", \"permission\".\"name\" AS \"permission.name\", \"permission\".\"description\" AS \"permission.description\" FROM \"core\".\"role_permissions\" AS \"role_permissions\" LEFT OUTER JOIN \"core\".\"permissions\" AS \"permission\" ON \"role_permissions\".\"permission_id\" = \"permission\".\"id\" WHERE \"role_permissions\".\"role\" = 'warehouse_manager';\u001b[39m","timestamp":"2026-01-05 23:13:36:1336"}
{"level":"\u001b[37mdebug\u001b[39m","message":"\u001b[37mExecuting (default): SELECT \"role_permissions\".\"id\", \"role_permissions\".\"role\", \"role_permissions\".\"permission_id\", \"role_permissions\".\"granted_at\", \"role_permissions\".\"granted_by\", \"permission\".\"id\" AS \"permission.id\", \"permission\".\"name\" AS \"permission.name\", \"permission\".\"description\" AS \"permission.description\" FROM \"core\".\"role_permissions\" AS \"role_permissions\" LEFT OUTER JOIN \"core\".\"permissions\" AS \"permission\" ON \"role_permissions\".\"permission_id\" = \"permission\".\"id\" WHERE \"role_permissions\".\"role\" = 'doctor';\u001b[39m","timestamp":"2026-01-05 23:13:36:1336"}
{"level":"\u001b[37mdebug\u001b[39m","message":"\u001b[37mExecuting (default): SELECT \"role_permissions\".\"id\", \"role_permissions\".\"role\", \"role_permissions\".\"permission_id\", \"role_permissions\".\"granted_at\", \"role_permissions\".\"granted_by\", \"permission\".\"id\" AS \"permission.id\", \"permission\".\"name\" AS \"permission.name\", \"permission\".\"description\" AS \"permission.description\" FROM \"core\".\"role_permissions\" AS \"role_permissions\" LEFT OUTER JOIN \"core\".\"permissions\" AS \"permission\" ON \"role_permissions\".\"permission_id\" = \"permission\".\"id\" WHERE \"role_permissions\".\"role\" = 'doctor';\u001b[39m","timestamp":"2026-01-05 23:13:36:1336"}
{"level":"\u001b[37mdebug\u001b[39m","message":"\u001b[37mExecuting (default): SELECT \"role_permissions\".\"id\", \"role_permissions\".\"role\", \"role_permissions\".\"permission_id\", \"role_permissions\".\"granted_at\", \"role_permissions\".\"granted_by\", \"permission\".\"id\" AS \"permission.id\", \"permission\".\"name\" AS \"permission.name\", \"permission\".\"description\" AS \"permission.description\" FROM \"core\".\"role_permissions\" AS \"role_permissions\" LEFT OUTER JOIN \"core\".\"permissions\" AS \"permission\" ON \"role_permissions\".\"permission_id\" = \"permission\".\"id\" WHERE \"role_permissions\".\"role\" = 'admin';\u001b[39m","timestamp":"2026-01-05 23:13:36:1336"}
{"level":"\u001b[37mdebug\u001b[39m","message":"\u001b[37mExecuting (default): SELECT \"role_permissions\".\"id\", \"role_permissions\".\"role\", \"role_permissions\".\"permission_id\", \"role_permissions\".\"granted_at\", \"role_permissions\".\"granted_by\", \"permission\".\"id\" AS \"permission.id\", \"permission\".\"name\" AS \"permission.name\", \"permission\".\"description\" AS \"permission.description\" FROM \"core\".\"role_permissions\" AS \"role_permissions\" LEFT OUTER JOIN \"core\".\"permissions\" AS \"permission\" ON \"role_permissions\".\"permission_id\" = \"permission\".\"id\" WHERE \"role_permissions\".\"role\" = 'super_admin';\u001b[39m","timestamp":"2026-01-05 23:13:36:1336"}
{"level":"\u001b[32minfo\u001b[39m","message":"\u001b[32m\u001b[0mGET /api/v1/users/users \u001b[32m200\u001b[0m 87.213 ms - 120393\u001b[0m\u001b[39m","timestamp":"2026-01-05 23:13:36:1336"}
{"level":"\u001b[32minfo\u001b[39m","message":"\u001b[32m🚀 Server is running on port 3002\u001b[39m","timestamp":"2026-01-10 21:54:44:5444"}
{"level":"\u001b[32minfo\u001b[39m","message":"\u001b[32m📚 API Documentation: http://localhost:3002/api-docs\u001b[39m","timestamp":"2026-01-10 21:54:44:5444"}
{"level":"\u001b[32minfo\u001b[39m","message":"\u001b[32m🔍 API v1: http://localhost:3002/api/v1\u001b[39m","timestamp":"2026-01-10 21:54:44:5444"}
{"level":"\u001b[32minfo\u001b[39m","message":"\u001b[32m❤️  Health check: http://localhost:3002/health\u001b[39m","timestamp":"2026-01-10 21:54:44:5444"}
{"level":"\u001b[37mdebug\u001b[39m","message":"\u001b[37mExecuting (default): SELECT 1+1 AS result\u001b[39m","timestamp":"2026-01-10 21:54:44:5444"}
{"level":"\u001b[32minfo\u001b[39m","message":"\u001b[32m✅ Database connection established successfully\u001b[39m","timestamp":"2026-01-10 21:54:44:5444"}
{"level":"\u001b[32minfo\u001b[39m","message":"\u001b[32m📊 Connected to: dev-cmdv@localhost\u001b[39m","timestamp":"2026-01-10 21:54:44:5444"}
{"level":"\u001b[37mdebug\u001b[39m","message":"\u001b[37mExecuting (default): SELECT \"id\", \"username\", \"email\", \"password_hash\", \"full_name\", \"role\", \"is_active\", \"last_login\", \"password_changed_at\", \"failed_login_attempts\", \"locked_until\", \"created_by\", \"updated_by\", \"created_at\", \"updated_at\" FROM \"core\".\"users\" AS \"users\" WHERE \"users\".\"email\" = 'jldonis@cmdv.com' AND \"users\".\"is_active\" = true AND \"users\".\"locked_until\" IS NULL;\u001b[39m","timestamp":"2026-01-10 21:54:47:5447"}
{"level":"\u001b[37mdebug\u001b[39m","message":"\u001b[37mExecuting (default): INSERT INTO \"core\".\"jwt_tokens\" (\"id\",\"user_id\",\"token_hash\",\"refresh_token_hash\",\"expires_at\",\"refresh_expires_at\",\"is_revoked\",\"created_at\",\"updated_at\") VALUES ($1,$2,$3,$4,$5,$6,$7,$8,$9) RETURNING \"id\",\"user_id\",\"token_hash\",\"refresh_token_hash\",\"expires_at\",\"refresh_expires_at\",\"is_revoked\",\"revoked_at\",\"ip_address\",\"user_agent\",\"created_at\",\"updated_at\";\u001b[39m","timestamp":"2026-01-10 21:54:47:5447"}
{"level":"\u001b[31merror\u001b[39m","message":"\u001b[31mError storing refresh token:\u001b[39m","name":"SequelizeDatabaseError","original":{"code":"42703","file":"parse_target.c","length":134,"line":"1066","name":"error","parameters":["ac4679b8-d53c-4380-92ea-cde969e313c2","ba0a2b9b-c023-4368-82ea-a341a798cdd4","eyJhbGciOiJIUzI1NiIsInR5cCI6IkpXVCJ9.eyJ1c2VySWQiOiJiYTBhMmI5Yi1jMDIzLTQzNjgtODJlYS1hMzQxYTc5OGNkZDQiLCJlbWFpbCI6ImpsZG9uaXNAY21kdi5jb20iLCJpYXQiOjE3NjgxMDM2ODcsImV4cCI6MTc3MDY5NTY4N30.WnwuJUfxvOfXdp9oJFuluTQXjRKK-F33qEFWqf7YENo","eyJhbGciOiJIUzI1NiIsInR5cCI6IkpXVCJ9.eyJ1c2VySWQiOiJiYTBhMmI5Yi1jMDIzLTQzNjgtODJlYS1hMzQxYTc5OGNkZDQiLCJlbWFpbCI6ImpsZG9uaXNAY21kdi5jb20iLCJpYXQiOjE3NjgxMDM2ODcsImV4cCI6MTc3MDY5NTY4N30.WnwuJUfxvOfXdp9oJFuluTQXjRKK-F33qEFWqf7YENo","2026-02-10 03:54:47.690 +00:00","2026-02-10 03:54:47.690 +00:00",false,"2026-01-11 03:54:47.691 +00:00","2026-01-11 03:54:47.691 +00:00"],"position":"143","routine":"checkInsertTargets","severity":"ERROR","sql":"INSERT INTO \"core\".\"jwt_tokens\" (\"id\",\"user_id\",\"token_hash\",\"refresh_token_hash\",\"expires_at\",\"refresh_expires_at\",\"is_revoked\",\"created_at\",\"updated_at\") VALUES ($1,$2,$3,$4,$5,$6,$7,$8,$9) RETURNING \"id\",\"user_id\",\"token_hash\",\"refresh_token_hash\",\"expires_at\",\"refresh_expires_at\",\"is_revoked\",\"revoked_at\",\"ip_address\",\"user_agent\",\"created_at\",\"updated_at\";"},"parameters":["ac4679b8-d53c-4380-92ea-cde969e313c2","ba0a2b9b-c023-4368-82ea-a341a798cdd4","eyJhbGciOiJIUzI1NiIsInR5cCI6IkpXVCJ9.eyJ1c2VySWQiOiJiYTBhMmI5Yi1jMDIzLTQzNjgtODJlYS1hMzQxYTc5OGNkZDQiLCJlbWFpbCI6ImpsZG9uaXNAY21kdi5jb20iLCJpYXQiOjE3NjgxMDM2ODcsImV4cCI6MTc3MDY5NTY4N30.WnwuJUfxvOfXdp9oJFuluTQXjRKK-F33qEFWqf7YENo","eyJhbGciOiJIUzI1NiIsInR5cCI6IkpXVCJ9.eyJ1c2VySWQiOiJiYTBhMmI5Yi1jMDIzLTQzNjgtODJlYS1hMzQxYTc5OGNkZDQiLCJlbWFpbCI6ImpsZG9uaXNAY21kdi5jb20iLCJpYXQiOjE3NjgxMDM2ODcsImV4cCI6MTc3MDY5NTY4N30.WnwuJUfxvOfXdp9oJFuluTQXjRKK-F33qEFWqf7YENo","2026-02-10 03:54:47.690 +00:00","2026-02-10 03:54:47.690 +00:00",false,"2026-01-11 03:54:47.691 +00:00","2026-01-11 03:54:47.691 +00:00"],"parent":{"code":"42703","file":"parse_target.c","length":134,"line":"1066","name":"error","parameters":["ac4679b8-d53c-4380-92ea-cde969e313c2","ba0a2b9b-c023-4368-82ea-a341a798cdd4","eyJhbGciOiJIUzI1NiIsInR5cCI6IkpXVCJ9.eyJ1c2VySWQiOiJiYTBhMmI5Yi1jMDIzLTQzNjgtODJlYS1hMzQxYTc5OGNkZDQiLCJlbWFpbCI6ImpsZG9uaXNAY21kdi5jb20iLCJpYXQiOjE3NjgxMDM2ODcsImV4cCI6MTc3MDY5NTY4N30.WnwuJUfxvOfXdp9oJFuluTQXjRKK-F33qEFWqf7YENo","eyJhbGciOiJIUzI1NiIsInR5cCI6IkpXVCJ9.eyJ1c2VySWQiOiJiYTBhMmI5Yi1jMDIzLTQzNjgtODJlYS1hMzQxYTc5OGNkZDQiLCJlbWFpbCI6ImpsZG9uaXNAY21kdi5jb20iLCJpYXQiOjE3NjgxMDM2ODcsImV4cCI6MTc3MDY5NTY4N30.WnwuJUfxvOfXdp9oJFuluTQXjRKK-F33qEFWqf7YENo","2026-02-10 03:54:47.690 +00:00","2026-02-10 03:54:47.690 +00:00",false,"2026-01-11 03:54:47.691 +00:00","2026-01-11 03:54:47.691 +00:00"],"position":"143","routine":"checkInsertTargets","severity":"ERROR","sql":"INSERT INTO \"core\".\"jwt_tokens\" (\"id\",\"user_id\",\"token_hash\",\"refresh_token_hash\",\"expires_at\",\"refresh_expires_at\",\"is_revoked\",\"created_at\",\"updated_at\") VALUES ($1,$2,$3,$4,$5,$6,$7,$8,$9) RETURNING \"id\",\"user_id\",\"token_hash\",\"refresh_token_hash\",\"expires_at\",\"refresh_expires_at\",\"is_revoked\",\"revoked_at\",\"ip_address\",\"user_agent\",\"created_at\",\"updated_at\";"},"sql":"INSERT INTO \"core\".\"jwt_tokens\" (\"id\",\"user_id\",\"token_hash\",\"refresh_token_hash\",\"expires_at\",\"refresh_expires_at\",\"is_revoked\",\"created_at\",\"updated_at\") VALUES ($1,$2,$3,$4,$5,$6,$7,$8,$9) RETURNING \"id\",\"user_id\",\"token_hash\",\"refresh_token_hash\",\"expires_at\",\"refresh_expires_at\",\"is_revoked\",\"revoked_at\",\"ip_address\",\"user_agent\",\"created_at\",\"updated_at\";","timestamp":"2026-01-10 21:54:47:5447"}
{"level":"\u001b[37mdebug\u001b[39m","message":"\u001b[37mExecuting (default): UPDATE \"core\".\"users\" SET \"last_login\"=$1,\"updated_at\"=$2 WHERE \"id\" = $3\u001b[39m","timestamp":"2026-01-10 21:54:47:5447"}
{"level":"\u001b[32minfo\u001b[39m","message":"\u001b[32m\u001b[0mPOST /api/v1/auth/login \u001b[32m200\u001b[0m 151.267 ms - 748\u001b[0m\u001b[39m","timestamp":"2026-01-10 21:54:47:5447"}
{"level":"\u001b[37mdebug\u001b[39m","message":"\u001b[37mExecuting (default): SELECT count(*) AS \"count\" FROM \"core\".\"users\" AS \"users\";\u001b[39m","timestamp":"2026-01-10 21:54:58:5458"}
{"level":"\u001b[37mdebug\u001b[39m","message":"\u001b[37mExecuting (default): SELECT count(*) AS \"count\" FROM \"core\".\"users\" AS \"users\" WHERE \"users\".\"is_active\" = true;\u001b[39m","timestamp":"2026-01-10 21:54:58:5458"}
{"level":"\u001b[37mdebug\u001b[39m","message":"\u001b[37mExecuting (default): SELECT count(*) AS \"count\" FROM \"core\".\"users\" AS \"users\" WHERE \"users\".\"is_active\" = false;\u001b[39m","timestamp":"2026-01-10 21:54:58:5458"}
{"level":"\u001b[37mdebug\u001b[39m","message":"\u001b[37mExecuting (default): SELECT count(*) AS \"count\" FROM \"core\".\"users\" AS \"users\" WHERE \"users\".\"role\" = 'admin';\u001b[39m","timestamp":"2026-01-10 21:54:58:5458"}
{"level":"\u001b[37mdebug\u001b[39m","message":"\u001b[37mExecuting (default): SELECT \"id\", \"username\", \"email\", \"full_name\", \"role\", \"is_active\", \"last_login\", \"password_changed_at\", \"failed_login_attempts\", \"locked_until\", \"created_by\", \"updated_by\", \"created_at\", \"updated_at\" FROM \"core\".\"users\" AS \"users\" ORDER BY \"users\".\"created_at\" DESC LIMIT 20 OFFSET 0;\u001b[39m","timestamp":"2026-01-10 21:54:58:5458"}
{"level":"\u001b[37mdebug\u001b[39m","message":"\u001b[37mExecuting (default): SELECT \"role_permissions\".\"id\", \"role_permissions\".\"role\", \"role_permissions\".\"permission_id\", \"role_permissions\".\"granted_at\", \"role_permissions\".\"granted_by\", \"permission\".\"id\" AS \"permission.id\", \"permission\".\"name\" AS \"permission.name\", \"permission\".\"description\" AS \"permission.description\" FROM \"core\".\"role_permissions\" AS \"role_permissions\" LEFT OUTER JOIN \"core\".\"permissions\" AS \"permission\" ON \"role_permissions\".\"permission_id\" = \"permission\".\"id\" WHERE \"role_permissions\".\"role\" = 'pharmacist';\u001b[39m","timestamp":"2026-01-10 21:54:58:5458"}
{"level":"\u001b[37mdebug\u001b[39m","message":"\u001b[37mExecuting (default): SELECT \"role_permissions\".\"id\", \"role_permissions\".\"role\", \"role_permissions\".\"permission_id\", \"role_permissions\".\"granted_at\", \"role_permissions\".\"granted_by\", \"permission\".\"id\" AS \"permission.id\", \"permission\".\"name\" AS \"permission.name\", \"permission\".\"description\" AS \"permission.description\" FROM \"core\".\"role_permissions\" AS \"role_permissions\" LEFT OUTER JOIN \"core\".\"permissions\" AS \"permission\" ON \"role_permissions\".\"permission_id\" = \"permission\".\"id\" WHERE \"role_permissions\".\"role\" = 'receptionist';\u001b[39m","timestamp":"2026-01-10 21:54:58:5458"}
{"level":"\u001b[37mdebug\u001b[39m","message":"\u001b[37mExecuting (default): SELECT \"role_permissions\".\"id\", \"role_permissions\".\"role\", \"role_permissions\".\"permission_id\", \"role_permissions\".\"granted_at\", \"role_permissions\".\"granted_by\", \"permission\".\"id\" AS \"permission.id\", \"permission\".\"name\" AS \"permission.name\", \"permission\".\"description\" AS \"permission.description\" FROM \"core\".\"role_permissions\" AS \"role_permissions\" LEFT OUTER JOIN \"core\".\"permissions\" AS \"permission\" ON \"role_permissions\".\"permission_id\" = \"permission\".\"id\" WHERE \"role_permissions\".\"role\" = 'doctor';\u001b[39m","timestamp":"2026-01-10 21:54:58:5458"}
{"level":"\u001b[37mdebug\u001b[39m","message":"\u001b[37mExecuting (default): SELECT \"role_permissions\".\"id\", \"role_permissions\".\"role\", \"role_permissions\".\"permission_id\", \"role_permissions\".\"granted_at\", \"role_permissions\".\"granted_by\", \"permission\".\"id\" AS \"permission.id\", \"permission\".\"name\" AS \"permission.name\", \"permission\".\"description\" AS \"permission.description\" FROM \"core\".\"role_permissions\" AS \"role_permissions\" LEFT OUTER JOIN \"core\".\"permissions\" AS \"permission\" ON \"role_permissions\".\"permission_id\" = \"permission\".\"id\" WHERE \"role_permissions\".\"role\" = 'doctor';\u001b[39m","timestamp":"2026-01-10 21:54:58:5458"}
{"level":"\u001b[37mdebug\u001b[39m","message":"\u001b[37mExecuting (default): SELECT \"role_permissions\".\"id\", \"role_permissions\".\"role\", \"role_permissions\".\"permission_id\", \"role_permissions\".\"granted_at\", \"role_permissions\".\"granted_by\", \"permission\".\"id\" AS \"permission.id\", \"permission\".\"name\" AS \"permission.name\", \"permission\".\"description\" AS \"permission.description\" FROM \"core\".\"role_permissions\" AS \"role_permissions\" LEFT OUTER JOIN \"core\".\"permissions\" AS \"permission\" ON \"role_permissions\".\"permission_id\" = \"permission\".\"id\" WHERE \"role_permissions\".\"role\" = 'doctor';\u001b[39m","timestamp":"2026-01-10 21:54:58:5458"}
{"level":"\u001b[37mdebug\u001b[39m","message":"\u001b[37mExecuting (default): SELECT \"role_permissions\".\"id\", \"role_permissions\".\"role\", \"role_permissions\".\"permission_id\", \"role_permissions\".\"granted_at\", \"role_permissions\".\"granted_by\", \"permission\".\"id\" AS \"permission.id\", \"permission\".\"name\" AS \"permission.name\", \"permission\".\"description\" AS \"permission.description\" FROM \"core\".\"role_permissions\" AS \"role_permissions\" LEFT OUTER JOIN \"core\".\"permissions\" AS \"permission\" ON \"role_permissions\".\"permission_id\" = \"permission\".\"id\" WHERE \"role_permissions\".\"role\" = 'doctor';\u001b[39m","timestamp":"2026-01-10 21:54:58:5458"}
{"level":"\u001b[37mdebug\u001b[39m","message":"\u001b[37mExecuting (default): SELECT \"role_permissions\".\"id\", \"role_permissions\".\"role\", \"role_permissions\".\"permission_id\", \"role_permissions\".\"granted_at\", \"role_permissions\".\"granted_by\", \"permission\".\"id\" AS \"permission.id\", \"permission\".\"name\" AS \"permission.name\", \"permission\".\"description\" AS \"permission.description\" FROM \"core\".\"role_permissions\" AS \"role_permissions\" LEFT OUTER JOIN \"core\".\"permissions\" AS \"permission\" ON \"role_permissions\".\"permission_id\" = \"permission\".\"id\" WHERE \"role_permissions\".\"role\" = 'doctor';\u001b[39m","timestamp":"2026-01-10 21:54:58:5458"}
{"level":"\u001b[37mdebug\u001b[39m","message":"\u001b[37mExecuting (default): SELECT \"role_permissions\".\"id\", \"role_permissions\".\"role\", \"role_permissions\".\"permission_id\", \"role_permissions\".\"granted_at\", \"role_permissions\".\"granted_by\", \"permission\".\"id\" AS \"permission.id\", \"permission\".\"name\" AS \"permission.name\", \"permission\".\"description\" AS \"permission.description\" FROM \"core\".\"role_permissions\" AS \"role_permissions\" LEFT OUTER JOIN \"core\".\"permissions\" AS \"permission\" ON \"role_permissions\".\"permission_id\" = \"permission\".\"id\" WHERE \"role_permissions\".\"role\" = 'warehouse_manager';\u001b[39m","timestamp":"2026-01-10 21:54:58:5458"}
{"level":"\u001b[37mdebug\u001b[39m","message":"\u001b[37mExecuting (default): SELECT \"role_permissions\".\"id\", \"role_permissions\".\"role\", \"role_permissions\".\"permission_id\", \"role_permissions\".\"granted_at\", \"role_permissions\".\"granted_by\", \"permission\".\"id\" AS \"permission.id\", \"permission\".\"name\" AS \"permission.name\", \"permission\".\"description\" AS \"permission.description\" FROM \"core\".\"role_permissions\" AS \"role_permissions\" LEFT OUTER JOIN \"core\".\"permissions\" AS \"permission\" ON \"role_permissions\".\"permission_id\" = \"permission\".\"id\" WHERE \"role_permissions\".\"role\" = 'doctor';\u001b[39m","timestamp":"2026-01-10 21:54:58:5458"}
{"level":"\u001b[37mdebug\u001b[39m","message":"\u001b[37mExecuting (default): SELECT \"role_permissions\".\"id\", \"role_permissions\".\"role\", \"role_permissions\".\"permission_id\", \"role_permissions\".\"granted_at\", \"role_permissions\".\"granted_by\", \"permission\".\"id\" AS \"permission.id\", \"permission\".\"name\" AS \"permission.name\", \"permission\".\"description\" AS \"permission.description\" FROM \"core\".\"role_permissions\" AS \"role_permissions\" LEFT OUTER JOIN \"core\".\"permissions\" AS \"permission\" ON \"role_permissions\".\"permission_id\" = \"permission\".\"id\" WHERE \"role_permissions\".\"role\" = 'doctor';\u001b[39m","timestamp":"2026-01-10 21:54:58:5458"}
{"level":"\u001b[37mdebug\u001b[39m","message":"\u001b[37mExecuting (default): SELECT \"role_permissions\".\"id\", \"role_permissions\".\"role\", \"role_permissions\".\"permission_id\", \"role_permissions\".\"granted_at\", \"role_permissions\".\"granted_by\", \"permission\".\"id\" AS \"permission.id\", \"permission\".\"name\" AS \"permission.name\", \"permission\".\"description\" AS \"permission.description\" FROM \"core\".\"role_permissions\" AS \"role_permissions\" LEFT OUTER JOIN \"core\".\"permissions\" AS \"permission\" ON \"role_permissions\".\"permission_id\" = \"permission\".\"id\" WHERE \"role_permissions\".\"role\" = 'admin';\u001b[39m","timestamp":"2026-01-10 21:54:58:5458"}
{"level":"\u001b[37mdebug\u001b[39m","message":"\u001b[37mExecuting (default): SELECT \"role_permissions\".\"id\", \"role_permissions\".\"role\", \"role_permissions\".\"permission_id\", \"role_permissions\".\"granted_at\", \"role_permissions\".\"granted_by\", \"permission\".\"id\" AS \"permission.id\", \"permission\".\"name\" AS \"permission.name\", \"permission\".\"description\" AS \"permission.description\" FROM \"core\".\"role_permissions\" AS \"role_permissions\" LEFT OUTER JOIN \"core\".\"permissions\" AS \"permission\" ON \"role_permissions\".\"permission_id\" = \"permission\".\"id\" WHERE \"role_permissions\".\"role\" = 'super_admin';\u001b[39m","timestamp":"2026-01-10 21:54:58:5458"}
{"level":"\u001b[32minfo\u001b[39m","message":"\u001b[32m\u001b[0mGET /api/v1/users/users \u001b[32m200\u001b[0m 98.026 ms - 120393\u001b[0m\u001b[39m","timestamp":"2026-01-10 21:54:58:5458"}
{"level":"\u001b[37mdebug\u001b[39m","message":"\u001b[37mExecuting (default): SELECT count(*) AS \"count\" FROM \"core\".\"users\" AS \"users\";\u001b[39m","timestamp":"2026-01-10 21:54:58:5458"}
{"level":"\u001b[37mdebug\u001b[39m","message":"\u001b[37mExecuting (default): SELECT count(*) AS \"count\" FROM \"core\".\"users\" AS \"users\" WHERE \"users\".\"is_active\" = true;\u001b[39m","timestamp":"2026-01-10 21:54:58:5458"}
{"level":"\u001b[37mdebug\u001b[39m","message":"\u001b[37mExecuting (default): SELECT count(*) AS \"count\" FROM \"core\".\"users\" AS \"users\" WHERE \"users\".\"is_active\" = false;\u001b[39m","timestamp":"2026-01-10 21:54:58:5458"}
{"level":"\u001b[37mdebug\u001b[39m","message":"\u001b[37mExecuting (default): SELECT count(*) AS \"count\" FROM \"core\".\"users\" AS \"users\" WHERE \"users\".\"role\" = 'admin';\u001b[39m","timestamp":"2026-01-10 21:54:58:5458"}
{"level":"\u001b[37mdebug\u001b[39m","message":"\u001b[37mExecuting (default): SELECT \"id\", \"username\", \"email\", \"full_name\", \"role\", \"is_active\", \"last_login\", \"password_changed_at\", \"failed_login_attempts\", \"locked_until\", \"created_by\", \"updated_by\", \"created_at\", \"updated_at\" FROM \"core\".\"users\" AS \"users\" ORDER BY \"users\".\"created_at\" DESC LIMIT 20 OFFSET 0;\u001b[39m","timestamp":"2026-01-10 21:54:58:5458"}
{"level":"\u001b[37mdebug\u001b[39m","message":"\u001b[37mExecuting (default): SELECT \"role_permissions\".\"id\", \"role_permissions\".\"role\", \"role_permissions\".\"permission_id\", \"role_permissions\".\"granted_at\", \"role_permissions\".\"granted_by\", \"permission\".\"id\" AS \"permission.id\", \"permission\".\"name\" AS \"permission.name\", \"permission\".\"description\" AS \"permission.description\" FROM \"core\".\"role_permissions\" AS \"role_permissions\" LEFT OUTER JOIN \"core\".\"permissions\" AS \"permission\" ON \"role_permissions\".\"permission_id\" = \"permission\".\"id\" WHERE \"role_permissions\".\"role\" = 'pharmacist';\u001b[39m","timestamp":"2026-01-10 21:54:58:5458"}
{"level":"\u001b[37mdebug\u001b[39m","message":"\u001b[37mExecuting (default): SELECT \"role_permissions\".\"id\", \"role_permissions\".\"role\", \"role_permissions\".\"permission_id\", \"role_permissions\".\"granted_at\", \"role_permissions\".\"granted_by\", \"permission\".\"id\" AS \"permission.id\", \"permission\".\"name\" AS \"permission.name\", \"permission\".\"description\" AS \"permission.description\" FROM \"core\".\"role_permissions\" AS \"role_permissions\" LEFT OUTER JOIN \"core\".\"permissions\" AS \"permission\" ON \"role_permissions\".\"permission_id\" = \"permission\".\"id\" WHERE \"role_permissions\".\"role\" = 'receptionist';\u001b[39m","timestamp":"2026-01-10 21:54:58:5458"}
{"level":"\u001b[37mdebug\u001b[39m","message":"\u001b[37mExecuting (default): SELECT \"role_permissions\".\"id\", \"role_permissions\".\"role\", \"role_permissions\".\"permission_id\", \"role_permissions\".\"granted_at\", \"role_permissions\".\"granted_by\", \"permission\".\"id\" AS \"permission.id\", \"permission\".\"name\" AS \"permission.name\", \"permission\".\"description\" AS \"permission.description\" FROM \"core\".\"role_permissions\" AS \"role_permissions\" LEFT OUTER JOIN \"core\".\"permissions\" AS \"permission\" ON \"role_permissions\".\"permission_id\" = \"permission\".\"id\" WHERE \"role_permissions\".\"role\" = 'doctor';\u001b[39m","timestamp":"2026-01-10 21:54:58:5458"}
{"level":"\u001b[37mdebug\u001b[39m","message":"\u001b[37mExecuting (default): SELECT \"role_permissions\".\"id\", \"role_permissions\".\"role\", \"role_permissions\".\"permission_id\", \"role_permissions\".\"granted_at\", \"role_permissions\".\"granted_by\", \"permission\".\"id\" AS \"permission.id\", \"permission\".\"name\" AS \"permission.name\", \"permission\".\"description\" AS \"permission.description\" FROM \"core\".\"role_permissions\" AS \"role_permissions\" LEFT OUTER JOIN \"core\".\"permissions\" AS \"permission\" ON \"role_permissions\".\"permission_id\" = \"permission\".\"id\" WHERE \"role_permissions\".\"role\" = 'doctor';\u001b[39m","timestamp":"2026-01-10 21:54:58:5458"}
{"level":"\u001b[37mdebug\u001b[39m","message":"\u001b[37mExecuting (default): SELECT \"role_permissions\".\"id\", \"role_permissions\".\"role\", \"role_permissions\".\"permission_id\", \"role_permissions\".\"granted_at\", \"role_permissions\".\"granted_by\", \"permission\".\"id\" AS \"permission.id\", \"permission\".\"name\" AS \"permission.name\", \"permission\".\"description\" AS \"permission.description\" FROM \"core\".\"role_permissions\" AS \"role_permissions\" LEFT OUTER JOIN \"core\".\"permissions\" AS \"permission\" ON \"role_permissions\".\"permission_id\" = \"permission\".\"id\" WHERE \"role_permissions\".\"role\" = 'doctor';\u001b[39m","timestamp":"2026-01-10 21:54:58:5458"}
{"level":"\u001b[37mdebug\u001b[39m","message":"\u001b[37mExecuting (default): SELECT \"role_permissions\".\"id\", \"role_permissions\".\"role\", \"role_permissions\".\"permission_id\", \"role_permissions\".\"granted_at\", \"role_permissions\".\"granted_by\", \"permission\".\"id\" AS \"permission.id\", \"permission\".\"name\" AS \"permission.name\", \"permission\".\"description\" AS \"permission.description\" FROM \"core\".\"role_permissions\" AS \"role_permissions\" LEFT OUTER JOIN \"core\".\"permissions\" AS \"permission\" ON \"role_permissions\".\"permission_id\" = \"permission\".\"id\" WHERE \"role_permissions\".\"role\" = 'doctor';\u001b[39m","timestamp":"2026-01-10 21:54:58:5458"}
{"level":"\u001b[37mdebug\u001b[39m","message":"\u001b[37mExecuting (default): SELECT \"role_permissions\".\"id\", \"role_permissions\".\"role\", \"role_permissions\".\"permission_id\", \"role_permissions\".\"granted_at\", \"role_permissions\".\"granted_by\", \"permission\".\"id\" AS \"permission.id\", \"permission\".\"name\" AS \"permission.name\", \"permission\".\"description\" AS \"permission.description\" FROM \"core\".\"role_permissions\" AS \"role_permissions\" LEFT OUTER JOIN \"core\".\"permissions\" AS \"permission\" ON \"role_permissions\".\"permission_id\" = \"permission\".\"id\" WHERE \"role_permissions\".\"role\" = 'doctor';\u001b[39m","timestamp":"2026-01-10 21:54:58:5458"}
{"level":"\u001b[37mdebug\u001b[39m","message":"\u001b[37mExecuting (default): SELECT \"role_permissions\".\"id\", \"role_permissions\".\"role\", \"role_permissions\".\"permission_id\", \"role_permissions\".\"granted_at\", \"role_permissions\".\"granted_by\", \"permission\".\"id\" AS \"permission.id\", \"permission\".\"name\" AS \"permission.name\", \"permission\".\"description\" AS \"permission.description\" FROM \"core\".\"role_permissions\" AS \"role_permissions\" LEFT OUTER JOIN \"core\".\"permissions\" AS \"permission\" ON \"role_permissions\".\"permission_id\" = \"permission\".\"id\" WHERE \"role_permissions\".\"role\" = 'warehouse_manager';\u001b[39m","timestamp":"2026-01-10 21:54:58:5458"}
{"level":"\u001b[37mdebug\u001b[39m","message":"\u001b[37mExecuting (default): SELECT \"role_permissions\".\"id\", \"role_permissions\".\"role\", \"role_permissions\".\"permission_id\", \"role_permissions\".\"granted_at\", \"role_permissions\".\"granted_by\", \"permission\".\"id\" AS \"permission.id\", \"permission\".\"name\" AS \"permission.name\", \"permission\".\"description\" AS \"permission.description\" FROM \"core\".\"role_permissions\" AS \"role_permissions\" LEFT OUTER JOIN \"core\".\"permissions\" AS \"permission\" ON \"role_permissions\".\"permission_id\" = \"permission\".\"id\" WHERE \"role_permissions\".\"role\" = 'doctor';\u001b[39m","timestamp":"2026-01-10 21:54:58:5458"}
{"level":"\u001b[37mdebug\u001b[39m","message":"\u001b[37mExecuting (default): SELECT \"role_permissions\".\"id\", \"role_permissions\".\"role\", \"role_permissions\".\"permission_id\", \"role_permissions\".\"granted_at\", \"role_permissions\".\"granted_by\", \"permission\".\"id\" AS \"permission.id\", \"permission\".\"name\" AS \"permission.name\", \"permission\".\"description\" AS \"permission.description\" FROM \"core\".\"role_permissions\" AS \"role_permissions\" LEFT OUTER JOIN \"core\".\"permissions\" AS \"permission\" ON \"role_permissions\".\"permission_id\" = \"permission\".\"id\" WHERE \"role_permissions\".\"role\" = 'doctor';\u001b[39m","timestamp":"2026-01-10 21:54:58:5458"}
{"level":"\u001b[37mdebug\u001b[39m","message":"\u001b[37mExecuting (default): SELECT \"role_permissions\".\"id\", \"role_permissions\".\"role\", \"role_permissions\".\"permission_id\", \"role_permissions\".\"granted_at\", \"role_permissions\".\"granted_by\", \"permission\".\"id\" AS \"permission.id\", \"permission\".\"name\" AS \"permission.name\", \"permission\".\"description\" AS \"permission.description\" FROM \"core\".\"role_permissions\" AS \"role_permissions\" LEFT OUTER JOIN \"core\".\"permissions\" AS \"permission\" ON \"role_permissions\".\"permission_id\" = \"permission\".\"id\" WHERE \"role_permissions\".\"role\" = 'admin';\u001b[39m","timestamp":"2026-01-10 21:54:58:5458"}
{"level":"\u001b[37mdebug\u001b[39m","message":"\u001b[37mExecuting (default): SELECT \"role_permissions\".\"id\", \"role_permissions\".\"role\", \"role_permissions\".\"permission_id\", \"role_permissions\".\"granted_at\", \"role_permissions\".\"granted_by\", \"permission\".\"id\" AS \"permission.id\", \"permission\".\"name\" AS \"permission.name\", \"permission\".\"description\" AS \"permission.description\" FROM \"core\".\"role_permissions\" AS \"role_permissions\" LEFT OUTER JOIN \"core\".\"permissions\" AS \"permission\" ON \"role_permissions\".\"permission_id\" = \"permission\".\"id\" WHERE \"role_permissions\".\"role\" = 'super_admin';\u001b[39m","timestamp":"2026-01-10 21:54:58:5458"}
{"level":"\u001b[32minfo\u001b[39m","message":"\u001b[32m\u001b[0mGET /api/v1/users/users \u001b[32m200\u001b[0m 54.824 ms - 120393\u001b[0m\u001b[39m","timestamp":"2026-01-10 21:54:58:5458"}
{"level":"\u001b[32minfo\u001b[39m","message":"\u001b[32m🚀 Server is running on port 3002\u001b[39m","timestamp":"2026-01-10 21:57:04:574"}
{"level":"\u001b[32minfo\u001b[39m","message":"\u001b[32m📚 API Documentation: http://localhost:3002/api-docs\u001b[39m","timestamp":"2026-01-10 21:57:04:574"}
{"level":"\u001b[32minfo\u001b[39m","message":"\u001b[32m🔍 API v1: http://localhost:3002/api/v1\u001b[39m","timestamp":"2026-01-10 21:57:04:574"}
{"level":"\u001b[32minfo\u001b[39m","message":"\u001b[32m❤️  Health check: http://localhost:3002/health\u001b[39m","timestamp":"2026-01-10 21:57:04:574"}
{"level":"\u001b[37mdebug\u001b[39m","message":"\u001b[37mExecuting (default): SELECT 1+1 AS result\u001b[39m","timestamp":"2026-01-10 21:57:04:574"}
{"level":"\u001b[32minfo\u001b[39m","message":"\u001b[32m✅ Database connection established successfully\u001b[39m","timestamp":"2026-01-10 21:57:04:574"}
{"level":"\u001b[32minfo\u001b[39m","message":"\u001b[32m📊 Connected to: dev-cmdv@localhost\u001b[39m","timestamp":"2026-01-10 21:57:04:574"}
{"level":"\u001b[32minfo\u001b[39m","message":"\u001b[32m🚀 Server is running on port 3002\u001b[39m","timestamp":"2026-01-10 21:57:22:5722"}
{"level":"\u001b[32minfo\u001b[39m","message":"\u001b[32m📚 API Documentation: http://localhost:3002/api-docs\u001b[39m","timestamp":"2026-01-10 21:57:22:5722"}
{"level":"\u001b[32minfo\u001b[39m","message":"\u001b[32m🔍 API v1: http://localhost:3002/api/v1\u001b[39m","timestamp":"2026-01-10 21:57:22:5722"}
{"level":"\u001b[32minfo\u001b[39m","message":"\u001b[32m❤️  Health check: http://localhost:3002/health\u001b[39m","timestamp":"2026-01-10 21:57:22:5722"}
{"level":"\u001b[37mdebug\u001b[39m","message":"\u001b[37mExecuting (default): SELECT 1+1 AS result\u001b[39m","timestamp":"2026-01-10 21:57:22:5722"}
{"level":"\u001b[32minfo\u001b[39m","message":"\u001b[32m✅ Database connection established successfully\u001b[39m","timestamp":"2026-01-10 21:57:22:5722"}
{"level":"\u001b[32minfo\u001b[39m","message":"\u001b[32m📊 Connected to: dev-cmdv@localhost\u001b[39m","timestamp":"2026-01-10 21:57:22:5722"}
{"level":"\u001b[32minfo\u001b[39m","message":"\u001b[32m🚀 Server is running on port 3002\u001b[39m","timestamp":"2026-01-10 21:57:53:5753"}
{"level":"\u001b[32minfo\u001b[39m","message":"\u001b[32m📚 API Documentation: http://localhost:3002/api-docs\u001b[39m","timestamp":"2026-01-10 21:57:53:5753"}
{"level":"\u001b[32minfo\u001b[39m","message":"\u001b[32m🔍 API v1: http://localhost:3002/api/v1\u001b[39m","timestamp":"2026-01-10 21:57:53:5753"}
{"level":"\u001b[32minfo\u001b[39m","message":"\u001b[32m❤️  Health check: http://localhost:3002/health\u001b[39m","timestamp":"2026-01-10 21:57:53:5753"}
{"level":"\u001b[37mdebug\u001b[39m","message":"\u001b[37mExecuting (default): SELECT 1+1 AS result\u001b[39m","timestamp":"2026-01-10 21:57:53:5753"}
{"level":"\u001b[32minfo\u001b[39m","message":"\u001b[32m✅ Database connection established successfully\u001b[39m","timestamp":"2026-01-10 21:57:53:5753"}
{"level":"\u001b[32minfo\u001b[39m","message":"\u001b[32m📊 Connected to: dev-cmdv@localhost\u001b[39m","timestamp":"2026-01-10 21:57:53:5753"}
{"level":"\u001b[32minfo\u001b[39m","message":"\u001b[32m🚀 Server is running on port 3002\u001b[39m","timestamp":"2026-01-10 21:59:55:5955"}
{"level":"\u001b[32minfo\u001b[39m","message":"\u001b[32m📚 API Documentation: http://localhost:3002/api-docs\u001b[39m","timestamp":"2026-01-10 21:59:55:5955"}
{"level":"\u001b[32minfo\u001b[39m","message":"\u001b[32m🔍 API v1: http://localhost:3002/api/v1\u001b[39m","timestamp":"2026-01-10 21:59:55:5955"}
{"level":"\u001b[32minfo\u001b[39m","message":"\u001b[32m❤️  Health check: http://localhost:3002/health\u001b[39m","timestamp":"2026-01-10 21:59:55:5955"}
{"level":"\u001b[37mdebug\u001b[39m","message":"\u001b[37mExecuting (default): SELECT 1+1 AS result\u001b[39m","timestamp":"2026-01-10 21:59:55:5955"}
{"level":"\u001b[32minfo\u001b[39m","message":"\u001b[32m✅ Database connection established successfully\u001b[39m","timestamp":"2026-01-10 21:59:55:5955"}
{"level":"\u001b[32minfo\u001b[39m","message":"\u001b[32m📊 Connected to: dev-cmdv@localhost\u001b[39m","timestamp":"2026-01-10 21:59:55:5955"}
{"level":"\u001b[32minfo\u001b[39m","message":"\u001b[32m🚀 Server is running on port 3002\u001b[39m","timestamp":"2026-01-10 22:21:35:2135"}
{"level":"\u001b[32minfo\u001b[39m","message":"\u001b[32m📚 API Documentation: http://localhost:3002/api-docs\u001b[39m","timestamp":"2026-01-10 22:21:35:2135"}
{"level":"\u001b[32minfo\u001b[39m","message":"\u001b[32m🔍 API v1: http://localhost:3002/api/v1\u001b[39m","timestamp":"2026-01-10 22:21:35:2135"}
{"level":"\u001b[32minfo\u001b[39m","message":"\u001b[32m❤️  Health check: http://localhost:3002/health\u001b[39m","timestamp":"2026-01-10 22:21:35:2135"}
{"level":"\u001b[37mdebug\u001b[39m","message":"\u001b[37mExecuting (default): SELECT 1+1 AS result\u001b[39m","timestamp":"2026-01-10 22:21:35:2135"}
{"level":"\u001b[32minfo\u001b[39m","message":"\u001b[32m✅ Database connection established successfully\u001b[39m","timestamp":"2026-01-10 22:21:35:2135"}
{"level":"\u001b[32minfo\u001b[39m","message":"\u001b[32m📊 Connected to: dev-cmdv@localhost\u001b[39m","timestamp":"2026-01-10 22:21:35:2135"}
{"level":"\u001b[32minfo\u001b[39m","message":"\u001b[32m🚀 Server is running on port 3002\u001b[39m","timestamp":"2026-01-10 22:22:11:2211"}
{"level":"\u001b[32minfo\u001b[39m","message":"\u001b[32m📚 API Documentation: http://localhost:3002/api-docs\u001b[39m","timestamp":"2026-01-10 22:22:11:2211"}
{"level":"\u001b[32minfo\u001b[39m","message":"\u001b[32m🔍 API v1: http://localhost:3002/api/v1\u001b[39m","timestamp":"2026-01-10 22:22:11:2211"}
{"level":"\u001b[32minfo\u001b[39m","message":"\u001b[32m❤️  Health check: http://localhost:3002/health\u001b[39m","timestamp":"2026-01-10 22:22:11:2211"}
{"level":"\u001b[37mdebug\u001b[39m","message":"\u001b[37mExecuting (default): SELECT 1+1 AS result\u001b[39m","timestamp":"2026-01-10 22:22:11:2211"}
{"level":"\u001b[32minfo\u001b[39m","message":"\u001b[32m✅ Database connection established successfully\u001b[39m","timestamp":"2026-01-10 22:22:11:2211"}
{"level":"\u001b[32minfo\u001b[39m","message":"\u001b[32m📊 Connected to: dev-cmdv@localhost\u001b[39m","timestamp":"2026-01-10 22:22:11:2211"}
{"level":"\u001b[32minfo\u001b[39m","message":"\u001b[32m\u001b[0mGET /api/v1/roles/roles \u001b[33m401\u001b[0m 7.617 ms - 47\u001b[0m\u001b[39m","timestamp":"2026-01-10 22:22:39:2239"}
{"level":"\u001b[37mdebug\u001b[39m","message":"\u001b[37mExecuting (default): SELECT count(*) AS \"count\" FROM \"core\".\"users\" AS \"users\" WHERE \"users\".\"is_active\" = true;\u001b[39m","timestamp":"2026-01-10 22:22:50:2250"}
{"level":"\u001b[37mdebug\u001b[39m","message":"\u001b[37mExecuting (default): SELECT count(*) AS \"count\" FROM \"core\".\"users\" AS \"users\" WHERE \"users\".\"role\" = 'super_admin' AND \"users\".\"is_active\" = true;\u001b[39m","timestamp":"2026-01-10 22:22:50:2250"}
{"level":"\u001b[37mdebug\u001b[39m","message":"\u001b[37mExecuting (default): SELECT count(*) AS \"count\" FROM \"core\".\"users\" AS \"users\" WHERE \"users\".\"role\" = 'admin' AND \"users\".\"is_active\" = true;\u001b[39m","timestamp":"2026-01-10 22:22:50:2250"}
{"level":"\u001b[37mdebug\u001b[39m","message":"\u001b[37mExecuting (default): SELECT count(*) AS \"count\" FROM \"core\".\"users\" AS \"users\" WHERE \"users\".\"role\" = 'doctor' AND \"users\".\"is_active\" = true;\u001b[39m","timestamp":"2026-01-10 22:22:50:2250"}
{"level":"\u001b[37mdebug\u001b[39m","message":"\u001b[37mExecuting (default): SELECT count(*) AS \"count\" FROM \"core\".\"users\" AS \"users\" WHERE \"users\".\"role\" = 'nurse' AND \"users\".\"is_active\" = true;\u001b[39m","timestamp":"2026-01-10 22:22:50:2250"}
{"level":"\u001b[37mdebug\u001b[39m","message":"\u001b[37mExecuting (default): SELECT count(*) AS \"count\" FROM \"core\".\"users\" AS \"users\" WHERE \"users\".\"role\" = 'pharmacist' AND \"users\".\"is_active\" = true;\u001b[39m","timestamp":"2026-01-10 22:22:50:2250"}
{"level":"\u001b[37mdebug\u001b[39m","message":"\u001b[37mExecuting (default): SELECT count(*) AS \"count\" FROM \"core\".\"users\" AS \"users\" WHERE \"users\".\"role\" = 'receptionist' AND \"users\".\"is_active\" = true;\u001b[39m","timestamp":"2026-01-10 22:22:50:2250"}
{"level":"\u001b[37mdebug\u001b[39m","message":"\u001b[37mExecuting (default): SELECT count(*) AS \"count\" FROM \"core\".\"users\" AS \"users\" WHERE \"users\".\"role\" = 'lab_technician' AND \"users\".\"is_active\" = true;\u001b[39m","timestamp":"2026-01-10 22:22:50:2250"}
{"level":"\u001b[37mdebug\u001b[39m","message":"\u001b[37mExecuting (default): SELECT count(*) AS \"count\" FROM \"core\".\"users\" AS \"users\" WHERE \"users\".\"role\" = 'billing_staff' AND \"users\".\"is_active\" = true;\u001b[39m","timestamp":"2026-01-10 22:22:50:2250"}
{"level":"\u001b[37mdebug\u001b[39m","message":"\u001b[37mExecuting (default): SELECT count(*) AS \"count\" FROM \"core\".\"users\" AS \"users\" WHERE \"users\".\"role\" = 'warehouse_manager' AND \"users\".\"is_active\" = true;\u001b[39m","timestamp":"2026-01-10 22:22:50:2250"}
{"level":"\u001b[37mdebug\u001b[39m","message":"\u001b[37mExecuting (default): SELECT \"role_permissions\".\"id\", \"role_permissions\".\"role\", \"role_permissions\".\"permission_id\", \"role_permissions\".\"granted_at\", \"role_permissions\".\"granted_by\", \"permission\".\"id\" AS \"permission.id\", \"permission\".\"name\" AS \"permission.name\", \"permission\".\"description\" AS \"permission.description\", \"permission\".\"resource\" AS \"permission.resource\", \"permission\".\"action\" AS \"permission.action\" FROM \"core\".\"role_permissions\" AS \"role_permissions\" LEFT OUTER JOIN \"core\".\"permissions\" AS \"permission\" ON \"role_permissions\".\"permission_id\" = \"permission\".\"id\" WHERE \"role_permissions\".\"role\" = 'super_admin';\u001b[39m","timestamp":"2026-01-10 22:22:50:2250"}
{"level":"\u001b[37mdebug\u001b[39m","message":"\u001b[37mExecuting (default): SELECT \"role_permissions\".\"id\", \"role_permissions\".\"role\", \"role_permissions\".\"permission_id\", \"role_permissions\".\"granted_at\", \"role_permissions\".\"granted_by\", \"permission\".\"id\" AS \"permission.id\", \"permission\".\"name\" AS \"permission.name\", \"permission\".\"description\" AS \"permission.description\", \"permission\".\"resource\" AS \"permission.resource\", \"permission\".\"action\" AS \"permission.action\" FROM \"core\".\"role_permissions\" AS \"role_permissions\" LEFT OUTER JOIN \"core\".\"permissions\" AS \"permission\" ON \"role_permissions\".\"permission_id\" = \"permission\".\"id\" WHERE \"role_permissions\".\"role\" = 'admin';\u001b[39m","timestamp":"2026-01-10 22:22:50:2250"}
{"level":"\u001b[37mdebug\u001b[39m","message":"\u001b[37mExecuting (default): SELECT \"role_permissions\".\"id\", \"role_permissions\".\"role\", \"role_permissions\".\"permission_id\", \"role_permissions\".\"granted_at\", \"role_permissions\".\"granted_by\", \"permission\".\"id\" AS \"permission.id\", \"permission\".\"name\" AS \"permission.name\", \"permission\".\"description\" AS \"permission.description\", \"permission\".\"resource\" AS \"permission.resource\", \"permission\".\"action\" AS \"permission.action\" FROM \"core\".\"role_permissions\" AS \"role_permissions\" LEFT OUTER JOIN \"core\".\"permissions\" AS \"permission\" ON \"role_permissions\".\"permission_id\" = \"permission\".\"id\" WHERE \"role_permissions\".\"role\" = 'doctor';\u001b[39m","timestamp":"2026-01-10 22:22:50:2250"}
{"level":"\u001b[37mdebug\u001b[39m","message":"\u001b[37mExecuting (default): SELECT \"role_permissions\".\"id\", \"role_permissions\".\"role\", \"role_permissions\".\"permission_id\", \"role_permissions\".\"granted_at\", \"role_permissions\".\"granted_by\", \"permission\".\"id\" AS \"permission.id\", \"permission\".\"name\" AS \"permission.name\", \"permission\".\"description\" AS \"permission.description\", \"permission\".\"resource\" AS \"permission.resource\", \"permission\".\"action\" AS \"permission.action\" FROM \"core\".\"role_permissions\" AS \"role_permissions\" LEFT OUTER JOIN \"core\".\"permissions\" AS \"permission\" ON \"role_permissions\".\"permission_id\" = \"permission\".\"id\" WHERE \"role_permissions\".\"role\" = 'nurse';\u001b[39m","timestamp":"2026-01-10 22:22:50:2250"}
{"level":"\u001b[37mdebug\u001b[39m","message":"\u001b[37mExecuting (default): SELECT \"role_permissions\".\"id\", \"role_permissions\".\"role\", \"role_permissions\".\"permission_id\", \"role_permissions\".\"granted_at\", \"role_permissions\".\"granted_by\", \"permission\".\"id\" AS \"permission.id\", \"permission\".\"name\" AS \"permission.name\", \"permission\".\"description\" AS \"permission.description\", \"permission\".\"resource\" AS \"permission.resource\", \"permission\".\"action\" AS \"permission.action\" FROM \"core\".\"role_permissions\" AS \"role_permissions\" LEFT OUTER JOIN \"core\".\"permissions\" AS \"permission\" ON \"role_permissions\".\"permission_id\" = \"permission\".\"id\" WHERE \"role_permissions\".\"role\" = 'pharmacist';\u001b[39m","timestamp":"2026-01-10 22:22:50:2250"}
{"level":"\u001b[37mdebug\u001b[39m","message":"\u001b[37mExecuting (default): SELECT \"role_permissions\".\"id\", \"role_permissions\".\"role\", \"role_permissions\".\"permission_id\", \"role_permissions\".\"granted_at\", \"role_permissions\".\"granted_by\", \"permission\".\"id\" AS \"permission.id\", \"permission\".\"name\" AS \"permission.name\", \"permission\".\"description\" AS \"permission.description\", \"permission\".\"resource\" AS \"permission.resource\", \"permission\".\"action\" AS \"permission.action\" FROM \"core\".\"role_permissions\" AS \"role_permissions\" LEFT OUTER JOIN \"core\".\"permissions\" AS \"permission\" ON \"role_permissions\".\"permission_id\" = \"permission\".\"id\" WHERE \"role_permissions\".\"role\" = 'receptionist';\u001b[39m","timestamp":"2026-01-10 22:22:50:2250"}
{"level":"\u001b[37mdebug\u001b[39m","message":"\u001b[37mExecuting (default): SELECT \"role_permissions\".\"id\", \"role_permissions\".\"role\", \"role_permissions\".\"permission_id\", \"role_permissions\".\"granted_at\", \"role_permissions\".\"granted_by\", \"permission\".\"id\" AS \"permission.id\", \"permission\".\"name\" AS \"permission.name\", \"permission\".\"description\" AS \"permission.description\", \"permission\".\"resource\" AS \"permission.resource\", \"permission\".\"action\" AS \"permission.action\" FROM \"core\".\"role_permissions\" AS \"role_permissions\" LEFT OUTER JOIN \"core\".\"permissions\" AS \"permission\" ON \"role_permissions\".\"permission_id\" = \"permission\".\"id\" WHERE \"role_permissions\".\"role\" = 'lab_technician';\u001b[39m","timestamp":"2026-01-10 22:22:50:2250"}
{"level":"\u001b[37mdebug\u001b[39m","message":"\u001b[37mExecuting (default): SELECT \"role_permissions\".\"id\", \"role_permissions\".\"role\", \"role_permissions\".\"permission_id\", \"role_permissions\".\"granted_at\", \"role_permissions\".\"granted_by\", \"permission\".\"id\" AS \"permission.id\", \"permission\".\"name\" AS \"permission.name\", \"permission\".\"description\" AS \"permission.description\", \"permission\".\"resource\" AS \"permission.resource\", \"permission\".\"action\" AS \"permission.action\" FROM \"core\".\"role_permissions\" AS \"role_permissions\" LEFT OUTER JOIN \"core\".\"permissions\" AS \"permission\" ON \"role_permissions\".\"permission_id\" = \"permission\".\"id\" WHERE \"role_permissions\".\"role\" = 'billing_staff';\u001b[39m","timestamp":"2026-01-10 22:22:50:2250"}
{"level":"\u001b[37mdebug\u001b[39m","message":"\u001b[37mExecuting (default): SELECT \"role_permissions\".\"id\", \"role_permissions\".\"role\", \"role_permissions\".\"permission_id\", \"role_permissions\".\"granted_at\", \"role_permissions\".\"granted_by\", \"permission\".\"id\" AS \"permission.id\", \"permission\".\"name\" AS \"permission.name\", \"permission\".\"description\" AS \"permission.description\", \"permission\".\"resource\" AS \"permission.resource\", \"permission\".\"action\" AS \"permission.action\" FROM \"core\".\"role_permissions\" AS \"role_permissions\" LEFT OUTER JOIN \"core\".\"permissions\" AS \"permission\" ON \"role_permissions\".\"permission_id\" = \"permission\".\"id\" WHERE \"role_permissions\".\"role\" = 'warehouse_manager';\u001b[39m","timestamp":"2026-01-10 22:22:50:2250"}
{"level":"\u001b[32minfo\u001b[39m","message":"\u001b[32m\u001b[0mGET /api/v1/roles/roles \u001b[32m200\u001b[0m 175.232 ms - 32082\u001b[0m\u001b[39m","timestamp":"2026-01-10 22:22:50:2250"}
{"level":"\u001b[37mdebug\u001b[39m","message":"\u001b[37mExecuting (default): SELECT count(\"products\".\"id\") AS \"count\" FROM \"inventory\".\"products\" AS \"products\" LEFT OUTER JOIN \"inventory\".\"product_categories\" AS \"category\" ON \"products\".\"category_id\" = \"category\".\"id\" WHERE \"products\".\"is_active\" = true AND \"products\".\"requires_prescription\" = true;\u001b[39m","timestamp":"2026-01-10 22:25:53:2553"}
{"level":"\u001b[37mdebug\u001b[39m","message":"\u001b[37mExecuting (default): SELECT \"products\".\"id\", \"products\".\"code\", \"products\".\"barcode\", \"products\".\"name\", \"products\".\"category_id\", \"products\".\"description\", \"products\".\"unit_of_measure\", \"products\".\"minimum_stock\", \"products\".\"maximum_stock\", \"products\".\"reorder_point\", \"products\".\"unit_cost\", \"products\".\"selling_price\", \"products\".\"requires_prescription\", \"products\".\"requires_refrigeration\", \"products\".\"expiration_alert_days\", \"products\".\"is_active\", \"products\".\"created_at\", \"products\".\"updated_at\", \"category\".\"id\" AS \"category.id\", \"category\".\"name\" AS \"category.name\", \"category\".\"code\" AS \"category.code\" FROM \"inventory\".\"products\" AS \"products\" LEFT OUTER JOIN \"inventory\".\"product_categories\" AS \"category\" ON \"products\".\"category_id\" = \"category\".\"id\" WHERE \"products\".\"is_active\" = true AND \"products\".\"requires_prescription\" = true ORDER BY \"products\".\"name\" ASC LIMIT 50 OFFSET 0;\u001b[39m","timestamp":"2026-01-10 22:25:53:2553"}
{"level":"\u001b[32minfo\u001b[39m","message":"\u001b[32m\u001b[0mGET /api/v1/inventory/products/?isActive=true&requiresPrescription=true \u001b[32m200\u001b[0m 45.611 ms - 1331\u001b[0m\u001b[39m","timestamp":"2026-01-10 22:25:53:2553"}
{"level":"\u001b[37mdebug\u001b[39m","message":"\u001b[37mExecuting (default): SELECT \"id\", \"code\", \"business_name\", \"contact_name\", \"tax_id\", \"phone\", \"mobile\", \"email\", \"address\", \"city\", \"state\", \"zip_code\", \"payment_terms\", \"credit_days\", \"credit_limit\", \"current_balance\", \"bank_account\", \"bank_name\", \"notes\", \"is_active\", \"created_at\" AS \"createdAt\", \"updated_at\" AS \"updatedAt\" FROM \"inventory\".\"suppliers\" AS \"suppliers\" WHERE \"suppliers\".\"is_active\" = true ORDER BY \"suppliers\".\"business_name\" ASC;\u001b[39m","timestamp":"2026-01-10 22:28:50:2850"}
{"level":"\u001b[32minfo\u001b[39m","message":"\u001b[32m\u001b[0mGET /api/v1/inventory/suppliers?activeOnly=true \u001b[32m200\u001b[0m 38.378 ms - 1839\u001b[0m\u001b[39m","timestamp":"2026-01-10 22:28:50:2850"}
{"level":"\u001b[37mdebug\u001b[39m","message":"\u001b[37mExecuting (default): SELECT count(*) AS \"count\" FROM \"core\".\"users\" AS \"users\";\u001b[39m","timestamp":"2026-01-10 22:33:57:3357"}
{"level":"\u001b[37mdebug\u001b[39m","message":"\u001b[37mExecuting (default): SELECT count(*) AS \"count\" FROM \"core\".\"users\" AS \"users\" WHERE \"users\".\"is_active\" = true;\u001b[39m","timestamp":"2026-01-10 22:33:57:3357"}
{"level":"\u001b[37mdebug\u001b[39m","message":"\u001b[37mExecuting (default): SELECT count(*) AS \"count\" FROM \"core\".\"users\" AS \"users\" WHERE \"users\".\"is_active\" = false;\u001b[39m","timestamp":"2026-01-10 22:33:57:3357"}
{"level":"\u001b[37mdebug\u001b[39m","message":"\u001b[37mExecuting (default): SELECT count(*) AS \"count\" FROM \"core\".\"users\" AS \"users\" WHERE \"users\".\"role\" = 'admin';\u001b[39m","timestamp":"2026-01-10 22:33:57:3357"}
{"level":"\u001b[37mdebug\u001b[39m","message":"\u001b[37mExecuting (default): SELECT \"id\", \"username\", \"email\", \"full_name\", \"role\", \"is_active\", \"last_login\", \"password_changed_at\", \"failed_login_attempts\", \"locked_until\", \"created_by\", \"updated_by\", \"created_at\", \"updated_at\" FROM \"core\".\"users\" AS \"users\" ORDER BY \"users\".\"created_at\" DESC LIMIT 20 OFFSET 0;\u001b[39m","timestamp":"2026-01-10 22:33:57:3357"}
{"level":"\u001b[37mdebug\u001b[39m","message":"\u001b[37mExecuting (default): SELECT \"role_permissions\".\"id\", \"role_permissions\".\"role\", \"role_permissions\".\"permission_id\", \"role_permissions\".\"granted_at\", \"role_permissions\".\"granted_by\", \"permission\".\"id\" AS \"permission.id\", \"permission\".\"name\" AS \"permission.name\", \"permission\".\"description\" AS \"permission.description\" FROM \"core\".\"role_permissions\" AS \"role_permissions\" LEFT OUTER JOIN \"core\".\"permissions\" AS \"permission\" ON \"role_permissions\".\"permission_id\" = \"permission\".\"id\" WHERE \"role_permissions\".\"role\" = 'pharmacist';\u001b[39m","timestamp":"2026-01-10 22:33:57:3357"}
{"level":"\u001b[37mdebug\u001b[39m","message":"\u001b[37mExecuting (default): SELECT \"role_permissions\".\"id\", \"role_permissions\".\"role\", \"role_permissions\".\"permission_id\", \"role_permissions\".\"granted_at\", \"role_permissions\".\"granted_by\", \"permission\".\"id\" AS \"permission.id\", \"permission\".\"name\" AS \"permission.name\", \"permission\".\"description\" AS \"permission.description\" FROM \"core\".\"role_permissions\" AS \"role_permissions\" LEFT OUTER JOIN \"core\".\"permissions\" AS \"permission\" ON \"role_permissions\".\"permission_id\" = \"permission\".\"id\" WHERE \"role_permissions\".\"role\" = 'receptionist';\u001b[39m","timestamp":"2026-01-10 22:33:57:3357"}
{"level":"\u001b[37mdebug\u001b[39m","message":"\u001b[37mExecuting (default): SELECT \"role_permissions\".\"id\", \"role_permissions\".\"role\", \"role_permissions\".\"permission_id\", \"role_permissions\".\"granted_at\", \"role_permissions\".\"granted_by\", \"permission\".\"id\" AS \"permission.id\", \"permission\".\"name\" AS \"permission.name\", \"permission\".\"description\" AS \"permission.description\" FROM \"core\".\"role_permissions\" AS \"role_permissions\" LEFT OUTER JOIN \"core\".\"permissions\" AS \"permission\" ON \"role_permissions\".\"permission_id\" = \"permission\".\"id\" WHERE \"role_permissions\".\"role\" = 'doctor';\u001b[39m","timestamp":"2026-01-10 22:33:57:3357"}
{"level":"\u001b[37mdebug\u001b[39m","message":"\u001b[37mExecuting (default): SELECT \"role_permissions\".\"id\", \"role_permissions\".\"role\", \"role_permissions\".\"permission_id\", \"role_permissions\".\"granted_at\", \"role_permissions\".\"granted_by\", \"permission\".\"id\" AS \"permission.id\", \"permission\".\"name\" AS \"permission.name\", \"permission\".\"description\" AS \"permission.description\" FROM \"core\".\"role_permissions\" AS \"role_permissions\" LEFT OUTER JOIN \"core\".\"permissions\" AS \"permission\" ON \"role_permissions\".\"permission_id\" = \"permission\".\"id\" WHERE \"role_permissions\".\"role\" = 'doctor';\u001b[39m","timestamp":"2026-01-10 22:33:57:3357"}
{"level":"\u001b[37mdebug\u001b[39m","message":"\u001b[37mExecuting (default): SELECT \"role_permissions\".\"id\", \"role_permissions\".\"role\", \"role_permissions\".\"permission_id\", \"role_permissions\".\"granted_at\", \"role_permissions\".\"granted_by\", \"permission\".\"id\" AS \"permission.id\", \"permission\".\"name\" AS \"permission.name\", \"permission\".\"description\" AS \"permission.description\" FROM \"core\".\"role_permissions\" AS \"role_permissions\" LEFT OUTER JOIN \"core\".\"permissions\" AS \"permission\" ON \"role_permissions\".\"permission_id\" = \"permission\".\"id\" WHERE \"role_permissions\".\"role\" = 'doctor';\u001b[39m","timestamp":"2026-01-10 22:33:57:3357"}
{"level":"\u001b[37mdebug\u001b[39m","message":"\u001b[37mExecuting (default): SELECT \"role_permissions\".\"id\", \"role_permissions\".\"role\", \"role_permissions\".\"permission_id\", \"role_permissions\".\"granted_at\", \"role_permissions\".\"granted_by\", \"permission\".\"id\" AS \"permission.id\", \"permission\".\"name\" AS \"permission.name\", \"permission\".\"description\" AS \"permission.description\" FROM \"core\".\"role_permissions\" AS \"role_permissions\" LEFT OUTER JOIN \"core\".\"permissions\" AS \"permission\" ON \"role_permissions\".\"permission_id\" = \"permission\".\"id\" WHERE \"role_permissions\".\"role\" = 'doctor';\u001b[39m","timestamp":"2026-01-10 22:33:57:3357"}
{"level":"\u001b[37mdebug\u001b[39m","message":"\u001b[37mExecuting (default): SELECT \"role_permissions\".\"id\", \"role_permissions\".\"role\", \"role_permissions\".\"permission_id\", \"role_permissions\".\"granted_at\", \"role_permissions\".\"granted_by\", \"permission\".\"id\" AS \"permission.id\", \"permission\".\"name\" AS \"permission.name\", \"permission\".\"description\" AS \"permission.description\" FROM \"core\".\"role_permissions\" AS \"role_permissions\" LEFT OUTER JOIN \"core\".\"permissions\" AS \"permission\" ON \"role_permissions\".\"permission_id\" = \"permission\".\"id\" WHERE \"role_permissions\".\"role\" = 'doctor';\u001b[39m","timestamp":"2026-01-10 22:33:57:3357"}
{"level":"\u001b[37mdebug\u001b[39m","message":"\u001b[37mExecuting (default): SELECT \"role_permissions\".\"id\", \"role_permissions\".\"role\", \"role_permissions\".\"permission_id\", \"role_permissions\".\"granted_at\", \"role_permissions\".\"granted_by\", \"permission\".\"id\" AS \"permission.id\", \"permission\".\"name\" AS \"permission.name\", \"permission\".\"description\" AS \"permission.description\" FROM \"core\".\"role_permissions\" AS \"role_permissions\" LEFT OUTER JOIN \"core\".\"permissions\" AS \"permission\" ON \"role_permissions\".\"permission_id\" = \"permission\".\"id\" WHERE \"role_permissions\".\"role\" = 'warehouse_manager';\u001b[39m","timestamp":"2026-01-10 22:33:57:3357"}
{"level":"\u001b[37mdebug\u001b[39m","message":"\u001b[37mExecuting (default): SELECT \"role_permissions\".\"id\", \"role_permissions\".\"role\", \"role_permissions\".\"permission_id\", \"role_permissions\".\"granted_at\", \"role_permissions\".\"granted_by\", \"permission\".\"id\" AS \"permission.id\", \"permission\".\"name\" AS \"permission.name\", \"permission\".\"description\" AS \"permission.description\" FROM \"core\".\"role_permissions\" AS \"role_permissions\" LEFT OUTER JOIN \"core\".\"permissions\" AS \"permission\" ON \"role_permissions\".\"permission_id\" = \"permission\".\"id\" WHERE \"role_permissions\".\"role\" = 'doctor';\u001b[39m","timestamp":"2026-01-10 22:33:57:3357"}
{"level":"\u001b[37mdebug\u001b[39m","message":"\u001b[37mExecuting (default): SELECT \"role_permissions\".\"id\", \"role_permissions\".\"role\", \"role_permissions\".\"permission_id\", \"role_permissions\".\"granted_at\", \"role_permissions\".\"granted_by\", \"permission\".\"id\" AS \"permission.id\", \"permission\".\"name\" AS \"permission.name\", \"permission\".\"description\" AS \"permission.description\" FROM \"core\".\"role_permissions\" AS \"role_permissions\" LEFT OUTER JOIN \"core\".\"permissions\" AS \"permission\" ON \"role_permissions\".\"permission_id\" = \"permission\".\"id\" WHERE \"role_permissions\".\"role\" = 'doctor';\u001b[39m","timestamp":"2026-01-10 22:33:57:3357"}
{"level":"\u001b[37mdebug\u001b[39m","message":"\u001b[37mExecuting (default): SELECT \"role_permissions\".\"id\", \"role_permissions\".\"role\", \"role_permissions\".\"permission_id\", \"role_permissions\".\"granted_at\", \"role_permissions\".\"granted_by\", \"permission\".\"id\" AS \"permission.id\", \"permission\".\"name\" AS \"permission.name\", \"permission\".\"description\" AS \"permission.description\" FROM \"core\".\"role_permissions\" AS \"role_permissions\" LEFT OUTER JOIN \"core\".\"permissions\" AS \"permission\" ON \"role_permissions\".\"permission_id\" = \"permission\".\"id\" WHERE \"role_permissions\".\"role\" = 'admin';\u001b[39m","timestamp":"2026-01-10 22:33:57:3357"}
{"level":"\u001b[37mdebug\u001b[39m","message":"\u001b[37mExecuting (default): SELECT \"role_permissions\".\"id\", \"role_permissions\".\"role\", \"role_permissions\".\"permission_id\", \"role_permissions\".\"granted_at\", \"role_permissions\".\"granted_by\", \"permission\".\"id\" AS \"permission.id\", \"permission\".\"name\" AS \"permission.name\", \"permission\".\"description\" AS \"permission.description\" FROM \"core\".\"role_permissions\" AS \"role_permissions\" LEFT OUTER JOIN \"core\".\"permissions\" AS \"permission\" ON \"role_permissions\".\"permission_id\" = \"permission\".\"id\" WHERE \"role_permissions\".\"role\" = 'super_admin';\u001b[39m","timestamp":"2026-01-10 22:33:57:3357"}
{"level":"\u001b[32minfo\u001b[39m","message":"\u001b[32m\u001b[0mGET /api/v1/users/users \u001b[32m200\u001b[0m 81.674 ms - 120393\u001b[0m\u001b[39m","timestamp":"2026-01-10 22:33:57:3357"}
{"level":"\u001b[37mdebug\u001b[39m","message":"\u001b[37mExecuting (default): SELECT count(*) AS \"count\" FROM \"core\".\"users\" AS \"users\";\u001b[39m","timestamp":"2026-01-10 22:33:57:3357"}
{"level":"\u001b[37mdebug\u001b[39m","message":"\u001b[37mExecuting (default): SELECT count(*) AS \"count\" FROM \"core\".\"users\" AS \"users\" WHERE \"users\".\"is_active\" = true;\u001b[39m","timestamp":"2026-01-10 22:33:57:3357"}
{"level":"\u001b[37mdebug\u001b[39m","message":"\u001b[37mExecuting (default): SELECT count(*) AS \"count\" FROM \"core\".\"users\" AS \"users\" WHERE \"users\".\"is_active\" = false;\u001b[39m","timestamp":"2026-01-10 22:33:57:3357"}
{"level":"\u001b[37mdebug\u001b[39m","message":"\u001b[37mExecuting (default): SELECT count(*) AS \"count\" FROM \"core\".\"users\" AS \"users\" WHERE \"users\".\"role\" = 'admin';\u001b[39m","timestamp":"2026-01-10 22:33:57:3357"}
{"level":"\u001b[37mdebug\u001b[39m","message":"\u001b[37mExecuting (default): SELECT \"id\", \"username\", \"email\", \"full_name\", \"role\", \"is_active\", \"last_login\", \"password_changed_at\", \"failed_login_attempts\", \"locked_until\", \"created_by\", \"updated_by\", \"created_at\", \"updated_at\" FROM \"core\".\"users\" AS \"users\" ORDER BY \"users\".\"created_at\" DESC LIMIT 20 OFFSET 0;\u001b[39m","timestamp":"2026-01-10 22:33:57:3357"}
{"level":"\u001b[37mdebug\u001b[39m","message":"\u001b[37mExecuting (default): SELECT \"role_permissions\".\"id\", \"role_permissions\".\"role\", \"role_permissions\".\"permission_id\", \"role_permissions\".\"granted_at\", \"role_permissions\".\"granted_by\", \"permission\".\"id\" AS \"permission.id\", \"permission\".\"name\" AS \"permission.name\", \"permission\".\"description\" AS \"permission.description\" FROM \"core\".\"role_permissions\" AS \"role_permissions\" LEFT OUTER JOIN \"core\".\"permissions\" AS \"permission\" ON \"role_permissions\".\"permission_id\" = \"permission\".\"id\" WHERE \"role_permissions\".\"role\" = 'pharmacist';\u001b[39m","timestamp":"2026-01-10 22:33:57:3357"}
{"level":"\u001b[37mdebug\u001b[39m","message":"\u001b[37mExecuting (default): SELECT \"role_permissions\".\"id\", \"role_permissions\".\"role\", \"role_permissions\".\"permission_id\", \"role_permissions\".\"granted_at\", \"role_permissions\".\"granted_by\", \"permission\".\"id\" AS \"permission.id\", \"permission\".\"name\" AS \"permission.name\", \"permission\".\"description\" AS \"permission.description\" FROM \"core\".\"role_permissions\" AS \"role_permissions\" LEFT OUTER JOIN \"core\".\"permissions\" AS \"permission\" ON \"role_permissions\".\"permission_id\" = \"permission\".\"id\" WHERE \"role_permissions\".\"role\" = 'receptionist';\u001b[39m","timestamp":"2026-01-10 22:33:57:3357"}
{"level":"\u001b[37mdebug\u001b[39m","message":"\u001b[37mExecuting (default): SELECT \"role_permissions\".\"id\", \"role_permissions\".\"role\", \"role_permissions\".\"permission_id\", \"role_permissions\".\"granted_at\", \"role_permissions\".\"granted_by\", \"permission\".\"id\" AS \"permission.id\", \"permission\".\"name\" AS \"permission.name\", \"permission\".\"description\" AS \"permission.description\" FROM \"core\".\"role_permissions\" AS \"role_permissions\" LEFT OUTER JOIN \"core\".\"permissions\" AS \"permission\" ON \"role_permissions\".\"permission_id\" = \"permission\".\"id\" WHERE \"role_permissions\".\"role\" = 'doctor';\u001b[39m","timestamp":"2026-01-10 22:33:57:3357"}
{"level":"\u001b[37mdebug\u001b[39m","message":"\u001b[37mExecuting (default): SELECT \"role_permissions\".\"id\", \"role_permissions\".\"role\", \"role_permissions\".\"permission_id\", \"role_permissions\".\"granted_at\", \"role_permissions\".\"granted_by\", \"permission\".\"id\" AS \"permission.id\", \"permission\".\"name\" AS \"permission.name\", \"permission\".\"description\" AS \"permission.description\" FROM \"core\".\"role_permissions\" AS \"role_permissions\" LEFT OUTER JOIN \"core\".\"permissions\" AS \"permission\" ON \"role_permissions\".\"permission_id\" = \"permission\".\"id\" WHERE \"role_permissions\".\"role\" = 'doctor';\u001b[39m","timestamp":"2026-01-10 22:33:57:3357"}
{"level":"\u001b[37mdebug\u001b[39m","message":"\u001b[37mExecuting (default): SELECT \"role_permissions\".\"id\", \"role_permissions\".\"role\", \"role_permissions\".\"permission_id\", \"role_permissions\".\"granted_at\", \"role_permissions\".\"granted_by\", \"permission\".\"id\" AS \"permission.id\", \"permission\".\"name\" AS \"permission.name\", \"permission\".\"description\" AS \"permission.description\" FROM \"core\".\"role_permissions\" AS \"role_permissions\" LEFT OUTER JOIN \"core\".\"permissions\" AS \"permission\" ON \"role_permissions\".\"permission_id\" = \"permission\".\"id\" WHERE \"role_permissions\".\"role\" = 'doctor';\u001b[39m","timestamp":"2026-01-10 22:33:57:3357"}
{"level":"\u001b[37mdebug\u001b[39m","message":"\u001b[37mExecuting (default): SELECT \"role_permissions\".\"id\", \"role_permissions\".\"role\", \"role_permissions\".\"permission_id\", \"role_permissions\".\"granted_at\", \"role_permissions\".\"granted_by\", \"permission\".\"id\" AS \"permission.id\", \"permission\".\"name\" AS \"permission.name\", \"permission\".\"description\" AS \"permission.description\" FROM \"core\".\"role_permissions\" AS \"role_permissions\" LEFT OUTER JOIN \"core\".\"permissions\" AS \"permission\" ON \"role_permissions\".\"permission_id\" = \"permission\".\"id\" WHERE \"role_permissions\".\"role\" = 'doctor';\u001b[39m","timestamp":"2026-01-10 22:33:57:3357"}
{"level":"\u001b[37mdebug\u001b[39m","message":"\u001b[37mExecuting (default): SELECT \"role_permissions\".\"id\", \"role_permissions\".\"role\", \"role_permissions\".\"permission_id\", \"role_permissions\".\"granted_at\", \"role_permissions\".\"granted_by\", \"permission\".\"id\" AS \"permission.id\", \"permission\".\"name\" AS \"permission.name\", \"permission\".\"description\" AS \"permission.description\" FROM \"core\".\"role_permissions\" AS \"role_permissions\" LEFT OUTER JOIN \"core\".\"permissions\" AS \"permission\" ON \"role_permissions\".\"permission_id\" = \"permission\".\"id\" WHERE \"role_permissions\".\"role\" = 'doctor';\u001b[39m","timestamp":"2026-01-10 22:33:57:3357"}
{"level":"\u001b[37mdebug\u001b[39m","message":"\u001b[37mExecuting (default): SELECT \"role_permissions\".\"id\", \"role_permissions\".\"role\", \"role_permissions\".\"permission_id\", \"role_permissions\".\"granted_at\", \"role_permissions\".\"granted_by\", \"permission\".\"id\" AS \"permission.id\", \"permission\".\"name\" AS \"permission.name\", \"permission\".\"description\" AS \"permission.description\" FROM \"core\".\"role_permissions\" AS \"role_permissions\" LEFT OUTER JOIN \"core\".\"permissions\" AS \"permission\" ON \"role_permissions\".\"permission_id\" = \"permission\".\"id\" WHERE \"role_permissions\".\"role\" = 'warehouse_manager';\u001b[39m","timestamp":"2026-01-10 22:33:57:3357"}
{"level":"\u001b[37mdebug\u001b[39m","message":"\u001b[37mExecuting (default): SELECT \"role_permissions\".\"id\", \"role_permissions\".\"role\", \"role_permissions\".\"permission_id\", \"role_permissions\".\"granted_at\", \"role_permissions\".\"granted_by\", \"permission\".\"id\" AS \"permission.id\", \"permission\".\"name\" AS \"permission.name\", \"permission\".\"description\" AS \"permission.description\" FROM \"core\".\"role_permissions\" AS \"role_permissions\" LEFT OUTER JOIN \"core\".\"permissions\" AS \"permission\" ON \"role_permissions\".\"permission_id\" = \"permission\".\"id\" WHERE \"role_permissions\".\"role\" = 'doctor';\u001b[39m","timestamp":"2026-01-10 22:33:57:3357"}
{"level":"\u001b[37mdebug\u001b[39m","message":"\u001b[37mExecuting (default): SELECT \"role_permissions\".\"id\", \"role_permissions\".\"role\", \"role_permissions\".\"permission_id\", \"role_permissions\".\"granted_at\", \"role_permissions\".\"granted_by\", \"permission\".\"id\" AS \"permission.id\", \"permission\".\"name\" AS \"permission.name\", \"permission\".\"description\" AS \"permission.description\" FROM \"core\".\"role_permissions\" AS \"role_permissions\" LEFT OUTER JOIN \"core\".\"permissions\" AS \"permission\" ON \"role_permissions\".\"permission_id\" = \"permission\".\"id\" WHERE \"role_permissions\".\"role\" = 'doctor';\u001b[39m","timestamp":"2026-01-10 22:33:57:3357"}
{"level":"\u001b[37mdebug\u001b[39m","message":"\u001b[37mExecuting (default): SELECT \"role_permissions\".\"id\", \"role_permissions\".\"role\", \"role_permissions\".\"permission_id\", \"role_permissions\".\"granted_at\", \"role_permissions\".\"granted_by\", \"permission\".\"id\" AS \"permission.id\", \"permission\".\"name\" AS \"permission.name\", \"permission\".\"description\" AS \"permission.description\" FROM \"core\".\"role_permissions\" AS \"role_permissions\" LEFT OUTER JOIN \"core\".\"permissions\" AS \"permission\" ON \"role_permissions\".\"permission_id\" = \"permission\".\"id\" WHERE \"role_permissions\".\"role\" = 'admin';\u001b[39m","timestamp":"2026-01-10 22:33:57:3357"}
{"level":"\u001b[37mdebug\u001b[39m","message":"\u001b[37mExecuting (default): SELECT \"role_permissions\".\"id\", \"role_permissions\".\"role\", \"role_permissions\".\"permission_id\", \"role_permissions\".\"granted_at\", \"role_permissions\".\"granted_by\", \"permission\".\"id\" AS \"permission.id\", \"permission\".\"name\" AS \"permission.name\", \"permission\".\"description\" AS \"permission.description\" FROM \"core\".\"role_permissions\" AS \"role_permissions\" LEFT OUTER JOIN \"core\".\"permissions\" AS \"permission\" ON \"role_permissions\".\"permission_id\" = \"permission\".\"id\" WHERE \"role_permissions\".\"role\" = 'super_admin';\u001b[39m","timestamp":"2026-01-10 22:33:57:3357"}
{"level":"\u001b[32minfo\u001b[39m","message":"\u001b[32m\u001b[0mGET /api/v1/users/users \u001b[32m200\u001b[0m 57.590 ms - 120393\u001b[0m\u001b[39m","timestamp":"2026-01-10 22:33:57:3357"}
{"level":"\u001b[37mdebug\u001b[39m","message":"\u001b[37mExecuting (default): SELECT count(*) AS \"count\" FROM \"core\".\"users\" AS \"users\";\u001b[39m","timestamp":"2026-01-10 22:36:29:3629"}
{"level":"\u001b[37mdebug\u001b[39m","message":"\u001b[37mExecuting (default): SELECT count(*) AS \"count\" FROM \"core\".\"users\" AS \"users\" WHERE \"users\".\"is_active\" = true;\u001b[39m","timestamp":"2026-01-10 22:36:29:3629"}
{"level":"\u001b[37mdebug\u001b[39m","message":"\u001b[37mExecuting (default): SELECT count(*) AS \"count\" FROM \"core\".\"users\" AS \"users\" WHERE \"users\".\"is_active\" = false;\u001b[39m","timestamp":"2026-01-10 22:36:29:3629"}
{"level":"\u001b[37mdebug\u001b[39m","message":"\u001b[37mExecuting (default): SELECT count(*) AS \"count\" FROM \"core\".\"users\" AS \"users\" WHERE \"users\".\"role\" = 'admin';\u001b[39m","timestamp":"2026-01-10 22:36:29:3629"}
{"level":"\u001b[37mdebug\u001b[39m","message":"\u001b[37mExecuting (default): SELECT \"id\", \"username\", \"email\", \"full_name\", \"role\", \"is_active\", \"last_login\", \"password_changed_at\", \"failed_login_attempts\", \"locked_until\", \"created_by\", \"updated_by\", \"created_at\", \"updated_at\" FROM \"core\".\"users\" AS \"users\" ORDER BY \"users\".\"created_at\" DESC LIMIT 20 OFFSET 0;\u001b[39m","timestamp":"2026-01-10 22:36:29:3629"}
{"level":"\u001b[37mdebug\u001b[39m","message":"\u001b[37mExecuting (default): SELECT \"role_permissions\".\"id\", \"role_permissions\".\"role\", \"role_permissions\".\"permission_id\", \"role_permissions\".\"granted_at\", \"role_permissions\".\"granted_by\", \"permission\".\"id\" AS \"permission.id\", \"permission\".\"name\" AS \"permission.name\", \"permission\".\"description\" AS \"permission.description\" FROM \"core\".\"role_permissions\" AS \"role_permissions\" LEFT OUTER JOIN \"core\".\"permissions\" AS \"permission\" ON \"role_permissions\".\"permission_id\" = \"permission\".\"id\" WHERE \"role_permissions\".\"role\" = 'pharmacist';\u001b[39m","timestamp":"2026-01-10 22:36:29:3629"}
{"level":"\u001b[37mdebug\u001b[39m","message":"\u001b[37mExecuting (default): SELECT \"role_permissions\".\"id\", \"role_permissions\".\"role\", \"role_permissions\".\"permission_id\", \"role_permissions\".\"granted_at\", \"role_permissions\".\"granted_by\", \"permission\".\"id\" AS \"permission.id\", \"permission\".\"name\" AS \"permission.name\", \"permission\".\"description\" AS \"permission.description\" FROM \"core\".\"role_permissions\" AS \"role_permissions\" LEFT OUTER JOIN \"core\".\"permissions\" AS \"permission\" ON \"role_permissions\".\"permission_id\" = \"permission\".\"id\" WHERE \"role_permissions\".\"role\" = 'receptionist';\u001b[39m","timestamp":"2026-01-10 22:36:29:3629"}
{"level":"\u001b[37mdebug\u001b[39m","message":"\u001b[37mExecuting (default): SELECT \"role_permissions\".\"id\", \"role_permissions\".\"role\", \"role_permissions\".\"permission_id\", \"role_permissions\".\"granted_at\", \"role_permissions\".\"granted_by\", \"permission\".\"id\" AS \"permission.id\", \"permission\".\"name\" AS \"permission.name\", \"permission\".\"description\" AS \"permission.description\" FROM \"core\".\"role_permissions\" AS \"role_permissions\" LEFT OUTER JOIN \"core\".\"permissions\" AS \"permission\" ON \"role_permissions\".\"permission_id\" = \"permission\".\"id\" WHERE \"role_permissions\".\"role\" = 'doctor';\u001b[39m","timestamp":"2026-01-10 22:36:29:3629"}
{"level":"\u001b[37mdebug\u001b[39m","message":"\u001b[37mExecuting (default): SELECT \"role_permissions\".\"id\", \"role_permissions\".\"role\", \"role_permissions\".\"permission_id\", \"role_permissions\".\"granted_at\", \"role_permissions\".\"granted_by\", \"permission\".\"id\" AS \"permission.id\", \"permission\".\"name\" AS \"permission.name\", \"permission\".\"description\" AS \"permission.description\" FROM \"core\".\"role_permissions\" AS \"role_permissions\" LEFT OUTER JOIN \"core\".\"permissions\" AS \"permission\" ON \"role_permissions\".\"permission_id\" = \"permission\".\"id\" WHERE \"role_permissions\".\"role\" = 'doctor';\u001b[39m","timestamp":"2026-01-10 22:36:29:3629"}
{"level":"\u001b[37mdebug\u001b[39m","message":"\u001b[37mExecuting (default): SELECT \"role_permissions\".\"id\", \"role_permissions\".\"role\", \"role_permissions\".\"permission_id\", \"role_permissions\".\"granted_at\", \"role_permissions\".\"granted_by\", \"permission\".\"id\" AS \"permission.id\", \"permission\".\"name\" AS \"permission.name\", \"permission\".\"description\" AS \"permission.description\" FROM \"core\".\"role_permissions\" AS \"role_permissions\" LEFT OUTER JOIN \"core\".\"permissions\" AS \"permission\" ON \"role_permissions\".\"permission_id\" = \"permission\".\"id\" WHERE \"role_permissions\".\"role\" = 'doctor';\u001b[39m","timestamp":"2026-01-10 22:36:29:3629"}
{"level":"\u001b[37mdebug\u001b[39m","message":"\u001b[37mExecuting (default): SELECT \"role_permissions\".\"id\", \"role_permissions\".\"role\", \"role_permissions\".\"permission_id\", \"role_permissions\".\"granted_at\", \"role_permissions\".\"granted_by\", \"permission\".\"id\" AS \"permission.id\", \"permission\".\"name\" AS \"permission.name\", \"permission\".\"description\" AS \"permission.description\" FROM \"core\".\"role_permissions\" AS \"role_permissions\" LEFT OUTER JOIN \"core\".\"permissions\" AS \"permission\" ON \"role_permissions\".\"permission_id\" = \"permission\".\"id\" WHERE \"role_permissions\".\"role\" = 'doctor';\u001b[39m","timestamp":"2026-01-10 22:36:29:3629"}
{"level":"\u001b[37mdebug\u001b[39m","message":"\u001b[37mExecuting (default): SELECT \"role_permissions\".\"id\", \"role_permissions\".\"role\", \"role_permissions\".\"permission_id\", \"role_permissions\".\"granted_at\", \"role_permissions\".\"granted_by\", \"permission\".\"id\" AS \"permission.id\", \"permission\".\"name\" AS \"permission.name\", \"permission\".\"description\" AS \"permission.description\" FROM \"core\".\"role_permissions\" AS \"role_permissions\" LEFT OUTER JOIN \"core\".\"permissions\" AS \"permission\" ON \"role_permissions\".\"permission_id\" = \"permission\".\"id\" WHERE \"role_permissions\".\"role\" = 'doctor';\u001b[39m","timestamp":"2026-01-10 22:36:29:3629"}
{"level":"\u001b[37mdebug\u001b[39m","message":"\u001b[37mExecuting (default): SELECT \"role_permissions\".\"id\", \"role_permissions\".\"role\", \"role_permissions\".\"permission_id\", \"role_permissions\".\"granted_at\", \"role_permissions\".\"granted_by\", \"permission\".\"id\" AS \"permission.id\", \"permission\".\"name\" AS \"permission.name\", \"permission\".\"description\" AS \"permission.description\" FROM \"core\".\"role_permissions\" AS \"role_permissions\" LEFT OUTER JOIN \"core\".\"permissions\" AS \"permission\" ON \"role_permissions\".\"permission_id\" = \"permission\".\"id\" WHERE \"role_permissions\".\"role\" = 'warehouse_manager';\u001b[39m","timestamp":"2026-01-10 22:36:29:3629"}
{"level":"\u001b[37mdebug\u001b[39m","message":"\u001b[37mExecuting (default): SELECT \"role_permissions\".\"id\", \"role_permissions\".\"role\", \"role_permissions\".\"permission_id\", \"role_permissions\".\"granted_at\", \"role_permissions\".\"granted_by\", \"permission\".\"id\" AS \"permission.id\", \"permission\".\"name\" AS \"permission.name\", \"permission\".\"description\" AS \"permission.description\" FROM \"core\".\"role_permissions\" AS \"role_permissions\" LEFT OUTER JOIN \"core\".\"permissions\" AS \"permission\" ON \"role_permissions\".\"permission_id\" = \"permission\".\"id\" WHERE \"role_permissions\".\"role\" = 'doctor';\u001b[39m","timestamp":"2026-01-10 22:36:29:3629"}
{"level":"\u001b[37mdebug\u001b[39m","message":"\u001b[37mExecuting (default): SELECT \"role_permissions\".\"id\", \"role_permissions\".\"role\", \"role_permissions\".\"permission_id\", \"role_permissions\".\"granted_at\", \"role_permissions\".\"granted_by\", \"permission\".\"id\" AS \"permission.id\", \"permission\".\"name\" AS \"permission.name\", \"permission\".\"description\" AS \"permission.description\" FROM \"core\".\"role_permissions\" AS \"role_permissions\" LEFT OUTER JOIN \"core\".\"permissions\" AS \"permission\" ON \"role_permissions\".\"permission_id\" = \"permission\".\"id\" WHERE \"role_permissions\".\"role\" = 'doctor';\u001b[39m","timestamp":"2026-01-10 22:36:29:3629"}
{"level":"\u001b[37mdebug\u001b[39m","message":"\u001b[37mExecuting (default): SELECT \"role_permissions\".\"id\", \"role_permissions\".\"role\", \"role_permissions\".\"permission_id\", \"role_permissions\".\"granted_at\", \"role_permissions\".\"granted_by\", \"permission\".\"id\" AS \"permission.id\", \"permission\".\"name\" AS \"permission.name\", \"permission\".\"description\" AS \"permission.description\" FROM \"core\".\"role_permissions\" AS \"role_permissions\" LEFT OUTER JOIN \"core\".\"permissions\" AS \"permission\" ON \"role_permissions\".\"permission_id\" = \"permission\".\"id\" WHERE \"role_permissions\".\"role\" = 'admin';\u001b[39m","timestamp":"2026-01-10 22:36:29:3629"}
{"level":"\u001b[37mdebug\u001b[39m","message":"\u001b[37mExecuting (default): SELECT \"role_permissions\".\"id\", \"role_permissions\".\"role\", \"role_permissions\".\"permission_id\", \"role_permissions\".\"granted_at\", \"role_permissions\".\"granted_by\", \"permission\".\"id\" AS \"permission.id\", \"permission\".\"name\" AS \"permission.name\", \"permission\".\"description\" AS \"permission.description\" FROM \"core\".\"role_permissions\" AS \"role_permissions\" LEFT OUTER JOIN \"core\".\"permissions\" AS \"permission\" ON \"role_permissions\".\"permission_id\" = \"permission\".\"id\" WHERE \"role_permissions\".\"role\" = 'super_admin';\u001b[39m","timestamp":"2026-01-10 22:36:29:3629"}
{"level":"\u001b[32minfo\u001b[39m","message":"\u001b[32m\u001b[0mGET /api/v1/users/users \u001b[32m200\u001b[0m 85.289 ms - 120393\u001b[0m\u001b[39m","timestamp":"2026-01-10 22:36:29:3629"}
{"level":"\u001b[37mdebug\u001b[39m","message":"\u001b[37mExecuting (default): SELECT count(*) AS \"count\" FROM \"core\".\"users\" AS \"users\";\u001b[39m","timestamp":"2026-01-10 22:36:29:3629"}
{"level":"\u001b[37mdebug\u001b[39m","message":"\u001b[37mExecuting (default): SELECT count(*) AS \"count\" FROM \"core\".\"users\" AS \"users\" WHERE \"users\".\"is_active\" = true;\u001b[39m","timestamp":"2026-01-10 22:36:29:3629"}
{"level":"\u001b[37mdebug\u001b[39m","message":"\u001b[37mExecuting (default): SELECT count(*) AS \"count\" FROM \"core\".\"users\" AS \"users\" WHERE \"users\".\"is_active\" = false;\u001b[39m","timestamp":"2026-01-10 22:36:29:3629"}
{"level":"\u001b[37mdebug\u001b[39m","message":"\u001b[37mExecuting (default): SELECT count(*) AS \"count\" FROM \"core\".\"users\" AS \"users\" WHERE \"users\".\"role\" = 'admin';\u001b[39m","timestamp":"2026-01-10 22:36:29:3629"}
{"level":"\u001b[37mdebug\u001b[39m","message":"\u001b[37mExecuting (default): SELECT \"id\", \"username\", \"email\", \"full_name\", \"role\", \"is_active\", \"last_login\", \"password_changed_at\", \"failed_login_attempts\", \"locked_until\", \"created_by\", \"updated_by\", \"created_at\", \"updated_at\" FROM \"core\".\"users\" AS \"users\" ORDER BY \"users\".\"created_at\" DESC LIMIT 20 OFFSET 0;\u001b[39m","timestamp":"2026-01-10 22:36:29:3629"}
{"level":"\u001b[37mdebug\u001b[39m","message":"\u001b[37mExecuting (default): SELECT \"role_permissions\".\"id\", \"role_permissions\".\"role\", \"role_permissions\".\"permission_id\", \"role_permissions\".\"granted_at\", \"role_permissions\".\"granted_by\", \"permission\".\"id\" AS \"permission.id\", \"permission\".\"name\" AS \"permission.name\", \"permission\".\"description\" AS \"permission.description\" FROM \"core\".\"role_permissions\" AS \"role_permissions\" LEFT OUTER JOIN \"core\".\"permissions\" AS \"permission\" ON \"role_permissions\".\"permission_id\" = \"permission\".\"id\" WHERE \"role_permissions\".\"role\" = 'pharmacist';\u001b[39m","timestamp":"2026-01-10 22:36:29:3629"}
{"level":"\u001b[37mdebug\u001b[39m","message":"\u001b[37mExecuting (default): SELECT \"role_permissions\".\"id\", \"role_permissions\".\"role\", \"role_permissions\".\"permission_id\", \"role_permissions\".\"granted_at\", \"role_permissions\".\"granted_by\", \"permission\".\"id\" AS \"permission.id\", \"permission\".\"name\" AS \"permission.name\", \"permission\".\"description\" AS \"permission.description\" FROM \"core\".\"role_permissions\" AS \"role_permissions\" LEFT OUTER JOIN \"core\".\"permissions\" AS \"permission\" ON \"role_permissions\".\"permission_id\" = \"permission\".\"id\" WHERE \"role_permissions\".\"role\" = 'receptionist';\u001b[39m","timestamp":"2026-01-10 22:36:29:3629"}
{"level":"\u001b[37mdebug\u001b[39m","message":"\u001b[37mExecuting (default): SELECT \"role_permissions\".\"id\", \"role_permissions\".\"role\", \"role_permissions\".\"permission_id\", \"role_permissions\".\"granted_at\", \"role_permissions\".\"granted_by\", \"permission\".\"id\" AS \"permission.id\", \"permission\".\"name\" AS \"permission.name\", \"permission\".\"description\" AS \"permission.description\" FROM \"core\".\"role_permissions\" AS \"role_permissions\" LEFT OUTER JOIN \"core\".\"permissions\" AS \"permission\" ON \"role_permissions\".\"permission_id\" = \"permission\".\"id\" WHERE \"role_permissions\".\"role\" = 'doctor';\u001b[39m","timestamp":"2026-01-10 22:36:29:3629"}
{"level":"\u001b[37mdebug\u001b[39m","message":"\u001b[37mExecuting (default): SELECT \"role_permissions\".\"id\", \"role_permissions\".\"role\", \"role_permissions\".\"permission_id\", \"role_permissions\".\"granted_at\", \"role_permissions\".\"granted_by\", \"permission\".\"id\" AS \"permission.id\", \"permission\".\"name\" AS \"permission.name\", \"permission\".\"description\" AS \"permission.description\" FROM \"core\".\"role_permissions\" AS \"role_permissions\" LEFT OUTER JOIN \"core\".\"permissions\" AS \"permission\" ON \"role_permissions\".\"permission_id\" = \"permission\".\"id\" WHERE \"role_permissions\".\"role\" = 'doctor';\u001b[39m","timestamp":"2026-01-10 22:36:29:3629"}
{"level":"\u001b[37mdebug\u001b[39m","message":"\u001b[37mExecuting (default): SELECT \"role_permissions\".\"id\", \"role_permissions\".\"role\", \"role_permissions\".\"permission_id\", \"role_permissions\".\"granted_at\", \"role_permissions\".\"granted_by\", \"permission\".\"id\" AS \"permission.id\", \"permission\".\"name\" AS \"permission.name\", \"permission\".\"description\" AS \"permission.description\" FROM \"core\".\"role_permissions\" AS \"role_permissions\" LEFT OUTER JOIN \"core\".\"permissions\" AS \"permission\" ON \"role_permissions\".\"permission_id\" = \"permission\".\"id\" WHERE \"role_permissions\".\"role\" = 'doctor';\u001b[39m","timestamp":"2026-01-10 22:36:29:3629"}
{"level":"\u001b[37mdebug\u001b[39m","message":"\u001b[37mExecuting (default): SELECT \"role_permissions\".\"id\", \"role_permissions\".\"role\", \"role_permissions\".\"permission_id\", \"role_permissions\".\"granted_at\", \"role_permissions\".\"granted_by\", \"permission\".\"id\" AS \"permission.id\", \"permission\".\"name\" AS \"permission.name\", \"permission\".\"description\" AS \"permission.description\" FROM \"core\".\"role_permissions\" AS \"role_permissions\" LEFT OUTER JOIN \"core\".\"permissions\" AS \"permission\" ON \"role_permissions\".\"permission_id\" = \"permission\".\"id\" WHERE \"role_permissions\".\"role\" = 'doctor';\u001b[39m","timestamp":"2026-01-10 22:36:29:3629"}
{"level":"\u001b[37mdebug\u001b[39m","message":"\u001b[37mExecuting (default): SELECT \"role_permissions\".\"id\", \"role_permissions\".\"role\", \"role_permissions\".\"permission_id\", \"role_permissions\".\"granted_at\", \"role_permissions\".\"granted_by\", \"permission\".\"id\" AS \"permission.id\", \"permission\".\"name\" AS \"permission.name\", \"permission\".\"description\" AS \"permission.description\" FROM \"core\".\"role_permissions\" AS \"role_permissions\" LEFT OUTER JOIN \"core\".\"permissions\" AS \"permission\" ON \"role_permissions\".\"permission_id\" = \"permission\".\"id\" WHERE \"role_permissions\".\"role\" = 'doctor';\u001b[39m","timestamp":"2026-01-10 22:36:29:3629"}
{"level":"\u001b[37mdebug\u001b[39m","message":"\u001b[37mExecuting (default): SELECT \"role_permissions\".\"id\", \"role_permissions\".\"role\", \"role_permissions\".\"permission_id\", \"role_permissions\".\"granted_at\", \"role_permissions\".\"granted_by\", \"permission\".\"id\" AS \"permission.id\", \"permission\".\"name\" AS \"permission.name\", \"permission\".\"description\" AS \"permission.description\" FROM \"core\".\"role_permissions\" AS \"role_permissions\" LEFT OUTER JOIN \"core\".\"permissions\" AS \"permission\" ON \"role_permissions\".\"permission_id\" = \"permission\".\"id\" WHERE \"role_permissions\".\"role\" = 'warehouse_manager';\u001b[39m","timestamp":"2026-01-10 22:36:29:3629"}
{"level":"\u001b[37mdebug\u001b[39m","message":"\u001b[37mExecuting (default): SELECT \"role_permissions\".\"id\", \"role_permissions\".\"role\", \"role_permissions\".\"permission_id\", \"role_permissions\".\"granted_at\", \"role_permissions\".\"granted_by\", \"permission\".\"id\" AS \"permission.id\", \"permission\".\"name\" AS \"permission.name\", \"permission\".\"description\" AS \"permission.description\" FROM \"core\".\"role_permissions\" AS \"role_permissions\" LEFT OUTER JOIN \"core\".\"permissions\" AS \"permission\" ON \"role_permissions\".\"permission_id\" = \"permission\".\"id\" WHERE \"role_permissions\".\"role\" = 'doctor';\u001b[39m","timestamp":"2026-01-10 22:36:29:3629"}
{"level":"\u001b[37mdebug\u001b[39m","message":"\u001b[37mExecuting (default): SELECT \"role_permissions\".\"id\", \"role_permissions\".\"role\", \"role_permissions\".\"permission_id\", \"role_permissions\".\"granted_at\", \"role_permissions\".\"granted_by\", \"permission\".\"id\" AS \"permission.id\", \"permission\".\"name\" AS \"permission.name\", \"permission\".\"description\" AS \"permission.description\" FROM \"core\".\"role_permissions\" AS \"role_permissions\" LEFT OUTER JOIN \"core\".\"permissions\" AS \"permission\" ON \"role_permissions\".\"permission_id\" = \"permission\".\"id\" WHERE \"role_permissions\".\"role\" = 'doctor';\u001b[39m","timestamp":"2026-01-10 22:36:29:3629"}
{"level":"\u001b[37mdebug\u001b[39m","message":"\u001b[37mExecuting (default): SELECT \"role_permissions\".\"id\", \"role_permissions\".\"role\", \"role_permissions\".\"permission_id\", \"role_permissions\".\"granted_at\", \"role_permissions\".\"granted_by\", \"permission\".\"id\" AS \"permission.id\", \"permission\".\"name\" AS \"permission.name\", \"permission\".\"description\" AS \"permission.description\" FROM \"core\".\"role_permissions\" AS \"role_permissions\" LEFT OUTER JOIN \"core\".\"permissions\" AS \"permission\" ON \"role_permissions\".\"permission_id\" = \"permission\".\"id\" WHERE \"role_permissions\".\"role\" = 'admin';\u001b[39m","timestamp":"2026-01-10 22:36:29:3629"}
{"level":"\u001b[37mdebug\u001b[39m","message":"\u001b[37mExecuting (default): SELECT \"role_permissions\".\"id\", \"role_permissions\".\"role\", \"role_permissions\".\"permission_id\", \"role_permissions\".\"granted_at\", \"role_permissions\".\"granted_by\", \"permission\".\"id\" AS \"permission.id\", \"permission\".\"name\" AS \"permission.name\", \"permission\".\"description\" AS \"permission.description\" FROM \"core\".\"role_permissions\" AS \"role_permissions\" LEFT OUTER JOIN \"core\".\"permissions\" AS \"permission\" ON \"role_permissions\".\"permission_id\" = \"permission\".\"id\" WHERE \"role_permissions\".\"role\" = 'super_admin';\u001b[39m","timestamp":"2026-01-10 22:36:29:3629"}
{"level":"\u001b[32minfo\u001b[39m","message":"\u001b[32m\u001b[0mGET /api/v1/users/users \u001b[32m200\u001b[0m 55.806 ms - 120393\u001b[0m\u001b[39m","timestamp":"2026-01-10 22:36:29:3629"}
{"level":"\u001b[37mdebug\u001b[39m","message":"\u001b[37mExecuting (default): SELECT count(*) AS \"count\" FROM \"core\".\"users\" AS \"users\";\u001b[39m","timestamp":"2026-01-10 22:36:50:3650"}
{"level":"\u001b[37mdebug\u001b[39m","message":"\u001b[37mExecuting (default): SELECT count(*) AS \"count\" FROM \"core\".\"users\" AS \"users\" WHERE \"users\".\"is_active\" = true;\u001b[39m","timestamp":"2026-01-10 22:36:50:3650"}
{"level":"\u001b[37mdebug\u001b[39m","message":"\u001b[37mExecuting (default): SELECT count(*) AS \"count\" FROM \"core\".\"users\" AS \"users\" WHERE \"users\".\"is_active\" = false;\u001b[39m","timestamp":"2026-01-10 22:36:50:3650"}
{"level":"\u001b[37mdebug\u001b[39m","message":"\u001b[37mExecuting (default): SELECT count(*) AS \"count\" FROM \"core\".\"users\" AS \"users\" WHERE \"users\".\"role\" = 'admin';\u001b[39m","timestamp":"2026-01-10 22:36:50:3650"}
{"level":"\u001b[37mdebug\u001b[39m","message":"\u001b[37mExecuting (default): SELECT \"id\", \"username\", \"email\", \"full_name\", \"role\", \"is_active\", \"last_login\", \"password_changed_at\", \"failed_login_attempts\", \"locked_until\", \"created_by\", \"updated_by\", \"created_at\", \"updated_at\" FROM \"core\".\"users\" AS \"users\" ORDER BY \"users\".\"created_at\" DESC LIMIT 20 OFFSET 0;\u001b[39m","timestamp":"2026-01-10 22:36:50:3650"}
{"level":"\u001b[37mdebug\u001b[39m","message":"\u001b[37mExecuting (default): SELECT \"role_permissions\".\"id\", \"role_permissions\".\"role\", \"role_permissions\".\"permission_id\", \"role_permissions\".\"granted_at\", \"role_permissions\".\"granted_by\", \"permission\".\"id\" AS \"permission.id\", \"permission\".\"name\" AS \"permission.name\", \"permission\".\"description\" AS \"permission.description\" FROM \"core\".\"role_permissions\" AS \"role_permissions\" LEFT OUTER JOIN \"core\".\"permissions\" AS \"permission\" ON \"role_permissions\".\"permission_id\" = \"permission\".\"id\" WHERE \"role_permissions\".\"role\" = 'pharmacist';\u001b[39m","timestamp":"2026-01-10 22:36:50:3650"}
{"level":"\u001b[37mdebug\u001b[39m","message":"\u001b[37mExecuting (default): SELECT \"role_permissions\".\"id\", \"role_permissions\".\"role\", \"role_permissions\".\"permission_id\", \"role_permissions\".\"granted_at\", \"role_permissions\".\"granted_by\", \"permission\".\"id\" AS \"permission.id\", \"permission\".\"name\" AS \"permission.name\", \"permission\".\"description\" AS \"permission.description\" FROM \"core\".\"role_permissions\" AS \"role_permissions\" LEFT OUTER JOIN \"core\".\"permissions\" AS \"permission\" ON \"role_permissions\".\"permission_id\" = \"permission\".\"id\" WHERE \"role_permissions\".\"role\" = 'receptionist';\u001b[39m","timestamp":"2026-01-10 22:36:50:3650"}
{"level":"\u001b[37mdebug\u001b[39m","message":"\u001b[37mExecuting (default): SELECT \"role_permissions\".\"id\", \"role_permissions\".\"role\", \"role_permissions\".\"permission_id\", \"role_permissions\".\"granted_at\", \"role_permissions\".\"granted_by\", \"permission\".\"id\" AS \"permission.id\", \"permission\".\"name\" AS \"permission.name\", \"permission\".\"description\" AS \"permission.description\" FROM \"core\".\"role_permissions\" AS \"role_permissions\" LEFT OUTER JOIN \"core\".\"permissions\" AS \"permission\" ON \"role_permissions\".\"permission_id\" = \"permission\".\"id\" WHERE \"role_permissions\".\"role\" = 'doctor';\u001b[39m","timestamp":"2026-01-10 22:36:50:3650"}
{"level":"\u001b[37mdebug\u001b[39m","message":"\u001b[37mExecuting (default): SELECT \"role_permissions\".\"id\", \"role_permissions\".\"role\", \"role_permissions\".\"permission_id\", \"role_permissions\".\"granted_at\", \"role_permissions\".\"granted_by\", \"permission\".\"id\" AS \"permission.id\", \"permission\".\"name\" AS \"permission.name\", \"permission\".\"description\" AS \"permission.description\" FROM \"core\".\"role_permissions\" AS \"role_permissions\" LEFT OUTER JOIN \"core\".\"permissions\" AS \"permission\" ON \"role_permissions\".\"permission_id\" = \"permission\".\"id\" WHERE \"role_permissions\".\"role\" = 'doctor';\u001b[39m","timestamp":"2026-01-10 22:36:50:3650"}
{"level":"\u001b[37mdebug\u001b[39m","message":"\u001b[37mExecuting (default): SELECT \"role_permissions\".\"id\", \"role_permissions\".\"role\", \"role_permissions\".\"permission_id\", \"role_permissions\".\"granted_at\", \"role_permissions\".\"granted_by\", \"permission\".\"id\" AS \"permission.id\", \"permission\".\"name\" AS \"permission.name\", \"permission\".\"description\" AS \"permission.description\" FROM \"core\".\"role_permissions\" AS \"role_permissions\" LEFT OUTER JOIN \"core\".\"permissions\" AS \"permission\" ON \"role_permissions\".\"permission_id\" = \"permission\".\"id\" WHERE \"role_permissions\".\"role\" = 'doctor';\u001b[39m","timestamp":"2026-01-10 22:36:50:3650"}
{"level":"\u001b[37mdebug\u001b[39m","message":"\u001b[37mExecuting (default): SELECT \"role_permissions\".\"id\", \"role_permissions\".\"role\", \"role_permissions\".\"permission_id\", \"role_permissions\".\"granted_at\", \"role_permissions\".\"granted_by\", \"permission\".\"id\" AS \"permission.id\", \"permission\".\"name\" AS \"permission.name\", \"permission\".\"description\" AS \"permission.description\" FROM \"core\".\"role_permissions\" AS \"role_permissions\" LEFT OUTER JOIN \"core\".\"permissions\" AS \"permission\" ON \"role_permissions\".\"permission_id\" = \"permission\".\"id\" WHERE \"role_permissions\".\"role\" = 'doctor';\u001b[39m","timestamp":"2026-01-10 22:36:50:3650"}
{"level":"\u001b[37mdebug\u001b[39m","message":"\u001b[37mExecuting (default): SELECT \"role_permissions\".\"id\", \"role_permissions\".\"role\", \"role_permissions\".\"permission_id\", \"role_permissions\".\"granted_at\", \"role_permissions\".\"granted_by\", \"permission\".\"id\" AS \"permission.id\", \"permission\".\"name\" AS \"permission.name\", \"permission\".\"description\" AS \"permission.description\" FROM \"core\".\"role_permissions\" AS \"role_permissions\" LEFT OUTER JOIN \"core\".\"permissions\" AS \"permission\" ON \"role_permissions\".\"permission_id\" = \"permission\".\"id\" WHERE \"role_permissions\".\"role\" = 'doctor';\u001b[39m","timestamp":"2026-01-10 22:36:50:3650"}
{"level":"\u001b[37mdebug\u001b[39m","message":"\u001b[37mExecuting (default): SELECT \"role_permissions\".\"id\", \"role_permissions\".\"role\", \"role_permissions\".\"permission_id\", \"role_permissions\".\"granted_at\", \"role_permissions\".\"granted_by\", \"permission\".\"id\" AS \"permission.id\", \"permission\".\"name\" AS \"permission.name\", \"permission\".\"description\" AS \"permission.description\" FROM \"core\".\"role_permissions\" AS \"role_permissions\" LEFT OUTER JOIN \"core\".\"permissions\" AS \"permission\" ON \"role_permissions\".\"permission_id\" = \"permission\".\"id\" WHERE \"role_permissions\".\"role\" = 'warehouse_manager';\u001b[39m","timestamp":"2026-01-10 22:36:50:3650"}
{"level":"\u001b[37mdebug\u001b[39m","message":"\u001b[37mExecuting (default): SELECT \"role_permissions\".\"id\", \"role_permissions\".\"role\", \"role_permissions\".\"permission_id\", \"role_permissions\".\"granted_at\", \"role_permissions\".\"granted_by\", \"permission\".\"id\" AS \"permission.id\", \"permission\".\"name\" AS \"permission.name\", \"permission\".\"description\" AS \"permission.description\" FROM \"core\".\"role_permissions\" AS \"role_permissions\" LEFT OUTER JOIN \"core\".\"permissions\" AS \"permission\" ON \"role_permissions\".\"permission_id\" = \"permission\".\"id\" WHERE \"role_permissions\".\"role\" = 'doctor';\u001b[39m","timestamp":"2026-01-10 22:36:50:3650"}
{"level":"\u001b[37mdebug\u001b[39m","message":"\u001b[37mExecuting (default): SELECT \"role_permissions\".\"id\", \"role_permissions\".\"role\", \"role_permissions\".\"permission_id\", \"role_permissions\".\"granted_at\", \"role_permissions\".\"granted_by\", \"permission\".\"id\" AS \"permission.id\", \"permission\".\"name\" AS \"permission.name\", \"permission\".\"description\" AS \"permission.description\" FROM \"core\".\"role_permissions\" AS \"role_permissions\" LEFT OUTER JOIN \"core\".\"permissions\" AS \"permission\" ON \"role_permissions\".\"permission_id\" = \"permission\".\"id\" WHERE \"role_permissions\".\"role\" = 'doctor';\u001b[39m","timestamp":"2026-01-10 22:36:50:3650"}
{"level":"\u001b[37mdebug\u001b[39m","message":"\u001b[37mExecuting (default): SELECT \"role_permissions\".\"id\", \"role_permissions\".\"role\", \"role_permissions\".\"permission_id\", \"role_permissions\".\"granted_at\", \"role_permissions\".\"granted_by\", \"permission\".\"id\" AS \"permission.id\", \"permission\".\"name\" AS \"permission.name\", \"permission\".\"description\" AS \"permission.description\" FROM \"core\".\"role_permissions\" AS \"role_permissions\" LEFT OUTER JOIN \"core\".\"permissions\" AS \"permission\" ON \"role_permissions\".\"permission_id\" = \"permission\".\"id\" WHERE \"role_permissions\".\"role\" = 'admin';\u001b[39m","timestamp":"2026-01-10 22:36:50:3650"}
{"level":"\u001b[37mdebug\u001b[39m","message":"\u001b[37mExecuting (default): SELECT \"role_permissions\".\"id\", \"role_permissions\".\"role\", \"role_permissions\".\"permission_id\", \"role_permissions\".\"granted_at\", \"role_permissions\".\"granted_by\", \"permission\".\"id\" AS \"permission.id\", \"permission\".\"name\" AS \"permission.name\", \"permission\".\"description\" AS \"permission.description\" FROM \"core\".\"role_permissions\" AS \"role_permissions\" LEFT OUTER JOIN \"core\".\"permissions\" AS \"permission\" ON \"role_permissions\".\"permission_id\" = \"permission\".\"id\" WHERE \"role_permissions\".\"role\" = 'super_admin';\u001b[39m","timestamp":"2026-01-10 22:36:50:3650"}
{"level":"\u001b[32minfo\u001b[39m","message":"\u001b[32m\u001b[0mGET /api/v1/users/users \u001b[32m200\u001b[0m 75.549 ms - 120393\u001b[0m\u001b[39m","timestamp":"2026-01-10 22:36:50:3650"}
{"level":"\u001b[37mdebug\u001b[39m","message":"\u001b[37mExecuting (default): SELECT count(*) AS \"count\" FROM \"core\".\"users\" AS \"users\";\u001b[39m","timestamp":"2026-01-10 22:36:50:3650"}
{"level":"\u001b[37mdebug\u001b[39m","message":"\u001b[37mExecuting (default): SELECT count(*) AS \"count\" FROM \"core\".\"users\" AS \"users\" WHERE \"users\".\"is_active\" = true;\u001b[39m","timestamp":"2026-01-10 22:36:50:3650"}
{"level":"\u001b[37mdebug\u001b[39m","message":"\u001b[37mExecuting (default): SELECT count(*) AS \"count\" FROM \"core\".\"users\" AS \"users\" WHERE \"users\".\"is_active\" = false;\u001b[39m","timestamp":"2026-01-10 22:36:50:3650"}
{"level":"\u001b[37mdebug\u001b[39m","message":"\u001b[37mExecuting (default): SELECT count(*) AS \"count\" FROM \"core\".\"users\" AS \"users\" WHERE \"users\".\"role\" = 'admin';\u001b[39m","timestamp":"2026-01-10 22:36:50:3650"}
{"level":"\u001b[37mdebug\u001b[39m","message":"\u001b[37mExecuting (default): SELECT \"id\", \"username\", \"email\", \"full_name\", \"role\", \"is_active\", \"last_login\", \"password_changed_at\", \"failed_login_attempts\", \"locked_until\", \"created_by\", \"updated_by\", \"created_at\", \"updated_at\" FROM \"core\".\"users\" AS \"users\" ORDER BY \"users\".\"created_at\" DESC LIMIT 20 OFFSET 0;\u001b[39m","timestamp":"2026-01-10 22:36:50:3650"}
{"level":"\u001b[37mdebug\u001b[39m","message":"\u001b[37mExecuting (default): SELECT \"role_permissions\".\"id\", \"role_permissions\".\"role\", \"role_permissions\".\"permission_id\", \"role_permissions\".\"granted_at\", \"role_permissions\".\"granted_by\", \"permission\".\"id\" AS \"permission.id\", \"permission\".\"name\" AS \"permission.name\", \"permission\".\"description\" AS \"permission.description\" FROM \"core\".\"role_permissions\" AS \"role_permissions\" LEFT OUTER JOIN \"core\".\"permissions\" AS \"permission\" ON \"role_permissions\".\"permission_id\" = \"permission\".\"id\" WHERE \"role_permissions\".\"role\" = 'pharmacist';\u001b[39m","timestamp":"2026-01-10 22:36:50:3650"}
{"level":"\u001b[37mdebug\u001b[39m","message":"\u001b[37mExecuting (default): SELECT \"role_permissions\".\"id\", \"role_permissions\".\"role\", \"role_permissions\".\"permission_id\", \"role_permissions\".\"granted_at\", \"role_permissions\".\"granted_by\", \"permission\".\"id\" AS \"permission.id\", \"permission\".\"name\" AS \"permission.name\", \"permission\".\"description\" AS \"permission.description\" FROM \"core\".\"role_permissions\" AS \"role_permissions\" LEFT OUTER JOIN \"core\".\"permissions\" AS \"permission\" ON \"role_permissions\".\"permission_id\" = \"permission\".\"id\" WHERE \"role_permissions\".\"role\" = 'receptionist';\u001b[39m","timestamp":"2026-01-10 22:36:50:3650"}
{"level":"\u001b[37mdebug\u001b[39m","message":"\u001b[37mExecuting (default): SELECT \"role_permissions\".\"id\", \"role_permissions\".\"role\", \"role_permissions\".\"permission_id\", \"role_permissions\".\"granted_at\", \"role_permissions\".\"granted_by\", \"permission\".\"id\" AS \"permission.id\", \"permission\".\"name\" AS \"permission.name\", \"permission\".\"description\" AS \"permission.description\" FROM \"core\".\"role_permissions\" AS \"role_permissions\" LEFT OUTER JOIN \"core\".\"permissions\" AS \"permission\" ON \"role_permissions\".\"permission_id\" = \"permission\".\"id\" WHERE \"role_permissions\".\"role\" = 'doctor';\u001b[39m","timestamp":"2026-01-10 22:36:50:3650"}
{"level":"\u001b[37mdebug\u001b[39m","message":"\u001b[37mExecuting (default): SELECT \"role_permissions\".\"id\", \"role_permissions\".\"role\", \"role_permissions\".\"permission_id\", \"role_permissions\".\"granted_at\", \"role_permissions\".\"granted_by\", \"permission\".\"id\" AS \"permission.id\", \"permission\".\"name\" AS \"permission.name\", \"permission\".\"description\" AS \"permission.description\" FROM \"core\".\"role_permissions\" AS \"role_permissions\" LEFT OUTER JOIN \"core\".\"permissions\" AS \"permission\" ON \"role_permissions\".\"permission_id\" = \"permission\".\"id\" WHERE \"role_permissions\".\"role\" = 'doctor';\u001b[39m","timestamp":"2026-01-10 22:36:50:3650"}
{"level":"\u001b[37mdebug\u001b[39m","message":"\u001b[37mExecuting (default): SELECT \"role_permissions\".\"id\", \"role_permissions\".\"role\", \"role_permissions\".\"permission_id\", \"role_permissions\".\"granted_at\", \"role_permissions\".\"granted_by\", \"permission\".\"id\" AS \"permission.id\", \"permission\".\"name\" AS \"permission.name\", \"permission\".\"description\" AS \"permission.description\" FROM \"core\".\"role_permissions\" AS \"role_permissions\" LEFT OUTER JOIN \"core\".\"permissions\" AS \"permission\" ON \"role_permissions\".\"permission_id\" = \"permission\".\"id\" WHERE \"role_permissions\".\"role\" = 'doctor';\u001b[39m","timestamp":"2026-01-10 22:36:50:3650"}
{"level":"\u001b[37mdebug\u001b[39m","message":"\u001b[37mExecuting (default): SELECT \"role_permissions\".\"id\", \"role_permissions\".\"role\", \"role_permissions\".\"permission_id\", \"role_permissions\".\"granted_at\", \"role_permissions\".\"granted_by\", \"permission\".\"id\" AS \"permission.id\", \"permission\".\"name\" AS \"permission.name\", \"permission\".\"description\" AS \"permission.description\" FROM \"core\".\"role_permissions\" AS \"role_permissions\" LEFT OUTER JOIN \"core\".\"permissions\" AS \"permission\" ON \"role_permissions\".\"permission_id\" = \"permission\".\"id\" WHERE \"role_permissions\".\"role\" = 'doctor';\u001b[39m","timestamp":"2026-01-10 22:36:50:3650"}
{"level":"\u001b[37mdebug\u001b[39m","message":"\u001b[37mExecuting (default): SELECT \"role_permissions\".\"id\", \"role_permissions\".\"role\", \"role_permissions\".\"permission_id\", \"role_permissions\".\"granted_at\", \"role_permissions\".\"granted_by\", \"permission\".\"id\" AS \"permission.id\", \"permission\".\"name\" AS \"permission.name\", \"permission\".\"description\" AS \"permission.description\" FROM \"core\".\"role_permissions\" AS \"role_permissions\" LEFT OUTER JOIN \"core\".\"permissions\" AS \"permission\" ON \"role_permissions\".\"permission_id\" = \"permission\".\"id\" WHERE \"role_permissions\".\"role\" = 'doctor';\u001b[39m","timestamp":"2026-01-10 22:36:50:3650"}
{"level":"\u001b[37mdebug\u001b[39m","message":"\u001b[37mExecuting (default): SELECT \"role_permissions\".\"id\", \"role_permissions\".\"role\", \"role_permissions\".\"permission_id\", \"role_permissions\".\"granted_at\", \"role_permissions\".\"granted_by\", \"permission\".\"id\" AS \"permission.id\", \"permission\".\"name\" AS \"permission.name\", \"permission\".\"description\" AS \"permission.description\" FROM \"core\".\"role_permissions\" AS \"role_permissions\" LEFT OUTER JOIN \"core\".\"permissions\" AS \"permission\" ON \"role_permissions\".\"permission_id\" = \"permission\".\"id\" WHERE \"role_permissions\".\"role\" = 'warehouse_manager';\u001b[39m","timestamp":"2026-01-10 22:36:50:3650"}
{"level":"\u001b[37mdebug\u001b[39m","message":"\u001b[37mExecuting (default): SELECT \"role_permissions\".\"id\", \"role_permissions\".\"role\", \"role_permissions\".\"permission_id\", \"role_permissions\".\"granted_at\", \"role_permissions\".\"granted_by\", \"permission\".\"id\" AS \"permission.id\", \"permission\".\"name\" AS \"permission.name\", \"permission\".\"description\" AS \"permission.description\" FROM \"core\".\"role_permissions\" AS \"role_permissions\" LEFT OUTER JOIN \"core\".\"permissions\" AS \"permission\" ON \"role_permissions\".\"permission_id\" = \"permission\".\"id\" WHERE \"role_permissions\".\"role\" = 'doctor';\u001b[39m","timestamp":"2026-01-10 22:36:50:3650"}
{"level":"\u001b[37mdebug\u001b[39m","message":"\u001b[37mExecuting (default): SELECT \"role_permissions\".\"id\", \"role_permissions\".\"role\", \"role_permissions\".\"permission_id\", \"role_permissions\".\"granted_at\", \"role_permissions\".\"granted_by\", \"permission\".\"id\" AS \"permission.id\", \"permission\".\"name\" AS \"permission.name\", \"permission\".\"description\" AS \"permission.description\" FROM \"core\".\"role_permissions\" AS \"role_permissions\" LEFT OUTER JOIN \"core\".\"permissions\" AS \"permission\" ON \"role_permissions\".\"permission_id\" = \"permission\".\"id\" WHERE \"role_permissions\".\"role\" = 'doctor';\u001b[39m","timestamp":"2026-01-10 22:36:50:3650"}
{"level":"\u001b[37mdebug\u001b[39m","message":"\u001b[37mExecuting (default): SELECT \"role_permissions\".\"id\", \"role_permissions\".\"role\", \"role_permissions\".\"permission_id\", \"role_permissions\".\"granted_at\", \"role_permissions\".\"granted_by\", \"permission\".\"id\" AS \"permission.id\", \"permission\".\"name\" AS \"permission.name\", \"permission\".\"description\" AS \"permission.description\" FROM \"core\".\"role_permissions\" AS \"role_permissions\" LEFT OUTER JOIN \"core\".\"permissions\" AS \"permission\" ON \"role_permissions\".\"permission_id\" = \"permission\".\"id\" WHERE \"role_permissions\".\"role\" = 'admin';\u001b[39m","timestamp":"2026-01-10 22:36:50:3650"}
{"level":"\u001b[37mdebug\u001b[39m","message":"\u001b[37mExecuting (default): SELECT \"role_permissions\".\"id\", \"role_permissions\".\"role\", \"role_permissions\".\"permission_id\", \"role_permissions\".\"granted_at\", \"role_permissions\".\"granted_by\", \"permission\".\"id\" AS \"permission.id\", \"permission\".\"name\" AS \"permission.name\", \"permission\".\"description\" AS \"permission.description\" FROM \"core\".\"role_permissions\" AS \"role_permissions\" LEFT OUTER JOIN \"core\".\"permissions\" AS \"permission\" ON \"role_permissions\".\"permission_id\" = \"permission\".\"id\" WHERE \"role_permissions\".\"role\" = 'super_admin';\u001b[39m","timestamp":"2026-01-10 22:36:50:3650"}
{"level":"\u001b[32minfo\u001b[39m","message":"\u001b[32m\u001b[0mGET /api/v1/users/users \u001b[32m200\u001b[0m 49.240 ms - 120393\u001b[0m\u001b[39m","timestamp":"2026-01-10 22:36:50:3650"}
{"level":"\u001b[37mdebug\u001b[39m","message":"\u001b[37mExecuting (default): SELECT \"id\", \"username\", \"email\", \"password_hash\", \"full_name\", \"role\", \"is_active\", \"last_login\", \"password_changed_at\", \"failed_login_attempts\", \"locked_until\", \"created_by\", \"updated_by\", \"created_at\", \"updated_at\" FROM \"core\".\"users\" AS \"users\" WHERE \"users\".\"email\" = 'jldonis@cmdv.com' AND \"users\".\"is_active\" = true AND \"users\".\"locked_until\" IS NULL;\u001b[39m","timestamp":"2026-01-10 22:44:52:4452"}
{"level":"\u001b[37mdebug\u001b[39m","message":"\u001b[37mExecuting (default): INSERT INTO \"core\".\"jwt_tokens\" (\"id\",\"user_id\",\"token_hash\",\"refresh_token_hash\",\"expires_at\",\"refresh_expires_at\",\"is_revoked\",\"created_at\",\"updated_at\") VALUES ($1,$2,$3,$4,$5,$6,$7,$8,$9) RETURNING \"id\",\"user_id\",\"token_hash\",\"refresh_token_hash\",\"expires_at\",\"refresh_expires_at\",\"is_revoked\",\"revoked_at\",\"ip_address\",\"user_agent\",\"created_at\",\"updated_at\";\u001b[39m","timestamp":"2026-01-10 22:44:52:4452"}
{"level":"\u001b[31merror\u001b[39m","message":"\u001b[31mError storing refresh token:\u001b[39m","name":"SequelizeDatabaseError","original":{"code":"42703","file":"parse_target.c","length":134,"line":"1066","name":"error","parameters":["e1c3277d-7506-4aac-9a38-0d996bfd1aba","ba0a2b9b-c023-4368-82ea-a341a798cdd4","eyJhbGciOiJIUzI1NiIsInR5cCI6IkpXVCJ9.eyJ1c2VySWQiOiJiYTBhMmI5Yi1jMDIzLTQzNjgtODJlYS1hMzQxYTc5OGNkZDQiLCJlbWFpbCI6ImpsZG9uaXNAY21kdi5jb20iLCJpYXQiOjE3NjgxMDY2OTIsImV4cCI6MTc3MDY5ODY5Mn0.Mr0BVupu3B6PURld6o9b1i9fXhPxzwMBzuQzDoTogAw","eyJhbGciOiJIUzI1NiIsInR5cCI6IkpXVCJ9.eyJ1c2VySWQiOiJiYTBhMmI5Yi1jMDIzLTQzNjgtODJlYS1hMzQxYTc5OGNkZDQiLCJlbWFpbCI6ImpsZG9uaXNAY21kdi5jb20iLCJpYXQiOjE3NjgxMDY2OTIsImV4cCI6MTc3MDY5ODY5Mn0.Mr0BVupu3B6PURld6o9b1i9fXhPxzwMBzuQzDoTogAw","2026-02-10 04:44:52.278 +00:00","2026-02-10 04:44:52.278 +00:00",false,"2026-01-11 04:44:52.280 +00:00","2026-01-11 04:44:52.280 +00:00"],"position":"143","routine":"checkInsertTargets","severity":"ERROR","sql":"INSERT INTO \"core\".\"jwt_tokens\" (\"id\",\"user_id\",\"token_hash\",\"refresh_token_hash\",\"expires_at\",\"refresh_expires_at\",\"is_revoked\",\"created_at\",\"updated_at\") VALUES ($1,$2,$3,$4,$5,$6,$7,$8,$9) RETURNING \"id\",\"user_id\",\"token_hash\",\"refresh_token_hash\",\"expires_at\",\"refresh_expires_at\",\"is_revoked\",\"revoked_at\",\"ip_address\",\"user_agent\",\"created_at\",\"updated_at\";"},"parameters":["e1c3277d-7506-4aac-9a38-0d996bfd1aba","ba0a2b9b-c023-4368-82ea-a341a798cdd4","eyJhbGciOiJIUzI1NiIsInR5cCI6IkpXVCJ9.eyJ1c2VySWQiOiJiYTBhMmI5Yi1jMDIzLTQzNjgtODJlYS1hMzQxYTc5OGNkZDQiLCJlbWFpbCI6ImpsZG9uaXNAY21kdi5jb20iLCJpYXQiOjE3NjgxMDY2OTIsImV4cCI6MTc3MDY5ODY5Mn0.Mr0BVupu3B6PURld6o9b1i9fXhPxzwMBzuQzDoTogAw","eyJhbGciOiJIUzI1NiIsInR5cCI6IkpXVCJ9.eyJ1c2VySWQiOiJiYTBhMmI5Yi1jMDIzLTQzNjgtODJlYS1hMzQxYTc5OGNkZDQiLCJlbWFpbCI6ImpsZG9uaXNAY21kdi5jb20iLCJpYXQiOjE3NjgxMDY2OTIsImV4cCI6MTc3MDY5ODY5Mn0.Mr0BVupu3B6PURld6o9b1i9fXhPxzwMBzuQzDoTogAw","2026-02-10 04:44:52.278 +00:00","2026-02-10 04:44:52.278 +00:00",false,"2026-01-11 04:44:52.280 +00:00","2026-01-11 04:44:52.280 +00:00"],"parent":{"code":"42703","file":"parse_target.c","length":134,"line":"1066","name":"error","parameters":["e1c3277d-7506-4aac-9a38-0d996bfd1aba","ba0a2b9b-c023-4368-82ea-a341a798cdd4","eyJhbGciOiJIUzI1NiIsInR5cCI6IkpXVCJ9.eyJ1c2VySWQiOiJiYTBhMmI5Yi1jMDIzLTQzNjgtODJlYS1hMzQxYTc5OGNkZDQiLCJlbWFpbCI6ImpsZG9uaXNAY21kdi5jb20iLCJpYXQiOjE3NjgxMDY2OTIsImV4cCI6MTc3MDY5ODY5Mn0.Mr0BVupu3B6PURld6o9b1i9fXhPxzwMBzuQzDoTogAw","eyJhbGciOiJIUzI1NiIsInR5cCI6IkpXVCJ9.eyJ1c2VySWQiOiJiYTBhMmI5Yi1jMDIzLTQzNjgtODJlYS1hMzQxYTc5OGNkZDQiLCJlbWFpbCI6ImpsZG9uaXNAY21kdi5jb20iLCJpYXQiOjE3NjgxMDY2OTIsImV4cCI6MTc3MDY5ODY5Mn0.Mr0BVupu3B6PURld6o9b1i9fXhPxzwMBzuQzDoTogAw","2026-02-10 04:44:52.278 +00:00","2026-02-10 04:44:52.278 +00:00",false,"2026-01-11 04:44:52.280 +00:00","2026-01-11 04:44:52.280 +00:00"],"position":"143","routine":"checkInsertTargets","severity":"ERROR","sql":"INSERT INTO \"core\".\"jwt_tokens\" (\"id\",\"user_id\",\"token_hash\",\"refresh_token_hash\",\"expires_at\",\"refresh_expires_at\",\"is_revoked\",\"created_at\",\"updated_at\") VALUES ($1,$2,$3,$4,$5,$6,$7,$8,$9) RETURNING \"id\",\"user_id\",\"token_hash\",\"refresh_token_hash\",\"expires_at\",\"refresh_expires_at\",\"is_revoked\",\"revoked_at\",\"ip_address\",\"user_agent\",\"created_at\",\"updated_at\";"},"sql":"INSERT INTO \"core\".\"jwt_tokens\" (\"id\",\"user_id\",\"token_hash\",\"refresh_token_hash\",\"expires_at\",\"refresh_expires_at\",\"is_revoked\",\"created_at\",\"updated_at\") VALUES ($1,$2,$3,$4,$5,$6,$7,$8,$9) RETURNING \"id\",\"user_id\",\"token_hash\",\"refresh_token_hash\",\"expires_at\",\"refresh_expires_at\",\"is_revoked\",\"revoked_at\",\"ip_address\",\"user_agent\",\"created_at\",\"updated_at\";","timestamp":"2026-01-10 22:44:52:4452"}
{"level":"\u001b[37mdebug\u001b[39m","message":"\u001b[37mExecuting (default): UPDATE \"core\".\"users\" SET \"last_login\"=$1,\"updated_at\"=$2 WHERE \"id\" = $3\u001b[39m","timestamp":"2026-01-10 22:44:52:4452"}
{"level":"\u001b[32minfo\u001b[39m","message":"\u001b[32m\u001b[0mPOST /api/v1/auth/login \u001b[32m200\u001b[0m 174.587 ms - 748\u001b[0m\u001b[39m","timestamp":"2026-01-10 22:44:52:4452"}
{"level":"\u001b[37mdebug\u001b[39m","message":"\u001b[37mExecuting (default): SELECT \"warehouses\".\"id\", \"warehouses\".\"code\", \"warehouses\".\"name\", \"warehouses\".\"location\", \"warehouses\".\"manager_id\", \"warehouses\".\"capacity_m3\", \"warehouses\".\"temperature_controlled\", \"warehouses\".\"is_active\", \"warehouses\".\"created_at\", \"manager\".\"id\" AS \"manager.id\", \"manager\".\"full_name\" AS \"manager.full_name\", \"manager\".\"email\" AS \"manager.email\" FROM \"inventory\".\"warehouses\" AS \"warehouses\" LEFT OUTER JOIN \"core\".\"users\" AS \"manager\" ON \"warehouses\".\"manager_id\" = \"manager\".\"id\" ORDER BY \"warehouses\".\"name\" ASC;\u001b[39m","timestamp":"2026-01-10 22:45:31:4531"}
{"level":"\u001b[32minfo\u001b[39m","message":"\u001b[32m\u001b[0mGET /api/v1/inventory/warehouses \u001b[32m200\u001b[0m 27.438 ms - 1784\u001b[0m\u001b[39m","timestamp":"2026-01-10 22:45:31:4531"}
{"level":"\u001b[32minfo\u001b[39m","message":"\u001b[32m🚀 Server is running on port 3002\u001b[39m","timestamp":"2026-01-10 22:55:44:5544"}
{"level":"\u001b[32minfo\u001b[39m","message":"\u001b[32m📚 API Documentation: http://localhost:3002/api-docs\u001b[39m","timestamp":"2026-01-10 22:55:44:5544"}
{"level":"\u001b[32minfo\u001b[39m","message":"\u001b[32m🔍 API v1: http://localhost:3002/api/v1\u001b[39m","timestamp":"2026-01-10 22:55:44:5544"}
{"level":"\u001b[32minfo\u001b[39m","message":"\u001b[32m❤️  Health check: http://localhost:3002/health\u001b[39m","timestamp":"2026-01-10 22:55:44:5544"}
{"level":"\u001b[37mdebug\u001b[39m","message":"\u001b[37mExecuting (default): SELECT 1+1 AS result\u001b[39m","timestamp":"2026-01-10 22:55:44:5544"}
{"level":"\u001b[32minfo\u001b[39m","message":"\u001b[32m✅ Database connection established successfully\u001b[39m","timestamp":"2026-01-10 22:55:44:5544"}
{"level":"\u001b[32minfo\u001b[39m","message":"\u001b[32m📊 Connected to: dev-cmdv@localhost\u001b[39m","timestamp":"2026-01-10 22:55:44:5544"}
{"level":"\u001b[31merror\u001b[39m","message":"\u001b[31mError finding warehouses: SequelizeEagerLoadingError: warehouse_stock is associated to warehouses using an alias. You've included an alias (stocks), but it does not match the alias(es) defined in your association (warehouse_stocks).\u001b[39m","timestamp":"2026-01-10 22:55:57:5557"}
{"level":"\u001b[32minfo\u001b[39m","message":"\u001b[32m\u001b[0mGET /api/v1/inventory/warehouses \u001b[32m200\u001b[0m 13.804 ms - 140\u001b[0m\u001b[39m","timestamp":"2026-01-10 22:55:57:5557"}
{"level":"\u001b[32minfo\u001b[39m","message":"\u001b[32m🚀 Server is running on port 3002\u001b[39m","timestamp":"2026-01-10 22:56:44:5644"}
{"level":"\u001b[32minfo\u001b[39m","message":"\u001b[32m📚 API Documentation: http://localhost:3002/api-docs\u001b[39m","timestamp":"2026-01-10 22:56:44:5644"}
{"level":"\u001b[32minfo\u001b[39m","message":"\u001b[32m🔍 API v1: http://localhost:3002/api/v1\u001b[39m","timestamp":"2026-01-10 22:56:44:5644"}
{"level":"\u001b[32minfo\u001b[39m","message":"\u001b[32m❤️  Health check: http://localhost:3002/health\u001b[39m","timestamp":"2026-01-10 22:56:44:5644"}
{"level":"\u001b[37mdebug\u001b[39m","message":"\u001b[37mExecuting (default): SELECT 1+1 AS result\u001b[39m","timestamp":"2026-01-10 22:56:44:5644"}
{"level":"\u001b[32minfo\u001b[39m","message":"\u001b[32m✅ Database connection established successfully\u001b[39m","timestamp":"2026-01-10 22:56:44:5644"}
{"level":"\u001b[32minfo\u001b[39m","message":"\u001b[32m📊 Connected to: dev-cmdv@localhost\u001b[39m","timestamp":"2026-01-10 22:56:44:5644"}
{"level":"\u001b[32minfo\u001b[39m","message":"\u001b[32m🚀 Server is running on port 3002\u001b[39m","timestamp":"2026-01-10 22:57:03:573"}
{"level":"\u001b[32minfo\u001b[39m","message":"\u001b[32m📚 API Documentation: http://localhost:3002/api-docs\u001b[39m","timestamp":"2026-01-10 22:57:03:573"}
{"level":"\u001b[32minfo\u001b[39m","message":"\u001b[32m🔍 API v1: http://localhost:3002/api/v1\u001b[39m","timestamp":"2026-01-10 22:57:03:573"}
{"level":"\u001b[32minfo\u001b[39m","message":"\u001b[32m❤️  Health check: http://localhost:3002/health\u001b[39m","timestamp":"2026-01-10 22:57:03:573"}
{"level":"\u001b[37mdebug\u001b[39m","message":"\u001b[37mExecuting (default): SELECT 1+1 AS result\u001b[39m","timestamp":"2026-01-10 22:57:03:573"}
{"level":"\u001b[32minfo\u001b[39m","message":"\u001b[32m✅ Database connection established successfully\u001b[39m","timestamp":"2026-01-10 22:57:03:573"}
{"level":"\u001b[32minfo\u001b[39m","message":"\u001b[32m📊 Connected to: dev-cmdv@localhost\u001b[39m","timestamp":"2026-01-10 22:57:03:573"}
{"level":"\u001b[37mdebug\u001b[39m","message":"\u001b[37mExecuting (default): SELECT \"warehouses\".\"id\", \"warehouses\".\"code\", \"warehouses\".\"name\", \"warehouses\".\"location\", \"warehouses\".\"manager_id\", \"warehouses\".\"capacity_m3\", \"warehouses\".\"temperature_controlled\", \"warehouses\".\"is_active\", \"warehouses\".\"created_at\", COUNT(\"warehouse_stocks\".\"product_id\") AS \"product_count\", \"manager\".\"id\" AS \"manager.id\", \"manager\".\"full_name\" AS \"manager.full_name\", \"manager\".\"email\" AS \"manager.email\" FROM \"inventory\".\"warehouses\" AS \"warehouses\" LEFT OUTER JOIN \"core\".\"users\" AS \"manager\" ON \"warehouses\".\"manager_id\" = \"manager\".\"id\" LEFT OUTER JOIN \"inventory\".\"warehouse_stock\" AS \"warehouse_stocks\" ON \"warehouses\".\"id\" = \"warehouse_stocks\".\"warehouse_id\" GROUP BY \"warehouses\".\"id\", \"warehouses\".\"code\", \"warehouses\".\"name\", \"warehouses\".\"location\", \"warehouses\".\"manager_id\", \"warehouses\".\"capacity_m3\", \"warehouses\".\"temperature_controlled\", \"warehouses\".\"is_active\", \"warehouses\".\"created_at\" ORDER BY \"warehouses\".\"name\" ASC;\u001b[39m","timestamp":"2026-01-10 22:57:04:574"}
{"level":"\u001b[31merror\u001b[39m","message":"\u001b[31mError finding warehouses: SequelizeDatabaseError: column \"manager.id\" must appear in the GROUP BY clause or be used in an aggregate function\u001b[39m","timestamp":"2026-01-10 22:57:04:574"}
{"level":"\u001b[32minfo\u001b[39m","message":"\u001b[32m\u001b[0mGET /api/v1/inventory/warehouses \u001b[32m200\u001b[0m 40.416 ms - 140\u001b[0m\u001b[39m","timestamp":"2026-01-10 22:57:04:574"}
{"level":"\u001b[32minfo\u001b[39m","message":"\u001b[32m🚀 Server is running on port 3002\u001b[39m","timestamp":"2026-01-10 22:57:37:5737"}
{"level":"\u001b[32minfo\u001b[39m","message":"\u001b[32m📚 API Documentation: http://localhost:3002/api-docs\u001b[39m","timestamp":"2026-01-10 22:57:37:5737"}
{"level":"\u001b[32minfo\u001b[39m","message":"\u001b[32m🔍 API v1: http://localhost:3002/api/v1\u001b[39m","timestamp":"2026-01-10 22:57:37:5737"}
{"level":"\u001b[32minfo\u001b[39m","message":"\u001b[32m❤️  Health check: http://localhost:3002/health\u001b[39m","timestamp":"2026-01-10 22:57:37:5737"}
{"level":"\u001b[37mdebug\u001b[39m","message":"\u001b[37mExecuting (default): SELECT 1+1 AS result\u001b[39m","timestamp":"2026-01-10 22:57:37:5737"}
{"level":"\u001b[32minfo\u001b[39m","message":"\u001b[32m✅ Database connection established successfully\u001b[39m","timestamp":"2026-01-10 22:57:37:5737"}
{"level":"\u001b[32minfo\u001b[39m","message":"\u001b[32m📊 Connected to: dev-cmdv@localhost\u001b[39m","timestamp":"2026-01-10 22:57:37:5737"}
{"level":"\u001b[37mdebug\u001b[39m","message":"\u001b[37mExecuting (default): SELECT \"warehouses\".\"id\", \"warehouses\".\"code\", \"warehouses\".\"name\", \"warehouses\".\"location\", \"warehouses\".\"manager_id\", \"warehouses\".\"capacity_m3\", \"warehouses\".\"temperature_controlled\", \"warehouses\".\"is_active\", \"warehouses\".\"created_at\", COUNT(\"warehouse_stocks\".\"product_id\") AS \"product_count\", \"manager\".\"id\" AS \"manager.id\", \"manager\".\"full_name\" AS \"manager.full_name\", \"manager\".\"email\" AS \"manager.email\" FROM \"inventory\".\"warehouses\" AS \"warehouses\" LEFT OUTER JOIN \"core\".\"users\" AS \"manager\" ON \"warehouses\".\"manager_id\" = \"manager\".\"id\" LEFT OUTER JOIN \"inventory\".\"warehouse_stock\" AS \"warehouse_stocks\" ON \"warehouses\".\"id\" = \"warehouse_stocks\".\"warehouse_id\" GROUP BY \"warehouses\".\"id\", \"warehouses\".\"code\", \"warehouses\".\"name\", \"warehouses\".\"location\", \"warehouses\".\"manager_id\", \"warehouses\".\"capacity_m3\", \"warehouses\".\"temperature_controlled\", \"warehouses\".\"is_active\", \"warehouses\".\"created_at\", \"manager\".\"id\", \"manager\".\"full_name\", \"manager\".\"email\" ORDER BY \"warehouses\".\"name\" ASC;\u001b[39m","timestamp":"2026-01-10 22:57:42:5742"}
{"level":"\u001b[32minfo\u001b[39m","message":"\u001b[32m\u001b[0mGET /api/v1/inventory/warehouses \u001b[32m200\u001b[0m 28.982 ms - 1784\u001b[0m\u001b[39m","timestamp":"2026-01-10 22:57:42:5742"}
{"level":"\u001b[32minfo\u001b[39m","message":"\u001b[32m🚀 Server is running on port 3002\u001b[39m","timestamp":"2026-01-10 22:58:40:5840"}
{"level":"\u001b[32minfo\u001b[39m","message":"\u001b[32m📚 API Documentation: http://localhost:3002/api-docs\u001b[39m","timestamp":"2026-01-10 22:58:40:5840"}
{"level":"\u001b[32minfo\u001b[39m","message":"\u001b[32m🔍 API v1: http://localhost:3002/api/v1\u001b[39m","timestamp":"2026-01-10 22:58:40:5840"}
{"level":"\u001b[32minfo\u001b[39m","message":"\u001b[32m❤️  Health check: http://localhost:3002/health\u001b[39m","timestamp":"2026-01-10 22:58:40:5840"}
{"level":"\u001b[37mdebug\u001b[39m","message":"\u001b[37mExecuting (default): SELECT 1+1 AS result\u001b[39m","timestamp":"2026-01-10 22:58:40:5840"}
{"level":"\u001b[32minfo\u001b[39m","message":"\u001b[32m✅ Database connection established successfully\u001b[39m","timestamp":"2026-01-10 22:58:40:5840"}
{"level":"\u001b[32minfo\u001b[39m","message":"\u001b[32m📊 Connected to: dev-cmdv@localhost\u001b[39m","timestamp":"2026-01-10 22:58:40:5840"}
{"level":"\u001b[32minfo\u001b[39m","message":"\u001b[32m🚀 Server is running on port 3002\u001b[39m","timestamp":"2026-01-10 23:00:23:023"}
{"level":"\u001b[32minfo\u001b[39m","message":"\u001b[32m📚 API Documentation: http://localhost:3002/api-docs\u001b[39m","timestamp":"2026-01-10 23:00:23:023"}
{"level":"\u001b[32minfo\u001b[39m","message":"\u001b[32m🔍 API v1: http://localhost:3002/api/v1\u001b[39m","timestamp":"2026-01-10 23:00:23:023"}
{"level":"\u001b[32minfo\u001b[39m","message":"\u001b[32m❤️  Health check: http://localhost:3002/health\u001b[39m","timestamp":"2026-01-10 23:00:23:023"}
{"level":"\u001b[37mdebug\u001b[39m","message":"\u001b[37mExecuting (default): SELECT 1+1 AS result\u001b[39m","timestamp":"2026-01-10 23:00:24:024"}
{"level":"\u001b[32minfo\u001b[39m","message":"\u001b[32m✅ Database connection established successfully\u001b[39m","timestamp":"2026-01-10 23:00:24:024"}
{"level":"\u001b[32minfo\u001b[39m","message":"\u001b[32m📊 Connected to: dev-cmdv@localhost\u001b[39m","timestamp":"2026-01-10 23:00:24:024"}
{"level":"\u001b[32minfo\u001b[39m","message":"\u001b[32m🚀 Server is running on port 3002\u001b[39m","timestamp":"2026-01-10 23:04:40:440"}
{"level":"\u001b[32minfo\u001b[39m","message":"\u001b[32m📚 API Documentation: http://localhost:3002/api-docs\u001b[39m","timestamp":"2026-01-10 23:04:40:440"}
{"level":"\u001b[32minfo\u001b[39m","message":"\u001b[32m🔍 API v1: http://localhost:3002/api/v1\u001b[39m","timestamp":"2026-01-10 23:04:40:440"}
{"level":"\u001b[32minfo\u001b[39m","message":"\u001b[32m❤️  Health check: http://localhost:3002/health\u001b[39m","timestamp":"2026-01-10 23:04:40:440"}
{"level":"\u001b[37mdebug\u001b[39m","message":"\u001b[37mExecuting (default): SELECT 1+1 AS result\u001b[39m","timestamp":"2026-01-10 23:04:40:440"}
{"level":"\u001b[32minfo\u001b[39m","message":"\u001b[32m✅ Database connection established successfully\u001b[39m","timestamp":"2026-01-10 23:04:40:440"}
{"level":"\u001b[32minfo\u001b[39m","message":"\u001b[32m📊 Connected to: dev-cmdv@localhost\u001b[39m","timestamp":"2026-01-10 23:04:40:440"}
{"level":"\u001b[32minfo\u001b[39m","message":"\u001b[32m🚀 Server is running on port 3002\u001b[39m","timestamp":"2026-01-10 23:05:03:53"}
{"level":"\u001b[32minfo\u001b[39m","message":"\u001b[32m📚 API Documentation: http://localhost:3002/api-docs\u001b[39m","timestamp":"2026-01-10 23:05:03:53"}
{"level":"\u001b[32minfo\u001b[39m","message":"\u001b[32m🔍 API v1: http://localhost:3002/api/v1\u001b[39m","timestamp":"2026-01-10 23:05:03:53"}
{"level":"\u001b[32minfo\u001b[39m","message":"\u001b[32m❤️  Health check: http://localhost:3002/health\u001b[39m","timestamp":"2026-01-10 23:05:03:53"}
{"level":"\u001b[37mdebug\u001b[39m","message":"\u001b[37mExecuting (default): SELECT 1+1 AS result\u001b[39m","timestamp":"2026-01-10 23:05:03:53"}
{"level":"\u001b[32minfo\u001b[39m","message":"\u001b[32m✅ Database connection established successfully\u001b[39m","timestamp":"2026-01-10 23:05:03:53"}
{"level":"\u001b[32minfo\u001b[39m","message":"\u001b[32m📊 Connected to: dev-cmdv@localhost\u001b[39m","timestamp":"2026-01-10 23:05:03:53"}
{"level":"\u001b[37mdebug\u001b[39m","message":"\u001b[37mExecuting (default): SELECT \"warehouses\".\"id\", \"warehouses\".\"code\", \"warehouses\".\"name\", \"warehouses\".\"location\", \"warehouses\".\"manager_id\", \"warehouses\".\"capacity_m3\", \"warehouses\".\"temperature_controlled\", \"warehouses\".\"is_active\", \"warehouses\".\"created_at\", COUNT(\"warehouse_stocks\".\"product_id\") AS \"product_count\", \"manager\".\"id\" AS \"manager.id\", \"manager\".\"full_name\" AS \"manager.full_name\", \"manager\".\"email\" AS \"manager.email\" FROM \"inventory\".\"warehouses\" AS \"warehouses\" LEFT OUTER JOIN \"core\".\"users\" AS \"manager\" ON \"warehouses\".\"manager_id\" = \"manager\".\"id\" LEFT OUTER JOIN \"inventory\".\"warehouse_stock\" AS \"warehouse_stocks\" ON \"warehouses\".\"id\" = \"warehouse_stocks\".\"warehouse_id\" GROUP BY \"warehouses\".\"id\", \"warehouses\".\"code\", \"warehouses\".\"name\", \"warehouses\".\"location\", \"warehouses\".\"manager_id\", \"warehouses\".\"capacity_m3\", \"warehouses\".\"temperature_controlled\", \"warehouses\".\"is_active\", \"warehouses\".\"created_at\", \"manager\".\"id\", \"manager\".\"full_name\", \"manager\".\"email\" ORDER BY \"warehouses\".\"name\" ASC;\u001b[39m","timestamp":"2026-01-10 23:05:04:54"}
{"level":"\u001b[32minfo\u001b[39m","message":"\u001b[32m\u001b[0mGET /api/v1/inventory/warehouses \u001b[32m200\u001b[0m 35.072 ms - 1869\u001b[0m\u001b[39m","timestamp":"2026-01-10 23:05:04:54"}
{"level":"\u001b[32minfo\u001b[39m","message":"\u001b[32m🚀 Server is running on port 3002\u001b[39m","timestamp":"2026-01-11 18:46:34:4634"}
{"level":"\u001b[32minfo\u001b[39m","message":"\u001b[32m📚 API Documentation: http://localhost:3002/api-docs\u001b[39m","timestamp":"2026-01-11 18:46:34:4634"}
{"level":"\u001b[32minfo\u001b[39m","message":"\u001b[32m🔍 API v1: http://localhost:3002/api/v1\u001b[39m","timestamp":"2026-01-11 18:46:34:4634"}
{"level":"\u001b[32minfo\u001b[39m","message":"\u001b[32m❤️  Health check: http://localhost:3002/health\u001b[39m","timestamp":"2026-01-11 18:46:34:4634"}
{"level":"\u001b[37mdebug\u001b[39m","message":"\u001b[37mExecuting (default): SELECT 1+1 AS result\u001b[39m","timestamp":"2026-01-11 18:46:35:4635"}
{"level":"\u001b[32minfo\u001b[39m","message":"\u001b[32m✅ Database connection established successfully\u001b[39m","timestamp":"2026-01-11 18:46:35:4635"}
{"level":"\u001b[32minfo\u001b[39m","message":"\u001b[32m📊 Connected to: dev-cmdv@localhost\u001b[39m","timestamp":"2026-01-11 18:46:35:4635"}
{"level":"\u001b[37mdebug\u001b[39m","message":"\u001b[37mExecuting (default): SELECT count(*) AS \"count\" FROM \"core\".\"users\" AS \"users\";\u001b[39m","timestamp":"2026-01-11 18:46:42:4642"}
{"level":"\u001b[37mdebug\u001b[39m","message":"\u001b[37mExecuting (default): SELECT count(*) AS \"count\" FROM \"core\".\"users\" AS \"users\" WHERE \"users\".\"is_active\" = true;\u001b[39m","timestamp":"2026-01-11 18:46:42:4642"}
{"level":"\u001b[37mdebug\u001b[39m","message":"\u001b[37mExecuting (default): SELECT count(*) AS \"count\" FROM \"core\".\"users\" AS \"users\" WHERE \"users\".\"is_active\" = false;\u001b[39m","timestamp":"2026-01-11 18:46:42:4642"}
{"level":"\u001b[37mdebug\u001b[39m","message":"\u001b[37mExecuting (default): SELECT count(*) AS \"count\" FROM \"core\".\"users\" AS \"users\" WHERE \"users\".\"role\" = 'admin';\u001b[39m","timestamp":"2026-01-11 18:46:42:4642"}
{"level":"\u001b[37mdebug\u001b[39m","message":"\u001b[37mExecuting (default): SELECT \"id\", \"username\", \"email\", \"full_name\", \"role\", \"is_active\", \"last_login\", \"password_changed_at\", \"failed_login_attempts\", \"locked_until\", \"created_by\", \"updated_by\", \"created_at\", \"updated_at\" FROM \"core\".\"users\" AS \"users\" ORDER BY \"users\".\"created_at\" DESC LIMIT 20 OFFSET 0;\u001b[39m","timestamp":"2026-01-11 18:46:42:4642"}
{"level":"\u001b[37mdebug\u001b[39m","message":"\u001b[37mExecuting (default): SELECT \"role_permissions\".\"id\", \"role_permissions\".\"role\", \"role_permissions\".\"permission_id\", \"role_permissions\".\"granted_at\", \"role_permissions\".\"granted_by\", \"permission\".\"id\" AS \"permission.id\", \"permission\".\"name\" AS \"permission.name\", \"permission\".\"description\" AS \"permission.description\" FROM \"core\".\"role_permissions\" AS \"role_permissions\" LEFT OUTER JOIN \"core\".\"permissions\" AS \"permission\" ON \"role_permissions\".\"permission_id\" = \"permission\".\"id\" WHERE \"role_permissions\".\"role\" = 'pharmacist';\u001b[39m","timestamp":"2026-01-11 18:46:42:4642"}
{"level":"\u001b[37mdebug\u001b[39m","message":"\u001b[37mExecuting (default): SELECT \"role_permissions\".\"id\", \"role_permissions\".\"role\", \"role_permissions\".\"permission_id\", \"role_permissions\".\"granted_at\", \"role_permissions\".\"granted_by\", \"permission\".\"id\" AS \"permission.id\", \"permission\".\"name\" AS \"permission.name\", \"permission\".\"description\" AS \"permission.description\" FROM \"core\".\"role_permissions\" AS \"role_permissions\" LEFT OUTER JOIN \"core\".\"permissions\" AS \"permission\" ON \"role_permissions\".\"permission_id\" = \"permission\".\"id\" WHERE \"role_permissions\".\"role\" = 'receptionist';\u001b[39m","timestamp":"2026-01-11 18:46:42:4642"}
{"level":"\u001b[37mdebug\u001b[39m","message":"\u001b[37mExecuting (default): SELECT \"role_permissions\".\"id\", \"role_permissions\".\"role\", \"role_permissions\".\"permission_id\", \"role_permissions\".\"granted_at\", \"role_permissions\".\"granted_by\", \"permission\".\"id\" AS \"permission.id\", \"permission\".\"name\" AS \"permission.name\", \"permission\".\"description\" AS \"permission.description\" FROM \"core\".\"role_permissions\" AS \"role_permissions\" LEFT OUTER JOIN \"core\".\"permissions\" AS \"permission\" ON \"role_permissions\".\"permission_id\" = \"permission\".\"id\" WHERE \"role_permissions\".\"role\" = 'doctor';\u001b[39m","timestamp":"2026-01-11 18:46:42:4642"}
{"level":"\u001b[37mdebug\u001b[39m","message":"\u001b[37mExecuting (default): SELECT \"role_permissions\".\"id\", \"role_permissions\".\"role\", \"role_permissions\".\"permission_id\", \"role_permissions\".\"granted_at\", \"role_permissions\".\"granted_by\", \"permission\".\"id\" AS \"permission.id\", \"permission\".\"name\" AS \"permission.name\", \"permission\".\"description\" AS \"permission.description\" FROM \"core\".\"role_permissions\" AS \"role_permissions\" LEFT OUTER JOIN \"core\".\"permissions\" AS \"permission\" ON \"role_permissions\".\"permission_id\" = \"permission\".\"id\" WHERE \"role_permissions\".\"role\" = 'doctor';\u001b[39m","timestamp":"2026-01-11 18:46:42:4642"}
{"level":"\u001b[37mdebug\u001b[39m","message":"\u001b[37mExecuting (default): SELECT \"role_permissions\".\"id\", \"role_permissions\".\"role\", \"role_permissions\".\"permission_id\", \"role_permissions\".\"granted_at\", \"role_permissions\".\"granted_by\", \"permission\".\"id\" AS \"permission.id\", \"permission\".\"name\" AS \"permission.name\", \"permission\".\"description\" AS \"permission.description\" FROM \"core\".\"role_permissions\" AS \"role_permissions\" LEFT OUTER JOIN \"core\".\"permissions\" AS \"permission\" ON \"role_permissions\".\"permission_id\" = \"permission\".\"id\" WHERE \"role_permissions\".\"role\" = 'doctor';\u001b[39m","timestamp":"2026-01-11 18:46:42:4642"}
{"level":"\u001b[37mdebug\u001b[39m","message":"\u001b[37mExecuting (default): SELECT \"role_permissions\".\"id\", \"role_permissions\".\"role\", \"role_permissions\".\"permission_id\", \"role_permissions\".\"granted_at\", \"role_permissions\".\"granted_by\", \"permission\".\"id\" AS \"permission.id\", \"permission\".\"name\" AS \"permission.name\", \"permission\".\"description\" AS \"permission.description\" FROM \"core\".\"role_permissions\" AS \"role_permissions\" LEFT OUTER JOIN \"core\".\"permissions\" AS \"permission\" ON \"role_permissions\".\"permission_id\" = \"permission\".\"id\" WHERE \"role_permissions\".\"role\" = 'doctor';\u001b[39m","timestamp":"2026-01-11 18:46:42:4642"}
{"level":"\u001b[37mdebug\u001b[39m","message":"\u001b[37mExecuting (default): SELECT \"role_permissions\".\"id\", \"role_permissions\".\"role\", \"role_permissions\".\"permission_id\", \"role_permissions\".\"granted_at\", \"role_permissions\".\"granted_by\", \"permission\".\"id\" AS \"permission.id\", \"permission\".\"name\" AS \"permission.name\", \"permission\".\"description\" AS \"permission.description\" FROM \"core\".\"role_permissions\" AS \"role_permissions\" LEFT OUTER JOIN \"core\".\"permissions\" AS \"permission\" ON \"role_permissions\".\"permission_id\" = \"permission\".\"id\" WHERE \"role_permissions\".\"role\" = 'doctor';\u001b[39m","timestamp":"2026-01-11 18:46:42:4642"}
{"level":"\u001b[37mdebug\u001b[39m","message":"\u001b[37mExecuting (default): SELECT \"role_permissions\".\"id\", \"role_permissions\".\"role\", \"role_permissions\".\"permission_id\", \"role_permissions\".\"granted_at\", \"role_permissions\".\"granted_by\", \"permission\".\"id\" AS \"permission.id\", \"permission\".\"name\" AS \"permission.name\", \"permission\".\"description\" AS \"permission.description\" FROM \"core\".\"role_permissions\" AS \"role_permissions\" LEFT OUTER JOIN \"core\".\"permissions\" AS \"permission\" ON \"role_permissions\".\"permission_id\" = \"permission\".\"id\" WHERE \"role_permissions\".\"role\" = 'warehouse_manager';\u001b[39m","timestamp":"2026-01-11 18:46:42:4642"}
{"level":"\u001b[37mdebug\u001b[39m","message":"\u001b[37mExecuting (default): SELECT \"role_permissions\".\"id\", \"role_permissions\".\"role\", \"role_permissions\".\"permission_id\", \"role_permissions\".\"granted_at\", \"role_permissions\".\"granted_by\", \"permission\".\"id\" AS \"permission.id\", \"permission\".\"name\" AS \"permission.name\", \"permission\".\"description\" AS \"permission.description\" FROM \"core\".\"role_permissions\" AS \"role_permissions\" LEFT OUTER JOIN \"core\".\"permissions\" AS \"permission\" ON \"role_permissions\".\"permission_id\" = \"permission\".\"id\" WHERE \"role_permissions\".\"role\" = 'doctor';\u001b[39m","timestamp":"2026-01-11 18:46:42:4642"}
{"level":"\u001b[37mdebug\u001b[39m","message":"\u001b[37mExecuting (default): SELECT \"role_permissions\".\"id\", \"role_permissions\".\"role\", \"role_permissions\".\"permission_id\", \"role_permissions\".\"granted_at\", \"role_permissions\".\"granted_by\", \"permission\".\"id\" AS \"permission.id\", \"permission\".\"name\" AS \"permission.name\", \"permission\".\"description\" AS \"permission.description\" FROM \"core\".\"role_permissions\" AS \"role_permissions\" LEFT OUTER JOIN \"core\".\"permissions\" AS \"permission\" ON \"role_permissions\".\"permission_id\" = \"permission\".\"id\" WHERE \"role_permissions\".\"role\" = 'doctor';\u001b[39m","timestamp":"2026-01-11 18:46:42:4642"}
{"level":"\u001b[37mdebug\u001b[39m","message":"\u001b[37mExecuting (default): SELECT \"role_permissions\".\"id\", \"role_permissions\".\"role\", \"role_permissions\".\"permission_id\", \"role_permissions\".\"granted_at\", \"role_permissions\".\"granted_by\", \"permission\".\"id\" AS \"permission.id\", \"permission\".\"name\" AS \"permission.name\", \"permission\".\"description\" AS \"permission.description\" FROM \"core\".\"role_permissions\" AS \"role_permissions\" LEFT OUTER JOIN \"core\".\"permissions\" AS \"permission\" ON \"role_permissions\".\"permission_id\" = \"permission\".\"id\" WHERE \"role_permissions\".\"role\" = 'admin';\u001b[39m","timestamp":"2026-01-11 18:46:42:4642"}
{"level":"\u001b[37mdebug\u001b[39m","message":"\u001b[37mExecuting (default): SELECT \"role_permissions\".\"id\", \"role_permissions\".\"role\", \"role_permissions\".\"permission_id\", \"role_permissions\".\"granted_at\", \"role_permissions\".\"granted_by\", \"permission\".\"id\" AS \"permission.id\", \"permission\".\"name\" AS \"permission.name\", \"permission\".\"description\" AS \"permission.description\" FROM \"core\".\"role_permissions\" AS \"role_permissions\" LEFT OUTER JOIN \"core\".\"permissions\" AS \"permission\" ON \"role_permissions\".\"permission_id\" = \"permission\".\"id\" WHERE \"role_permissions\".\"role\" = 'super_admin';\u001b[39m","timestamp":"2026-01-11 18:46:42:4642"}
{"level":"\u001b[32minfo\u001b[39m","message":"\u001b[32m\u001b[0mGET /api/v1/users/users \u001b[32m200\u001b[0m 110.147 ms - 120393\u001b[0m\u001b[39m","timestamp":"2026-01-11 18:46:42:4642"}
{"level":"\u001b[37mdebug\u001b[39m","message":"\u001b[37mExecuting (default): SELECT \u001b[39m\n\u001b[37m                    warehouse_name,\u001b[39m\n\u001b[37m                    warehouse_code,\u001b[39m\n\u001b[37m                    product_code,\u001b[39m\n\u001b[37m                    product_name,\u001b[39m\n\u001b[37m                    category,\u001b[39m\n\u001b[37m                    current_stock,\u001b[39m\n\u001b[37m                    reserved_quantity,\u001b[39m\n\u001b[37m                    available_quantity,\u001b[39m\n\u001b[37m                    minimum_stock,\u001b[39m\n\u001b[37m                    reorder_point,\u001b[39m\n\u001b[37m                    stock_level,\u001b[39m\n\u001b[37m                    unit_cost,\u001b[39m\n\u001b[37m                    total_value\u001b[39m\n\u001b[37m                FROM inventory.v_stock_status\u001b[39m\n\u001b[37m             WHERE warehouse_name IN (SELECT name FROM inventory.warehouses WHERE id = '43bbb488-92e2-47eb-8216-4010158feb19') ORDER BY warehouse_code, product_code\u001b[39m","timestamp":"2026-01-11 19:06:01:61"}
{"level":"\u001b[32minfo\u001b[39m","message":"\u001b[32m\u001b[0mGET /api/v1/inventory/warehouses/43bbb488-92e2-47eb-8216-4010158feb19/stock \u001b[32m200\u001b[0m 47.761 ms - 434\u001b[0m\u001b[39m","timestamp":"2026-01-11 19:06:01:61"}
{"level":"\u001b[32minfo\u001b[39m","message":"\u001b[32m\u001b[0mGET /api/v1/inventory/warehouses//stock \u001b[33m404\u001b[0m 2.500 ms - 173\u001b[0m\u001b[39m","timestamp":"2026-01-11 19:06:21:621"}
{"level":"\u001b[37mdebug\u001b[39m","message":"\u001b[37mExecuting (default): SELECT \u001b[39m\n\u001b[37m                    warehouse_name,\u001b[39m\n\u001b[37m                    warehouse_code,\u001b[39m\n\u001b[37m                    product_code,\u001b[39m\n\u001b[37m                    product_name,\u001b[39m\n\u001b[37m                    category,\u001b[39m\n\u001b[37m                    current_stock,\u001b[39m\n\u001b[37m                    reserved_quantity,\u001b[39m\n\u001b[37m                    available_quantity,\u001b[39m\n\u001b[37m                    minimum_stock,\u001b[39m\n\u001b[37m                    reorder_point,\u001b[39m\n\u001b[37m                    stock_level,\u001b[39m\n\u001b[37m                    unit_cost,\u001b[39m\n\u001b[37m                    total_value\u001b[39m\n\u001b[37m                FROM inventory.v_stock_status\u001b[39m\n\u001b[37m             WHERE warehouse_name IN (SELECT name FROM inventory.warehouses WHERE id = ' ') ORDER BY warehouse_code, product_code\u001b[39m","timestamp":"2026-01-11 19:06:27:627"}
{"level":"\u001b[31merror\u001b[39m","message":"\u001b[31mError getting stock status:\u001b[39m","name":"SequelizeDatabaseError","original":{"code":"22P02","file":"uuid.c","length":101,"line":"133","name":"error","position":"592","routine":"string_to_uuid","severity":"ERROR","sql":"SELECT \n                    warehouse_name,\n                    warehouse_code,\n                    product_code,\n                    product_name,\n                    category,\n                    current_stock,\n                    reserved_quantity,\n                    available_quantity,\n                    minimum_stock,\n                    reorder_point,\n                    stock_level,\n                    unit_cost,\n                    total_value\n                FROM inventory.v_stock_status\n             WHERE warehouse_name IN (SELECT name FROM inventory.warehouses WHERE id = ' ') ORDER BY warehouse_code, product_code"},"parameters":{},"parent":{"code":"22P02","file":"uuid.c","length":101,"line":"133","name":"error","position":"592","routine":"string_to_uuid","severity":"ERROR","sql":"SELECT \n                    warehouse_name,\n                    warehouse_code,\n                    product_code,\n                    product_name,\n                    category,\n                    current_stock,\n                    reserved_quantity,\n                    available_quantity,\n                    minimum_stock,\n                    reorder_point,\n                    stock_level,\n                    unit_cost,\n                    total_value\n                FROM inventory.v_stock_status\n             WHERE warehouse_name IN (SELECT name FROM inventory.warehouses WHERE id = ' ') ORDER BY warehouse_code, product_code"},"sql":"SELECT \n                    warehouse_name,\n                    warehouse_code,\n                    product_code,\n                    product_name,\n                    category,\n                    current_stock,\n                    reserved_quantity,\n                    available_quantity,\n                    minimum_stock,\n                    reorder_point,\n                    stock_level,\n                    unit_cost,\n                    total_value\n                FROM inventory.v_stock_status\n             WHERE warehouse_name IN (SELECT name FROM inventory.warehouses WHERE id = ' ') ORDER BY warehouse_code, product_code","timestamp":"2026-01-11 19:06:27:627"}
{"level":"\u001b[32minfo\u001b[39m","message":"\u001b[32m\u001b[0mGET /api/v1/inventory/warehouses/%20/stock \u001b[32m200\u001b[0m 58.315 ms - 85\u001b[0m\u001b[39m","timestamp":"2026-01-11 19:06:27:627"}
{"level":"\u001b[32minfo\u001b[39m","message":"\u001b[32m🚀 Server is running on port 3002\u001b[39m","timestamp":"2026-01-11 19:08:02:82"}
{"level":"\u001b[32minfo\u001b[39m","message":"\u001b[32m📚 API Documentation: http://localhost:3002/api-docs\u001b[39m","timestamp":"2026-01-11 19:08:02:82"}
{"level":"\u001b[32minfo\u001b[39m","message":"\u001b[32m🔍 API v1: http://localhost:3002/api/v1\u001b[39m","timestamp":"2026-01-11 19:08:02:82"}
{"level":"\u001b[32minfo\u001b[39m","message":"\u001b[32m❤️  Health check: http://localhost:3002/health\u001b[39m","timestamp":"2026-01-11 19:08:02:82"}
{"level":"\u001b[37mdebug\u001b[39m","message":"\u001b[37mExecuting (default): SELECT 1+1 AS result\u001b[39m","timestamp":"2026-01-11 19:08:02:82"}
{"level":"\u001b[32minfo\u001b[39m","message":"\u001b[32m✅ Database connection established successfully\u001b[39m","timestamp":"2026-01-11 19:08:02:82"}
{"level":"\u001b[32minfo\u001b[39m","message":"\u001b[32m📊 Connected to: dev-cmdv@localhost\u001b[39m","timestamp":"2026-01-11 19:08:02:82"}
{"level":"\u001b[32minfo\u001b[39m","message":"\u001b[32m🚀 Server is running on port 3002\u001b[39m","timestamp":"2026-01-11 19:09:14:914"}
{"level":"\u001b[32minfo\u001b[39m","message":"\u001b[32m📚 API Documentation: http://localhost:3002/api-docs\u001b[39m","timestamp":"2026-01-11 19:09:14:914"}
{"level":"\u001b[32minfo\u001b[39m","message":"\u001b[32m🔍 API v1: http://localhost:3002/api/v1\u001b[39m","timestamp":"2026-01-11 19:09:14:914"}
{"level":"\u001b[32minfo\u001b[39m","message":"\u001b[32m❤️  Health check: http://localhost:3002/health\u001b[39m","timestamp":"2026-01-11 19:09:14:914"}
{"level":"\u001b[37mdebug\u001b[39m","message":"\u001b[37mExecuting (default): SELECT 1+1 AS result\u001b[39m","timestamp":"2026-01-11 19:09:14:914"}
{"level":"\u001b[32minfo\u001b[39m","message":"\u001b[32m✅ Database connection established successfully\u001b[39m","timestamp":"2026-01-11 19:09:14:914"}
{"level":"\u001b[32minfo\u001b[39m","message":"\u001b[32m📊 Connected to: dev-cmdv@localhost\u001b[39m","timestamp":"2026-01-11 19:09:14:914"}
{"level":"\u001b[37mdebug\u001b[39m","message":"\u001b[37mExecuting (default): SELECT \"warehouses\".\"id\", \"warehouses\".\"code\", \"warehouses\".\"name\", \"warehouses\".\"location\", \"warehouses\".\"manager_id\", \"warehouses\".\"capacity_m3\", \"warehouses\".\"temperature_controlled\", \"warehouses\".\"is_active\", \"warehouses\".\"created_at\", \"manager\".\"id\" AS \"manager.id\", \"manager\".\"full_name\" AS \"manager.full_name\", \"manager\".\"email\" AS \"manager.email\" FROM \"inventory\".\"warehouses\" AS \"warehouses\" LEFT OUTER JOIN \"core\".\"users\" AS \"manager\" ON \"warehouses\".\"manager_id\" = \"manager\".\"id\" WHERE \"warehouses\".\"id\" = 'allWarehouseStock';\u001b[39m","timestamp":"2026-01-11 19:09:30:930"}
{"level":"\u001b[31merror\u001b[39m","message":"\u001b[31mError finding warehouse by ID:SequelizeDatabaseError: invalid input syntax for type uuid: \"allWarehouseStock\"\u001b[39m","timestamp":"2026-01-11 19:09:30:930"}
{"level":"\u001b[32minfo\u001b[39m","message":"\u001b[32m\u001b[0mGET /api/v1/inventory/warehouses/allWarehouseStock \u001b[33m404\u001b[0m 72.377 ms - 72\u001b[0m\u001b[39m","timestamp":"2026-01-11 19:09:30:930"}
{"level":"\u001b[32minfo\u001b[39m","message":"\u001b[32m🚀 Server is running on port 3002\u001b[39m","timestamp":"2026-01-11 19:13:50:1350"}
{"level":"\u001b[32minfo\u001b[39m","message":"\u001b[32m📚 API Documentation: http://localhost:3002/api-docs\u001b[39m","timestamp":"2026-01-11 19:13:50:1350"}
{"level":"\u001b[32minfo\u001b[39m","message":"\u001b[32m🔍 API v1: http://localhost:3002/api/v1\u001b[39m","timestamp":"2026-01-11 19:13:50:1350"}
{"level":"\u001b[32minfo\u001b[39m","message":"\u001b[32m❤️  Health check: http://localhost:3002/health\u001b[39m","timestamp":"2026-01-11 19:13:50:1350"}
{"level":"\u001b[37mdebug\u001b[39m","message":"\u001b[37mExecuting (default): SELECT 1+1 AS result\u001b[39m","timestamp":"2026-01-11 19:13:50:1350"}
{"level":"\u001b[32minfo\u001b[39m","message":"\u001b[32m✅ Database connection established successfully\u001b[39m","timestamp":"2026-01-11 19:13:50:1350"}
{"level":"\u001b[32minfo\u001b[39m","message":"\u001b[32m📊 Connected to: dev-cmdv@localhost\u001b[39m","timestamp":"2026-01-11 19:13:50:1350"}
{"level":"\u001b[37mdebug\u001b[39m","message":"\u001b[37mExecuting (default): SELECT \"warehouses\".\"id\", \"warehouses\".\"code\", \"warehouses\".\"name\", \"warehouses\".\"location\", \"warehouses\".\"manager_id\", \"warehouses\".\"capacity_m3\", \"warehouses\".\"temperature_controlled\", \"warehouses\".\"is_active\", \"warehouses\".\"created_at\", \"manager\".\"id\" AS \"manager.id\", \"manager\".\"full_name\" AS \"manager.full_name\", \"manager\".\"email\" AS \"manager.email\" FROM \"inventory\".\"warehouses\" AS \"warehouses\" LEFT OUTER JOIN \"core\".\"users\" AS \"manager\" ON \"warehouses\".\"manager_id\" = \"manager\".\"id\" WHERE \"warehouses\".\"id\" = 'allWarehouseStock';\u001b[39m","timestamp":"2026-01-11 19:14:22:1422"}
{"level":"\u001b[31merror\u001b[39m","message":"\u001b[31mError finding warehouse by ID:SequelizeDatabaseError: invalid input syntax for type uuid: \"allWarehouseStock\"\u001b[39m","timestamp":"2026-01-11 19:14:22:1422"}
{"level":"\u001b[32minfo\u001b[39m","message":"\u001b[32m\u001b[0mGET /api/v1/inventory/warehouses/allWarehouseStock \u001b[33m404\u001b[0m 176.166 ms - 72\u001b[0m\u001b[39m","timestamp":"2026-01-11 19:14:22:1422"}
{"level":"\u001b[32minfo\u001b[39m","message":"\u001b[32m🚀 Server is running on port 3002\u001b[39m","timestamp":"2026-01-11 19:17:19:1719"}
{"level":"\u001b[32minfo\u001b[39m","message":"\u001b[32m📚 API Documentation: http://localhost:3002/api-docs\u001b[39m","timestamp":"2026-01-11 19:17:19:1719"}
{"level":"\u001b[32minfo\u001b[39m","message":"\u001b[32m🔍 API v1: http://localhost:3002/api/v1\u001b[39m","timestamp":"2026-01-11 19:17:19:1719"}
{"level":"\u001b[32minfo\u001b[39m","message":"\u001b[32m❤️  Health check: http://localhost:3002/health\u001b[39m","timestamp":"2026-01-11 19:17:19:1719"}
{"level":"\u001b[37mdebug\u001b[39m","message":"\u001b[37mExecuting (default): SELECT 1+1 AS result\u001b[39m","timestamp":"2026-01-11 19:17:19:1719"}
{"level":"\u001b[32minfo\u001b[39m","message":"\u001b[32m✅ Database connection established successfully\u001b[39m","timestamp":"2026-01-11 19:17:19:1719"}
{"level":"\u001b[32minfo\u001b[39m","message":"\u001b[32m📊 Connected to: dev-cmdv@localhost\u001b[39m","timestamp":"2026-01-11 19:17:19:1719"}
{"level":"\u001b[37mdebug\u001b[39m","message":"\u001b[37mExecuting (default): SELECT \"warehouses\".\"id\", \"warehouses\".\"code\", \"warehouses\".\"name\", \"warehouses\".\"location\", \"warehouses\".\"manager_id\", \"warehouses\".\"capacity_m3\", \"warehouses\".\"temperature_controlled\", \"warehouses\".\"is_active\", \"warehouses\".\"created_at\", \"manager\".\"id\" AS \"manager.id\", \"manager\".\"full_name\" AS \"manager.full_name\", \"manager\".\"email\" AS \"manager.email\" FROM \"inventory\".\"warehouses\" AS \"warehouses\" LEFT OUTER JOIN \"core\".\"users\" AS \"manager\" ON \"warehouses\".\"manager_id\" = \"manager\".\"id\" WHERE \"warehouses\".\"id\" = 'allWarehouseStock';\u001b[39m","timestamp":"2026-01-11 19:17:20:1720"}
{"level":"\u001b[31merror\u001b[39m","message":"\u001b[31mError finding warehouse by ID:SequelizeDatabaseError: invalid input syntax for type uuid: \"allWarehouseStock\"\u001b[39m","timestamp":"2026-01-11 19:17:21:1721"}
{"level":"\u001b[32minfo\u001b[39m","message":"\u001b[32m\u001b[0mGET /api/v1/inventory/warehouses/allWarehouseStock \u001b[33m404\u001b[0m 57.956 ms - 72\u001b[0m\u001b[39m","timestamp":"2026-01-11 19:17:21:1721"}
{"level":"\u001b[32minfo\u001b[39m","message":"\u001b[32m🚀 Server is running on port 3002\u001b[39m","timestamp":"2026-01-11 19:18:09:189"}
{"level":"\u001b[32minfo\u001b[39m","message":"\u001b[32m📚 API Documentation: http://localhost:3002/api-docs\u001b[39m","timestamp":"2026-01-11 19:18:09:189"}
{"level":"\u001b[32minfo\u001b[39m","message":"\u001b[32m🔍 API v1: http://localhost:3002/api/v1\u001b[39m","timestamp":"2026-01-11 19:18:09:189"}
{"level":"\u001b[32minfo\u001b[39m","message":"\u001b[32m❤️  Health check: http://localhost:3002/health\u001b[39m","timestamp":"2026-01-11 19:18:09:189"}
{"level":"\u001b[37mdebug\u001b[39m","message":"\u001b[37mExecuting (default): SELECT 1+1 AS result\u001b[39m","timestamp":"2026-01-11 19:18:09:189"}
{"level":"\u001b[32minfo\u001b[39m","message":"\u001b[32m✅ Database connection established successfully\u001b[39m","timestamp":"2026-01-11 19:18:09:189"}
{"level":"\u001b[32minfo\u001b[39m","message":"\u001b[32m📊 Connected to: dev-cmdv@localhost\u001b[39m","timestamp":"2026-01-11 19:18:09:189"}
{"level":"\u001b[37mdebug\u001b[39m","message":"\u001b[37mExecuting (default): SELECT \"warehouses\".\"id\", \"warehouses\".\"code\", \"warehouses\".\"name\", \"warehouses\".\"location\", \"warehouses\".\"manager_id\", \"warehouses\".\"capacity_m3\", \"warehouses\".\"temperature_controlled\", \"warehouses\".\"is_active\", \"warehouses\".\"created_at\", \"manager\".\"id\" AS \"manager.id\", \"manager\".\"full_name\" AS \"manager.full_name\", \"manager\".\"email\" AS \"manager.email\" FROM \"inventory\".\"warehouses\" AS \"warehouses\" LEFT OUTER JOIN \"core\".\"users\" AS \"manager\" ON \"warehouses\".\"manager_id\" = \"manager\".\"id\" WHERE \"warehouses\".\"id\" = 'allWarehouseStock';\u001b[39m","timestamp":"2026-01-11 19:18:31:1831"}
{"level":"\u001b[31merror\u001b[39m","message":"\u001b[31mError finding warehouse by ID:SequelizeDatabaseError: invalid input syntax for type uuid: \"allWarehouseStock\"\u001b[39m","timestamp":"2026-01-11 19:18:31:1831"}
{"level":"\u001b[32minfo\u001b[39m","message":"\u001b[32m\u001b[0mGET /api/v1/inventory/warehouses/allWarehouseStock \u001b[33m404\u001b[0m 69.541 ms - 72\u001b[0m\u001b[39m","timestamp":"2026-01-11 19:18:31:1831"}
{"level":"\u001b[32minfo\u001b[39m","message":"\u001b[32m🚀 Server is running on port 3002\u001b[39m","timestamp":"2026-01-11 19:19:45:1945"}
{"level":"\u001b[32minfo\u001b[39m","message":"\u001b[32m📚 API Documentation: http://localhost:3002/api-docs\u001b[39m","timestamp":"2026-01-11 19:19:45:1945"}
{"level":"\u001b[32minfo\u001b[39m","message":"\u001b[32m🔍 API v1: http://localhost:3002/api/v1\u001b[39m","timestamp":"2026-01-11 19:19:45:1945"}
{"level":"\u001b[32minfo\u001b[39m","message":"\u001b[32m❤️  Health check: http://localhost:3002/health\u001b[39m","timestamp":"2026-01-11 19:19:45:1945"}
{"level":"\u001b[37mdebug\u001b[39m","message":"\u001b[37mExecuting (default): SELECT 1+1 AS result\u001b[39m","timestamp":"2026-01-11 19:19:45:1945"}
{"level":"\u001b[32minfo\u001b[39m","message":"\u001b[32m✅ Database connection established successfully\u001b[39m","timestamp":"2026-01-11 19:19:45:1945"}
{"level":"\u001b[32minfo\u001b[39m","message":"\u001b[32m📊 Connected to: dev-cmdv@localhost\u001b[39m","timestamp":"2026-01-11 19:19:45:1945"}
{"level":"\u001b[37mdebug\u001b[39m","message":"\u001b[37mExecuting (default): SELECT \"warehouses\".\"id\", \"warehouses\".\"code\", \"warehouses\".\"name\", \"warehouses\".\"location\", \"warehouses\".\"manager_id\", \"warehouses\".\"capacity_m3\", \"warehouses\".\"temperature_controlled\", \"warehouses\".\"is_active\", \"warehouses\".\"created_at\", \"manager\".\"id\" AS \"manager.id\", \"manager\".\"full_name\" AS \"manager.full_name\", \"manager\".\"email\" AS \"manager.email\" FROM \"inventory\".\"warehouses\" AS \"warehouses\" LEFT OUTER JOIN \"core\".\"users\" AS \"manager\" ON \"warehouses\".\"manager_id\" = \"manager\".\"id\" WHERE \"warehouses\".\"id\" = 'allWarehouseStock';\u001b[39m","timestamp":"2026-01-11 19:19:47:1947"}
{"level":"\u001b[31merror\u001b[39m","message":"\u001b[31mError finding warehouse by ID:SequelizeDatabaseError: invalid input syntax for type uuid: \"allWarehouseStock\"\u001b[39m","timestamp":"2026-01-11 19:19:47:1947"}
{"level":"\u001b[32minfo\u001b[39m","message":"\u001b[32m\u001b[0mGET /api/v1/inventory/warehouses/allWarehouseStock \u001b[33m404\u001b[0m 40.671 ms - 72\u001b[0m\u001b[39m","timestamp":"2026-01-11 19:19:47:1947"}
{"level":"\u001b[32minfo\u001b[39m","message":"\u001b[32m🚀 Server is running on port 3002\u001b[39m","timestamp":"2026-01-11 19:20:48:2048"}
{"level":"\u001b[32minfo\u001b[39m","message":"\u001b[32m📚 API Documentation: http://localhost:3002/api-docs\u001b[39m","timestamp":"2026-01-11 19:20:48:2048"}
{"level":"\u001b[32minfo\u001b[39m","message":"\u001b[32m🔍 API v1: http://localhost:3002/api/v1\u001b[39m","timestamp":"2026-01-11 19:20:48:2048"}
{"level":"\u001b[32minfo\u001b[39m","message":"\u001b[32m❤️  Health check: http://localhost:3002/health\u001b[39m","timestamp":"2026-01-11 19:20:48:2048"}
{"level":"\u001b[37mdebug\u001b[39m","message":"\u001b[37mExecuting (default): SELECT 1+1 AS result\u001b[39m","timestamp":"2026-01-11 19:20:49:2049"}
{"level":"\u001b[32minfo\u001b[39m","message":"\u001b[32m✅ Database connection established successfully\u001b[39m","timestamp":"2026-01-11 19:20:49:2049"}
{"level":"\u001b[32minfo\u001b[39m","message":"\u001b[32m📊 Connected to: dev-cmdv@localhost\u001b[39m","timestamp":"2026-01-11 19:20:49:2049"}
{"level":"\u001b[37mdebug\u001b[39m","message":"\u001b[37mExecuting (default): SELECT \"warehouses\".\"id\", \"warehouses\".\"code\", \"warehouses\".\"name\", \"warehouses\".\"location\", \"warehouses\".\"manager_id\", \"warehouses\".\"capacity_m3\", \"warehouses\".\"temperature_controlled\", \"warehouses\".\"is_active\", \"warehouses\".\"created_at\", \"manager\".\"id\" AS \"manager.id\", \"manager\".\"full_name\" AS \"manager.full_name\", \"manager\".\"email\" AS \"manager.email\" FROM \"inventory\".\"warehouses\" AS \"warehouses\" LEFT OUTER JOIN \"core\".\"users\" AS \"manager\" ON \"warehouses\".\"manager_id\" = \"manager\".\"id\" WHERE \"warehouses\".\"id\" = 'allWarehouseStock';\u001b[39m","timestamp":"2026-01-11 19:22:53:2253"}
{"level":"\u001b[31merror\u001b[39m","message":"\u001b[31mError finding warehouse by ID:SequelizeDatabaseError: invalid input syntax for type uuid: \"allWarehouseStock\"\u001b[39m","timestamp":"2026-01-11 19:22:53:2253"}
{"level":"\u001b[32minfo\u001b[39m","message":"\u001b[32m\u001b[0mGET /api/v1/inventory/warehouses/allWarehouseStock \u001b[33m404\u001b[0m 90.915 ms - 72\u001b[0m\u001b[39m","timestamp":"2026-01-11 19:22:53:2253"}
{"level":"\u001b[32minfo\u001b[39m","message":"\u001b[32m🚀 Server is running on port 3002\u001b[39m","timestamp":"2026-01-11 19:23:12:2312"}
{"level":"\u001b[32minfo\u001b[39m","message":"\u001b[32m📚 API Documentation: http://localhost:3002/api-docs\u001b[39m","timestamp":"2026-01-11 19:23:12:2312"}
{"level":"\u001b[32minfo\u001b[39m","message":"\u001b[32m🔍 API v1: http://localhost:3002/api/v1\u001b[39m","timestamp":"2026-01-11 19:23:12:2312"}
{"level":"\u001b[32minfo\u001b[39m","message":"\u001b[32m❤️  Health check: http://localhost:3002/health\u001b[39m","timestamp":"2026-01-11 19:23:12:2312"}
{"level":"\u001b[37mdebug\u001b[39m","message":"\u001b[37mExecuting (default): SELECT 1+1 AS result\u001b[39m","timestamp":"2026-01-11 19:23:12:2312"}
{"level":"\u001b[32minfo\u001b[39m","message":"\u001b[32m✅ Database connection established successfully\u001b[39m","timestamp":"2026-01-11 19:23:12:2312"}
{"level":"\u001b[32minfo\u001b[39m","message":"\u001b[32m📊 Connected to: dev-cmdv@localhost\u001b[39m","timestamp":"2026-01-11 19:23:12:2312"}
{"level":"\u001b[37mdebug\u001b[39m","message":"\u001b[37mExecuting (default): SELECT \"warehouses\".\"id\", \"warehouses\".\"code\", \"warehouses\".\"name\", \"warehouses\".\"location\", \"warehouses\".\"manager_id\", \"warehouses\".\"capacity_m3\", \"warehouses\".\"temperature_controlled\", \"warehouses\".\"is_active\", \"warehouses\".\"created_at\", \"manager\".\"id\" AS \"manager.id\", \"manager\".\"full_name\" AS \"manager.full_name\", \"manager\".\"email\" AS \"manager.email\" FROM \"inventory\".\"warehouses\" AS \"warehouses\" LEFT OUTER JOIN \"core\".\"users\" AS \"manager\" ON \"warehouses\".\"manager_id\" = \"manager\".\"id\" WHERE \"warehouses\".\"id\" = 'allWarehouseStock';\u001b[39m","timestamp":"2026-01-11 19:23:16:2316"}
{"level":"\u001b[31merror\u001b[39m","message":"\u001b[31mError finding warehouse by ID:SequelizeDatabaseError: invalid input syntax for type uuid: \"allWarehouseStock\"\u001b[39m","timestamp":"2026-01-11 19:23:16:2316"}
{"level":"\u001b[32minfo\u001b[39m","message":"\u001b[32m\u001b[0mGET /api/v1/inventory/warehouses/allWarehouseStock \u001b[33m404\u001b[0m 46.038 ms - 72\u001b[0m\u001b[39m","timestamp":"2026-01-11 19:23:16:2316"}
{"level":"\u001b[32minfo\u001b[39m","message":"\u001b[32m🚀 Server is running on port 3002\u001b[39m","timestamp":"2026-01-11 19:23:27:2327"}
{"level":"\u001b[32minfo\u001b[39m","message":"\u001b[32m📚 API Documentation: http://localhost:3002/api-docs\u001b[39m","timestamp":"2026-01-11 19:23:27:2327"}
{"level":"\u001b[32minfo\u001b[39m","message":"\u001b[32m🔍 API v1: http://localhost:3002/api/v1\u001b[39m","timestamp":"2026-01-11 19:23:27:2327"}
{"level":"\u001b[32minfo\u001b[39m","message":"\u001b[32m❤️  Health check: http://localhost:3002/health\u001b[39m","timestamp":"2026-01-11 19:23:27:2327"}
{"level":"\u001b[37mdebug\u001b[39m","message":"\u001b[37mExecuting (default): SELECT 1+1 AS result\u001b[39m","timestamp":"2026-01-11 19:23:27:2327"}
{"level":"\u001b[32minfo\u001b[39m","message":"\u001b[32m✅ Database connection established successfully\u001b[39m","timestamp":"2026-01-11 19:23:27:2327"}
{"level":"\u001b[32minfo\u001b[39m","message":"\u001b[32m📊 Connected to: dev-cmdv@localhost\u001b[39m","timestamp":"2026-01-11 19:23:27:2327"}
{"level":"\u001b[32minfo\u001b[39m","message":"\u001b[32m🚀 Server is running on port 3002\u001b[39m","timestamp":"2026-01-11 19:25:50:2550"}
{"level":"\u001b[32minfo\u001b[39m","message":"\u001b[32m📚 API Documentation: http://localhost:3002/api-docs\u001b[39m","timestamp":"2026-01-11 19:25:50:2550"}
{"level":"\u001b[32minfo\u001b[39m","message":"\u001b[32m🔍 API v1: http://localhost:3002/api/v1\u001b[39m","timestamp":"2026-01-11 19:25:50:2550"}
{"level":"\u001b[32minfo\u001b[39m","message":"\u001b[32m❤️  Health check: http://localhost:3002/health\u001b[39m","timestamp":"2026-01-11 19:25:50:2550"}
{"level":"\u001b[37mdebug\u001b[39m","message":"\u001b[37mExecuting (default): SELECT 1+1 AS result\u001b[39m","timestamp":"2026-01-11 19:25:50:2550"}
{"level":"\u001b[32minfo\u001b[39m","message":"\u001b[32m✅ Database connection established successfully\u001b[39m","timestamp":"2026-01-11 19:25:50:2550"}
{"level":"\u001b[32minfo\u001b[39m","message":"\u001b[32m📊 Connected to: dev-cmdv@localhost\u001b[39m","timestamp":"2026-01-11 19:25:50:2550"}
{"level":"\u001b[37mdebug\u001b[39m","message":"\u001b[37mExecuting (default): SELECT \"warehouses\".\"id\", \"warehouses\".\"code\", \"warehouses\".\"name\", \"warehouses\".\"location\", \"warehouses\".\"manager_id\", \"warehouses\".\"capacity_m3\", \"warehouses\".\"temperature_controlled\", \"warehouses\".\"is_active\", \"warehouses\".\"created_at\", \"manager\".\"id\" AS \"manager.id\", \"manager\".\"full_name\" AS \"manager.full_name\", \"manager\".\"email\" AS \"manager.email\" FROM \"inventory\".\"warehouses\" AS \"warehouses\" LEFT OUTER JOIN \"core\".\"users\" AS \"manager\" ON \"warehouses\".\"manager_id\" = \"manager\".\"id\" WHERE \"warehouses\".\"id\" = 'stock';\u001b[39m","timestamp":"2026-01-11 19:25:51:2551"}
{"level":"\u001b[31merror\u001b[39m","message":"\u001b[31mError finding warehouse by ID:SequelizeDatabaseError: invalid input syntax for type uuid: \"stock\"\u001b[39m","timestamp":"2026-01-11 19:25:51:2551"}
{"level":"\u001b[32minfo\u001b[39m","message":"\u001b[32m\u001b[0mGET /api/v1/inventory/warehouses/stock \u001b[33m404\u001b[0m 41.421 ms - 72\u001b[0m\u001b[39m","timestamp":"2026-01-11 19:25:51:2551"}
{"level":"\u001b[32minfo\u001b[39m","message":"\u001b[32m🚀 Server is running on port 3002\u001b[39m","timestamp":"2026-01-11 19:26:09:269"}
{"level":"\u001b[32minfo\u001b[39m","message":"\u001b[32m📚 API Documentation: http://localhost:3002/api-docs\u001b[39m","timestamp":"2026-01-11 19:26:09:269"}
{"level":"\u001b[32minfo\u001b[39m","message":"\u001b[32m🔍 API v1: http://localhost:3002/api/v1\u001b[39m","timestamp":"2026-01-11 19:26:09:269"}
{"level":"\u001b[32minfo\u001b[39m","message":"\u001b[32m❤️  Health check: http://localhost:3002/health\u001b[39m","timestamp":"2026-01-11 19:26:09:269"}
{"level":"\u001b[37mdebug\u001b[39m","message":"\u001b[37mExecuting (default): SELECT 1+1 AS result\u001b[39m","timestamp":"2026-01-11 19:26:09:269"}
{"level":"\u001b[32minfo\u001b[39m","message":"\u001b[32m✅ Database connection established successfully\u001b[39m","timestamp":"2026-01-11 19:26:09:269"}
{"level":"\u001b[32minfo\u001b[39m","message":"\u001b[32m📊 Connected to: dev-cmdv@localhost\u001b[39m","timestamp":"2026-01-11 19:26:09:269"}
{"level":"\u001b[37mdebug\u001b[39m","message":"\u001b[37mExecuting (default): SELECT \"warehouses\".\"id\", \"warehouses\".\"code\", \"warehouses\".\"name\", \"warehouses\".\"location\", \"warehouses\".\"manager_id\", \"warehouses\".\"capacity_m3\", \"warehouses\".\"temperature_controlled\", \"warehouses\".\"is_active\", \"warehouses\".\"created_at\", \"manager\".\"id\" AS \"manager.id\", \"manager\".\"full_name\" AS \"manager.full_name\", \"manager\".\"email\" AS \"manager.email\" FROM \"inventory\".\"warehouses\" AS \"warehouses\" LEFT OUTER JOIN \"core\".\"users\" AS \"manager\" ON \"warehouses\".\"manager_id\" = \"manager\".\"id\" WHERE \"warehouses\".\"id\" = 'stock';\u001b[39m","timestamp":"2026-01-11 19:26:13:2613"}
{"level":"\u001b[31merror\u001b[39m","message":"\u001b[31mError finding warehouse by ID:SequelizeDatabaseError: invalid input syntax for type uuid: \"stock\"\u001b[39m","timestamp":"2026-01-11 19:26:13:2613"}
{"level":"\u001b[32minfo\u001b[39m","message":"\u001b[32m\u001b[0mGET /api/v1/inventory/warehouses/stock \u001b[33m404\u001b[0m 47.168 ms - 72\u001b[0m\u001b[39m","timestamp":"2026-01-11 19:26:13:2613"}
{"level":"\u001b[32minfo\u001b[39m","message":"\u001b[32m🚀 Server is running on port 3002\u001b[39m","timestamp":"2026-01-11 19:26:39:2639"}
{"level":"\u001b[32minfo\u001b[39m","message":"\u001b[32m📚 API Documentation: http://localhost:3002/api-docs\u001b[39m","timestamp":"2026-01-11 19:26:39:2639"}
{"level":"\u001b[32minfo\u001b[39m","message":"\u001b[32m🔍 API v1: http://localhost:3002/api/v1\u001b[39m","timestamp":"2026-01-11 19:26:39:2639"}
{"level":"\u001b[32minfo\u001b[39m","message":"\u001b[32m❤️  Health check: http://localhost:3002/health\u001b[39m","timestamp":"2026-01-11 19:26:39:2639"}
{"level":"\u001b[37mdebug\u001b[39m","message":"\u001b[37mExecuting (default): SELECT 1+1 AS result\u001b[39m","timestamp":"2026-01-11 19:26:39:2639"}
{"level":"\u001b[32minfo\u001b[39m","message":"\u001b[32m✅ Database connection established successfully\u001b[39m","timestamp":"2026-01-11 19:26:39:2639"}
{"level":"\u001b[32minfo\u001b[39m","message":"\u001b[32m📊 Connected to: dev-cmdv@localhost\u001b[39m","timestamp":"2026-01-11 19:26:39:2639"}
{"level":"\u001b[37mdebug\u001b[39m","message":"\u001b[37mExecuting (default): SELECT \"warehouses\".\"id\", \"warehouses\".\"code\", \"warehouses\".\"name\", \"warehouses\".\"location\", \"warehouses\".\"manager_id\", \"warehouses\".\"capacity_m3\", \"warehouses\".\"temperature_controlled\", \"warehouses\".\"is_active\", \"warehouses\".\"created_at\", \"manager\".\"id\" AS \"manager.id\", \"manager\".\"full_name\" AS \"manager.full_name\", \"manager\".\"email\" AS \"manager.email\" FROM \"inventory\".\"warehouses\" AS \"warehouses\" LEFT OUTER JOIN \"core\".\"users\" AS \"manager\" ON \"warehouses\".\"manager_id\" = \"manager\".\"id\" WHERE \"warehouses\".\"id\" = 'stock';\u001b[39m","timestamp":"2026-01-11 19:26:43:2643"}
{"level":"\u001b[31merror\u001b[39m","message":"\u001b[31mError finding warehouse by ID:SequelizeDatabaseError: invalid input syntax for type uuid: \"stock\"\u001b[39m","timestamp":"2026-01-11 19:26:43:2643"}
{"level":"\u001b[32minfo\u001b[39m","message":"\u001b[32m\u001b[0mGET /api/v1/inventory/warehouses/stock \u001b[33m404\u001b[0m 48.824 ms - 72\u001b[0m\u001b[39m","timestamp":"2026-01-11 19:26:43:2643"}
{"level":"\u001b[37mdebug\u001b[39m","message":"\u001b[37mExecuting (default): SELECT \"warehouses\".\"id\", \"warehouses\".\"code\", \"warehouses\".\"name\", \"warehouses\".\"location\", \"warehouses\".\"manager_id\", \"warehouses\".\"capacity_m3\", \"warehouses\".\"temperature_controlled\", \"warehouses\".\"is_active\", \"warehouses\".\"created_at\", \"manager\".\"id\" AS \"manager.id\", \"manager\".\"full_name\" AS \"manager.full_name\", \"manager\".\"email\" AS \"manager.email\" FROM \"inventory\".\"warehouses\" AS \"warehouses\" LEFT OUTER JOIN \"core\".\"users\" AS \"manager\" ON \"warehouses\".\"manager_id\" = \"manager\".\"id\" WHERE \"warehouses\".\"id\" = 'stock''';\u001b[39m","timestamp":"2026-01-11 19:27:16:2716"}
{"level":"\u001b[31merror\u001b[39m","message":"\u001b[31mError finding warehouse by ID:SequelizeDatabaseError: invalid input syntax for type uuid: \"stock'\"\u001b[39m","timestamp":"2026-01-11 19:27:16:2716"}
{"level":"\u001b[32minfo\u001b[39m","message":"\u001b[32m\u001b[0mGET /api/v1/inventory/warehouses/stock' \u001b[33m404\u001b[0m 34.221 ms - 72\u001b[0m\u001b[39m","timestamp":"2026-01-11 19:27:16:2716"}
{"level":"\u001b[37mdebug\u001b[39m","message":"\u001b[37mExecuting (default): SELECT \"warehouses\".\"id\", \"warehouses\".\"code\", \"warehouses\".\"name\", \"warehouses\".\"location\", \"warehouses\".\"manager_id\", \"warehouses\".\"capacity_m3\", \"warehouses\".\"temperature_controlled\", \"warehouses\".\"is_active\", \"warehouses\".\"created_at\", \"manager\".\"id\" AS \"manager.id\", \"manager\".\"full_name\" AS \"manager.full_name\", \"manager\".\"email\" AS \"manager.email\" FROM \"inventory\".\"warehouses\" AS \"warehouses\" LEFT OUTER JOIN \"core\".\"users\" AS \"manager\" ON \"warehouses\".\"manager_id\" = \"manager\".\"id\" WHERE \"warehouses\".\"id\" = 'stock''';\u001b[39m","timestamp":"2026-01-11 19:27:20:2720"}
{"level":"\u001b[31merror\u001b[39m","message":"\u001b[31mError finding warehouse by ID:SequelizeDatabaseError: invalid input syntax for type uuid: \"stock'\"\u001b[39m","timestamp":"2026-01-11 19:27:20:2720"}
{"level":"\u001b[32minfo\u001b[39m","message":"\u001b[32m\u001b[0mGET /api/v1/inventory/warehouses/stock' \u001b[33m404\u001b[0m 8.315 ms - 72\u001b[0m\u001b[39m","timestamp":"2026-01-11 19:27:20:2720"}
{"level":"\u001b[32minfo\u001b[39m","message":"\u001b[32m🚀 Server is running on port 3002\u001b[39m","timestamp":"2026-01-11 19:28:43:2843"}
{"level":"\u001b[32minfo\u001b[39m","message":"\u001b[32m📚 API Documentation: http://localhost:3002/api-docs\u001b[39m","timestamp":"2026-01-11 19:28:43:2843"}
{"level":"\u001b[32minfo\u001b[39m","message":"\u001b[32m🔍 API v1: http://localhost:3002/api/v1\u001b[39m","timestamp":"2026-01-11 19:28:43:2843"}
{"level":"\u001b[32minfo\u001b[39m","message":"\u001b[32m❤️  Health check: http://localhost:3002/health\u001b[39m","timestamp":"2026-01-11 19:28:43:2843"}
{"level":"\u001b[37mdebug\u001b[39m","message":"\u001b[37mExecuting (default): SELECT 1+1 AS result\u001b[39m","timestamp":"2026-01-11 19:28:43:2843"}
{"level":"\u001b[32minfo\u001b[39m","message":"\u001b[32m✅ Database connection established successfully\u001b[39m","timestamp":"2026-01-11 19:28:43:2843"}
{"level":"\u001b[32minfo\u001b[39m","message":"\u001b[32m📊 Connected to: dev-cmdv@localhost\u001b[39m","timestamp":"2026-01-11 19:28:43:2843"}
{"level":"\u001b[32minfo\u001b[39m","message":"\u001b[32m🚀 Server is running on port 3002\u001b[39m","timestamp":"2026-01-11 19:29:08:298"}
{"level":"\u001b[32minfo\u001b[39m","message":"\u001b[32m📚 API Documentation: http://localhost:3002/api-docs\u001b[39m","timestamp":"2026-01-11 19:29:08:298"}
{"level":"\u001b[32minfo\u001b[39m","message":"\u001b[32m🔍 API v1: http://localhost:3002/api/v1\u001b[39m","timestamp":"2026-01-11 19:29:08:298"}
{"level":"\u001b[32minfo\u001b[39m","message":"\u001b[32m❤️  Health check: http://localhost:3002/health\u001b[39m","timestamp":"2026-01-11 19:29:08:298"}
{"level":"\u001b[37mdebug\u001b[39m","message":"\u001b[37mExecuting (default): SELECT 1+1 AS result\u001b[39m","timestamp":"2026-01-11 19:29:08:298"}
{"level":"\u001b[32minfo\u001b[39m","message":"\u001b[32m✅ Database connection established successfully\u001b[39m","timestamp":"2026-01-11 19:29:08:298"}
{"level":"\u001b[32minfo\u001b[39m","message":"\u001b[32m📊 Connected to: dev-cmdv@localhost\u001b[39m","timestamp":"2026-01-11 19:29:08:298"}
{"level":"\u001b[37mdebug\u001b[39m","message":"\u001b[37mExecuting (default): SELECT \"warehouses\".\"id\", \"warehouses\".\"code\", \"warehouses\".\"name\", \"warehouses\".\"location\", \"warehouses\".\"manager_id\", \"warehouses\".\"capacity_m3\", \"warehouses\".\"temperature_controlled\", \"warehouses\".\"is_active\", \"warehouses\".\"created_at\", \"manager\".\"id\" AS \"manager.id\", \"manager\".\"full_name\" AS \"manager.full_name\", \"manager\".\"email\" AS \"manager.email\" FROM \"inventory\".\"warehouses\" AS \"warehouses\" LEFT OUTER JOIN \"core\".\"users\" AS \"manager\" ON \"warehouses\".\"manager_id\" = \"manager\".\"id\" WHERE \"warehouses\".\"id\" = 'stock''';\u001b[39m","timestamp":"2026-01-11 19:29:10:2910"}
{"level":"\u001b[31merror\u001b[39m","message":"\u001b[31mError finding warehouse by ID:SequelizeDatabaseError: invalid input syntax for type uuid: \"stock'\"\u001b[39m","timestamp":"2026-01-11 19:29:10:2910"}
{"level":"\u001b[32minfo\u001b[39m","message":"\u001b[32m\u001b[0mGET /api/v1/inventory/warehouses/stock' \u001b[33m404\u001b[0m 48.986 ms - 72\u001b[0m\u001b[39m","timestamp":"2026-01-11 19:29:10:2910"}
{"level":"\u001b[32minfo\u001b[39m","message":"\u001b[32m🚀 Server is running on port 3002\u001b[39m","timestamp":"2026-01-11 19:30:59:3059"}
{"level":"\u001b[32minfo\u001b[39m","message":"\u001b[32m📚 API Documentation: http://localhost:3002/api-docs\u001b[39m","timestamp":"2026-01-11 19:30:59:3059"}
{"level":"\u001b[32minfo\u001b[39m","message":"\u001b[32m🔍 API v1: http://localhost:3002/api/v1\u001b[39m","timestamp":"2026-01-11 19:30:59:3059"}
{"level":"\u001b[32minfo\u001b[39m","message":"\u001b[32m❤️  Health check: http://localhost:3002/health\u001b[39m","timestamp":"2026-01-11 19:30:59:3059"}
{"level":"\u001b[37mdebug\u001b[39m","message":"\u001b[37mExecuting (default): SELECT 1+1 AS result\u001b[39m","timestamp":"2026-01-11 19:30:59:3059"}
{"level":"\u001b[32minfo\u001b[39m","message":"\u001b[32m✅ Database connection established successfully\u001b[39m","timestamp":"2026-01-11 19:30:59:3059"}
{"level":"\u001b[32minfo\u001b[39m","message":"\u001b[32m📊 Connected to: dev-cmdv@localhost\u001b[39m","timestamp":"2026-01-11 19:30:59:3059"}
{"level":"\u001b[37mdebug\u001b[39m","message":"\u001b[37mExecuting (default): SELECT \"warehouses\".\"id\", \"warehouses\".\"code\", \"warehouses\".\"name\", \"warehouses\".\"location\", \"warehouses\".\"manager_id\", \"warehouses\".\"capacity_m3\", \"warehouses\".\"temperature_controlled\", \"warehouses\".\"is_active\", \"warehouses\".\"created_at\", \"manager\".\"id\" AS \"manager.id\", \"manager\".\"full_name\" AS \"manager.full_name\", \"manager\".\"email\" AS \"manager.email\" FROM \"inventory\".\"warehouses\" AS \"warehouses\" LEFT OUTER JOIN \"core\".\"users\" AS \"manager\" ON \"warehouses\".\"manager_id\" = \"manager\".\"id\" WHERE \"warehouses\".\"id\" = 'stock''';\u001b[39m","timestamp":"2026-01-11 19:31:03:313"}
{"level":"\u001b[31merror\u001b[39m","message":"\u001b[31mError finding warehouse by ID:SequelizeDatabaseError: invalid input syntax for type uuid: \"stock'\"\u001b[39m","timestamp":"2026-01-11 19:31:03:313"}
{"level":"\u001b[32minfo\u001b[39m","message":"\u001b[32m\u001b[0mGET /api/v1/inventory/warehouses/stock' \u001b[33m404\u001b[0m 50.854 ms - 72\u001b[0m\u001b[39m","timestamp":"2026-01-11 19:31:03:313"}
{"level":"\u001b[37mdebug\u001b[39m","message":"\u001b[37mExecuting (default): SELECT \"warehouses\".\"id\", \"warehouses\".\"code\", \"warehouses\".\"name\", \"warehouses\".\"location\", \"warehouses\".\"manager_id\", \"warehouses\".\"capacity_m3\", \"warehouses\".\"temperature_controlled\", \"warehouses\".\"is_active\", \"warehouses\".\"created_at\", \"manager\".\"id\" AS \"manager.id\", \"manager\".\"full_name\" AS \"manager.full_name\", \"manager\".\"email\" AS \"manager.email\" FROM \"inventory\".\"warehouses\" AS \"warehouses\" LEFT OUTER JOIN \"core\".\"users\" AS \"manager\" ON \"warehouses\".\"manager_id\" = \"manager\".\"id\" WHERE \"warehouses\".\"id\" = 'stock''';\u001b[39m","timestamp":"2026-01-11 19:31:13:3113"}
{"level":"\u001b[31merror\u001b[39m","message":"\u001b[31mError finding warehouse by ID:SequelizeDatabaseError: invalid input syntax for type uuid: \"stock'\"\u001b[39m","timestamp":"2026-01-11 19:31:13:3113"}
{"level":"\u001b[32minfo\u001b[39m","message":"\u001b[32m\u001b[0mGET /api/v1/inventory/warehouses/stock' \u001b[33m404\u001b[0m 12.028 ms - 72\u001b[0m\u001b[39m","timestamp":"2026-01-11 19:31:13:3113"}
{"level":"\u001b[32minfo\u001b[39m","message":"\u001b[32m🚀 Server is running on port 3002\u001b[39m","timestamp":"2026-01-11 19:31:52:3152"}
{"level":"\u001b[32minfo\u001b[39m","message":"\u001b[32m📚 API Documentation: http://localhost:3002/api-docs\u001b[39m","timestamp":"2026-01-11 19:31:52:3152"}
{"level":"\u001b[32minfo\u001b[39m","message":"\u001b[32m🔍 API v1: http://localhost:3002/api/v1\u001b[39m","timestamp":"2026-01-11 19:31:52:3152"}
{"level":"\u001b[32minfo\u001b[39m","message":"\u001b[32m❤️  Health check: http://localhost:3002/health\u001b[39m","timestamp":"2026-01-11 19:31:52:3152"}
{"level":"\u001b[37mdebug\u001b[39m","message":"\u001b[37mExecuting (default): SELECT 1+1 AS result\u001b[39m","timestamp":"2026-01-11 19:31:52:3152"}
{"level":"\u001b[32minfo\u001b[39m","message":"\u001b[32m✅ Database connection established successfully\u001b[39m","timestamp":"2026-01-11 19:31:52:3152"}
{"level":"\u001b[32minfo\u001b[39m","message":"\u001b[32m📊 Connected to: dev-cmdv@localhost\u001b[39m","timestamp":"2026-01-11 19:31:52:3152"}
{"level":"\u001b[37mdebug\u001b[39m","message":"\u001b[37mExecuting (default): SELECT \u001b[39m\n\u001b[37m                    warehouse_id, \u001b[39m\n\u001b[37m                    warehouse_name,\u001b[39m\n\u001b[37m                    warehouse_code,\u001b[39m\n\u001b[37m                    product_code,\u001b[39m\n\u001b[37m                    product_name,\u001b[39m\n\u001b[37m                    category,\u001b[39m\n\u001b[37m                    current_stock,\u001b[39m\n\u001b[37m                    reserved_quantity,\u001b[39m\n\u001b[37m                    available_quantity,\u001b[39m\n\u001b[37m                    minimum_stock,\u001b[39m\n\u001b[37m                    reorder_point,\u001b[39m\n\u001b[37m                    stock_level,\u001b[39m\n\u001b[37m                    unit_cost,\u001b[39m\n\u001b[37m                    total_value\u001b[39m\n\u001b[37m                FROM inventory.v_stock_status\u001b[39m\n\u001b[37m             WHERE warehouse_id = '43bbb488-92e2-47eb-8216-4010158feb19' ORDER BY warehouse_code, product_code\u001b[39m","timestamp":"2026-01-11 19:31:52:3152"}
{"level":"\u001b[32minfo\u001b[39m","message":"\u001b[32m\u001b[0mGET /api/v1/inventory/warehouses/43bbb488-92e2-47eb-8216-4010158feb19/stock \u001b[32m200\u001b[0m 21.521 ms - 488\u001b[0m\u001b[39m","timestamp":"2026-01-11 19:31:52:3152"}
{"level":"\u001b[37mdebug\u001b[39m","message":"\u001b[37mExecuting (default): SELECT \"warehouses\".\"id\", \"warehouses\".\"code\", \"warehouses\".\"name\", \"warehouses\".\"location\", \"warehouses\".\"manager_id\", \"warehouses\".\"capacity_m3\", \"warehouses\".\"temperature_controlled\", \"warehouses\".\"is_active\", \"warehouses\".\"created_at\", \"manager\".\"id\" AS \"manager.id\", \"manager\".\"full_name\" AS \"manager.full_name\", \"manager\".\"email\" AS \"manager.email\" FROM \"inventory\".\"warehouses\" AS \"warehouses\" LEFT OUTER JOIN \"core\".\"users\" AS \"manager\" ON \"warehouses\".\"manager_id\" = \"manager\".\"id\" WHERE \"warehouses\".\"id\" = 'stock';\u001b[39m","timestamp":"2026-01-11 19:31:58:3158"}
{"level":"\u001b[31merror\u001b[39m","message":"\u001b[31mError finding warehouse by ID:SequelizeDatabaseError: invalid input syntax for type uuid: \"stock\"\u001b[39m","timestamp":"2026-01-11 19:31:58:3158"}
{"level":"\u001b[32minfo\u001b[39m","message":"\u001b[32m\u001b[0mGET /api/v1/inventory/warehouses/stock \u001b[33m404\u001b[0m 35.069 ms - 72\u001b[0m\u001b[39m","timestamp":"2026-01-11 19:31:58:3158"}
{"level":"\u001b[32minfo\u001b[39m","message":"\u001b[32m🚀 Server is running on port 3002\u001b[39m","timestamp":"2026-01-11 19:32:54:3254"}
{"level":"\u001b[32minfo\u001b[39m","message":"\u001b[32m📚 API Documentation: http://localhost:3002/api-docs\u001b[39m","timestamp":"2026-01-11 19:32:54:3254"}
{"level":"\u001b[32minfo\u001b[39m","message":"\u001b[32m🔍 API v1: http://localhost:3002/api/v1\u001b[39m","timestamp":"2026-01-11 19:32:54:3254"}
{"level":"\u001b[32minfo\u001b[39m","message":"\u001b[32m❤️  Health check: http://localhost:3002/health\u001b[39m","timestamp":"2026-01-11 19:32:54:3254"}
{"level":"\u001b[37mdebug\u001b[39m","message":"\u001b[37mExecuting (default): SELECT 1+1 AS result\u001b[39m","timestamp":"2026-01-11 19:32:54:3254"}
{"level":"\u001b[32minfo\u001b[39m","message":"\u001b[32m✅ Database connection established successfully\u001b[39m","timestamp":"2026-01-11 19:32:54:3254"}
{"level":"\u001b[32minfo\u001b[39m","message":"\u001b[32m📊 Connected to: dev-cmdv@localhost\u001b[39m","timestamp":"2026-01-11 19:32:54:3254"}
{"level":"\u001b[37mdebug\u001b[39m","message":"\u001b[37mExecuting (default): SELECT \u001b[39m\n\u001b[37m                    warehouse_id, \u001b[39m\n\u001b[37m                    warehouse_name,\u001b[39m\n\u001b[37m                    warehouse_code,\u001b[39m\n\u001b[37m                    product_code,\u001b[39m\n\u001b[37m                    product_name,\u001b[39m\n\u001b[37m                    category,\u001b[39m\n\u001b[37m                    current_stock,\u001b[39m\n\u001b[37m                    reserved_quantity,\u001b[39m\n\u001b[37m                    available_quantity,\u001b[39m\n\u001b[37m                    minimum_stock,\u001b[39m\n\u001b[37m                    reorder_point,\u001b[39m\n\u001b[37m                    stock_level,\u001b[39m\n\u001b[37m                    unit_cost,\u001b[39m\n\u001b[37m                    total_value\u001b[39m\n\u001b[37m                FROM inventory.v_stock_status\u001b[39m\n\u001b[37m             ORDER BY warehouse_code, product_code\u001b[39m","timestamp":"2026-01-11 19:32:56:3256"}
{"level":"\u001b[32minfo\u001b[39m","message":"\u001b[32m\u001b[0mGET /api/v1/inventory/warehousesStock \u001b[32m200\u001b[0m 20.088 ms - 488\u001b[0m\u001b[39m","timestamp":"2026-01-11 19:32:56:3256"}
{"level":"\u001b[37mdebug\u001b[39m","message":"\u001b[37mExecuting (default): SELECT \u001b[39m\n\u001b[37m                    warehouse_id, \u001b[39m\n\u001b[37m                    warehouse_name,\u001b[39m\n\u001b[37m                    warehouse_code,\u001b[39m\n\u001b[37m                    product_code,\u001b[39m\n\u001b[37m                    product_name,\u001b[39m\n\u001b[37m                    category,\u001b[39m\n\u001b[37m                    current_stock,\u001b[39m\n\u001b[37m                    reserved_quantity,\u001b[39m\n\u001b[37m                    available_quantity,\u001b[39m\n\u001b[37m                    minimum_stock,\u001b[39m\n\u001b[37m                    reorder_point,\u001b[39m\n\u001b[37m                    stock_level,\u001b[39m\n\u001b[37m                    unit_cost,\u001b[39m\n\u001b[37m                    total_value\u001b[39m\n\u001b[37m                FROM inventory.v_stock_status\u001b[39m\n\u001b[37m             ORDER BY warehouse_code, product_code\u001b[39m","timestamp":"2026-01-11 19:34:44:3444"}
{"level":"\u001b[32minfo\u001b[39m","message":"\u001b[32m\u001b[0mGET /api/v1/inventory/warehousesStock \u001b[32m200\u001b[0m 42.362 ms - 488\u001b[0m\u001b[39m","timestamp":"2026-01-11 19:34:44:3444"}
{"level":"\u001b[32minfo\u001b[39m","message":"\u001b[32m🚀 Server is running on port 3002\u001b[39m","timestamp":"2026-01-11 20:26:08:268"}
{"level":"\u001b[32minfo\u001b[39m","message":"\u001b[32m📚 API Documentation: http://localhost:3002/api-docs\u001b[39m","timestamp":"2026-01-11 20:26:08:268"}
{"level":"\u001b[32minfo\u001b[39m","message":"\u001b[32m🔍 API v1: http://localhost:3002/api/v1\u001b[39m","timestamp":"2026-01-11 20:26:08:268"}
{"level":"\u001b[32minfo\u001b[39m","message":"\u001b[32m❤️  Health check: http://localhost:3002/health\u001b[39m","timestamp":"2026-01-11 20:26:08:268"}
{"level":"\u001b[37mdebug\u001b[39m","message":"\u001b[37mExecuting (default): SELECT 1+1 AS result\u001b[39m","timestamp":"2026-01-11 20:26:08:268"}
{"level":"\u001b[32minfo\u001b[39m","message":"\u001b[32m✅ Database connection established successfully\u001b[39m","timestamp":"2026-01-11 20:26:08:268"}
{"level":"\u001b[32minfo\u001b[39m","message":"\u001b[32m📊 Connected to: dev-cmdv@localhost\u001b[39m","timestamp":"2026-01-11 20:26:08:268"}
